min_dropbacks,rank,season,dropback_player_id,player,dropbacks,games,total_epa,epa_per_dropback,positive_epa_rate,sacks,scrambles,penalty_rows,identity_fallbacks,league_dropbacks,league_epa_per_dropback,epa_above_average_per_dropback,epa_above_average,schedule_adjustment_total,schedule_adjustment_per_dropback,opponent_adjusted_epa_per_dropback,opponent_adjusted_epa_above_average,pass_plus,resampling_dropbacks,resampled_rate_p025,resampled_rate_p975,pass_plus_resampled_p025,pass_plus_resampled_p975,reference_mean_adjusted_epa_db,reference_sd_player_rates,source_pass_plus_manifest
100,1,2017,00-0031345,J.Garoppolo,188,6,60.39788405966154,0.32126534074288055,0.5372340425531915,8,4,8,0,19356,0.005665880280425992,0.3155994604624546,59.33269856694146,3.784008350248939,0.020127703990685846,0.3413930447335664,63.1167069171904,125.4072614823213,188,0.27892690988340074,0.4411142106136694,120.67993051250451,132.95398991272612,0.005665880280425988,0.19820740894492533,data/metadata/20260915T175341400908Z/pass_plus_manifest.json
100,2,2017,00-0032950,C.Wentz,498,13,101.75488501310024,0.2043270783395587,0.4759036144578313,28,30,9,0,19356,0.005665880280425992,0.1986611980591327,98.93327663344809,4.849672884086777,0.009738298964029673,0.21406537730358838,103.78294951753486,115.77131991173971,498,0.08368908360970843,0.34807433971406165,105.9046634844232,125.91289053645659,0.005665880280425988,0.19820740894492533,data/metadata/20260915T175341400908Z/pass_plus_manifest.json
100,3,2017,00-0019596,T.Brady,622,16,137.74321200563813,0.22145210933382337,0.5016077170418006,35,6,9,0,19356,0.005665880280425992,0.21578622905339737,134.21903447121315,-5.416226695562561,-0.008707759960711513,0.21274434937311185,128.8028077756506,115.67134676208488,622,0.10475926595221512,0.3249424729003986,107.49921909069431,124.16231015173767,0.005665880280425988,0.19820740894492533,data/metadata/20260915T175341400908Z/pass_plus_manifest.json
100,4,2017,00-0023436,A.Smith,572,15,107.41035248481285,0.18778033651191056,0.4825174825174825,35,33,10,0,19356,0.005665880280425992,0.18211445623148456,104.16946896440918,-4.411366200139968,-0.00771217867157337,0.1800681578403372,99.75810276426921,113.19846809624342,572,0.031985622193434225,0.32910098043503994,101.99183335676832,124.47701893760829,0.005665880280425988,0.19820740894492533,data/metadata/20260915T175341400908Z/pass_plus_manifest.json
100,5,2017,00-0022942,P.Rivers,593,16,110.19312426912792,0.18582314379279583,0.4806070826306914,18,2,15,0,19356,0.005665880280425992,0.18015726351236983,106.8332572628353,-3.4703470930443574,-0.005852187340715611,0.17997095645208022,103.36291016979095,113.191112060303,593,0.047134021407128295,0.3236167220295701,103.13823847560296,124.0619795779802,0.005665880280425988,0.19820740894492533,data/metadata/20260915T175341400908Z/pass_plus_manifest.json
100,6,2017,00-0033106,J.Goff,510,15,80.31144865146763,0.1574734287283679,0.45098039215686275,25,10,5,0,19356,0.005665880280425992,0.1518075484479419,77.42184970845037,5.173552969883832,0.01014422150957614,0.16761765023794403,82.5954026783342,112.25623483145263,510,0.03222359923181731,0.32400901274622834,102.00984305476473,124.09166747300489,0.005665880280425988,0.19820740894492533,data/metadata/20260915T175341400908Z/pass_plus_manifest.json
100,7,2017,00-0033537,D.Watson,240,7,40.565038295649,0.1690209928985375,0.4791666666666667,19,19,4,0,19356,0.005665880280425992,0.1633551126181115,39.20522702834676,-0.6655531277835848,-0.002773138032431603,0.1662478548661059,38.53967390056318,112.15257104468026,240,-0.08322047965439945,0.3746014190032555,93.27323127768217,127.92041483363596,0.005665880280425988,0.19820740894492533,data/metadata/20260915T175341400908Z/pass_plus_manifest.json
100,8,2017,00-0022924,B.Roethlisberger,589,15,89.28733463321483,0.1515914000563919,0.499151103565365,21,10,9,0,19356,0.005665880280425992,0.1459255197759659,85.95013114804392,1.466638337223712,0.002490048110736353,0.15408144816712827,87.41676948526764,111.23183805363766,589,0.04107673995858753,0.24970108615448994,102.67983370551003,118.46816982067551,0.005665880280425988,0.19820740894492533,data/metadata/20260915T175341400908Z/pass_plus_manifest.json
100,9,2017,00-0020531,D.Brees,558,16,86.2590147924858,0.15458604801520753,0.496415770609319,20,5,6,0,19356,0.005665880280425992,0.14892016773478153,83.0974535960081,-0.931950344027008,-0.0016701619068584374,0.1529158861083491,82.1655032519811,111.143630297052,558,0.046483489775732786,0.25540252181085804,103.08900734684306,118.89964478571723,0.005665880280425988,0.19820740894492533,data/metadata/20260915T175341400908Z/pass_plus_manifest.json
100,10,2017,00-0026143,M.Ryan,567,16,86.3780429307491,0.1523422273910919,0.49559082892416223,24,17,6,0,19356,0.005665880280425992,0.1466763471106659,83.16548881174757,-1.8358724545245062,-0.0032378702901666775,0.14910435710092523,81.32961635722306,110.85518025668422,567,0.0383728140096219,0.26291118040524075,102.47520518304268,119.4678873126504,0.005665880280425988,0.19820740894492533,data/metadata/20260915T175341400908Z/pass_plus_manifest.json
100,11,2017,00-0028986,C.Keenum,522,15,66.21212223120835,0.1268431460367976,0.47509578544061304,22,19,9,0,19356,0.005665880280425992,0.12117726575637162,63.254532724825985,-0.34465571603662515,-0.0006602599924073278,0.1261828860443903,62.90987700878936,109.1205222654506,522,-0.008100235548986782,0.2730541480586113,98.95820373950518,120.23548987408056,0.005665880280425988,0.19820740894492533,data/metadata/20260915T175341400908Z/pass_plus_manifest.json
100,12,2017,00-0023459,A.Rodgers,275,7,30.761076316578254,0.11185845933301183,0.49818181818181817,22,16,7,0,19356,0.005665880280425992,0.10619257905258585,29.202959239461105,3.3528221993244594,0.012192080724816215,0.12405054005782805,32.555781438785566,108.95914994355459,275,0.012327988959707612,0.25668709136958767,100.50417706745257,118.99685882773268,0.005665880280425988,0.19820740894492533,data/metadata/20260915T175341400908Z/pass_plus_manifest.json
100,13,2017,00-0031503,J.Winston,495,13,41.790160613991134,0.08442456689695178,0.509090909090909,33,23,8,0,19356,0.005665880280425992,0.0787586866165258,38.98554987518027,4.954654330641516,0.010009402688164679,0.09443396958511646,43.940204205821786,106.7178182019439,495,-0.029935096640311448,0.21144431608677206,97.30577854453743,115.57296245143321,0.005665880280425988,0.19820740894492533,data/metadata/20260915T175341400908Z/pass_plus_manifest.json
100,14,2017,00-0026498,M.Stafford,629,16,39.56135359757686,0.06289563370044016,0.4562798092209857,47,17,8,0,19356,0.005665880280425992,0.057229753420014164,35.997514901188914,5.5887995504109655,0.008885213911623157,0.07178084761206331,41.58631445159988,105.0034684134846,629,-0.06094649867264129,0.22679714556373773,94.9588883199939,116.73483850531208,0.005665880280425988,0.19820740894492533,data/metadata/20260915T175341400908Z/pass_plus_manifest.json
100,15,2017,00-0029263,R.Wilson,645,16,43.2427592978866,0.06704303767114202,0.462015503875969,43,53,17,0,19356,0.005665880280425992,0.061377157390716024,39.58826651701183,-0.7569621827587947,-0.0011735847794709995,0.06586945289167102,38.83130433425303,104.55610410314985,645,-0.05411878691265937,0.17081582112935623,95.47559794727219,112.4982669715555,0.005665880280425988,0.19820740894492533,data/metadata/20260915T175341400908Z/pass_plus_manifest.json
100,16,2017,00-0031407,B.Bortles,570,16,37.51422856605333,0.06581443608079532,0.45789473684210524,24,24,12,0,19356,0.005665880280425992,0.060148555800369326,34.28467680621052,-3.766642430055922,-0.006608144614133196,0.05920629146666212,30.5180343761546,104.05184736568901,570,-0.09576688215522777,0.23449061518279884,92.32374084988128,117.31706721664136,0.005665880280425988,0.19820740894492533,data/metadata/20260915T175341400908Z/pass_plus_manifest.json
100,17,2017,00-0021206,J.McCown,445,13,20.59488341657055,0.04628063689116978,0.451685393258427,39,14,8,0,19356,0.005665880280425992,0.040614756610743784,18.073566691780982,-3.4593926522313936,-0.007773916072430098,0.03850672081873968,14.614174039549589,102.48533902287974,445,-0.10285817399944866,0.1846233985577505,91.78708392958993,113.54320097542748,0.005665880280425988,0.19820740894492533,data/metadata/20260915T175341400908Z/pass_plus_manifest.json
100,18,2017,00-0023682,R.Fitzpatrick,180,6,6.301956010791773,0.035010866726620966,0.46111111111111114,7,10,4,0,19356,0.005665880280425992,0.029344986446194973,5.282097560315095,0.4053097316217313,0.0022517207312318403,0.037262587457852804,5.687407291936826,102.3911851236252,180,-0.21567132381618173,0.18882842529883054,83.24957639514051,113.86143025581592,0.005665880280425988,0.19820740894492533,data/metadata/20260915T175341400908Z/pass_plus_manifest.json
100,19,2017,00-0028118,T.Taylor,506,15,20.148580788835716,0.03981932962220497,0.42292490118577075,46,40,12,0,19356,0.005665880280425992,0.034153449341778976,17.281645366940165,-4.8482306616094535,-0.009581483520967299,0.03023784610123767,12.433414705330712,101.85956463118183,506,-0.08889820103656794,0.14829976695376548,92.84355096862677,110.79429024116139,0.005665880280425988,0.19820740894492533,data/metadata/20260915T175341400908Z/pass_plus_manifest.json
100,20,2017,00-0027939,C.Newton,556,16,12.487611400783075,0.02245973273522136,0.43345323741007197,35,31,5,0,19356,0.005665880280425992,0.016793852454795366,9.337381964866225,0.8120128230840922,0.0014604547177771443,0.023920187452998502,10.149394787950317,101.3814549569369,556,-0.1267403916292266,0.187084691845414,89.97971826978147,113.72946747026478,0.005665880280425988,0.19820740894492533,data/metadata/20260915T175341400908Z/pass_plus_manifest.json
100,21,2017,00-0029604,K.Cousins,604,16,6.629619877272887,0.010976191849789547,0.44867549668874174,41,23,11,0,19356,0.005665880280425992,0.005310311569363555,3.2074281878955877,2.8017797905398556,0.0046387082624832045,0.015614900112272751,6.009207978435443,100.75292491977012,604,-0.1276855404238558,0.15829744753911282,89.90819101459508,111.55089772409298,0.005665880280425988,0.19820740894492533,data/metadata/20260915T175341400908Z/pass_plus_manifest.json
100,22,2017,00-0031280,D.Carr,544,15,-2.081771549096741,-0.003826785935839597,0.4319852941176471,20,9,13,0,19356,0.005665880280425992,-0.009492666216265589,-5.164010421648481,-1.0474973756600687,-0.00192554664643395,-0.005752332582273547,-6.211507797308549,99.13588904747711,544,-0.170811770034075,0.16319102935145396,86.6444712192718,111.92123568257722,0.005665880280425988,0.19820740894492533,data/metadata/20260915T175341400908Z/pass_plus_manifest.json
100,23,2017,00-0032268,M.Mariota,501,15,-13.04414180332061,-0.026036211184272674,0.437125748502994,27,22,9,0,19356,0.005665880280425992,-0.03170209146469866,-15.882747823814032,-0.1400590652835838,-0.00027955901254208344,-0.026315770196814758,-16.022806889097616,97.5796830213753,501,-0.11523177828350992,0.06124122888348111,90.85067057728939,104.20584797250169,0.005665880280425988,0.19820740894492533,data/metadata/20260915T175341400908Z/pass_plus_manifest.json
100,24,2017,00-0033077,D.Prescott,552,16,-17.364624514324973,-0.03145765310566118,0.4329710144927536,32,32,4,0,19356,0.005665880280425992,-0.037123533386087176,-20.49219042912012,-0.08187927160542596,-0.0001483320137779456,-0.03160598511943913,-20.57406970072555,97.17932854289354,552,-0.20675273453037404,0.14996070886436078,83.92452008165168,110.91998750339567,0.005665880280425988,0.19820740894492533,data/metadata/20260915T175341400908Z/pass_plus_manifest.json
100,25,2017,00-0021429,C.Palmer,290,7,-17.149788699920492,-0.05913720241351894,0.43448275862068964,22,1,4,0,19356,0.005665880280425992,-0.06480308269394493,-18.79289398124403,-2.9230384467182384,-0.010079442919718063,-0.069216645333237,-21.71593242796227,94.3330176698034,290,-0.127445106270144,-0.014608143550979714,89.92638666290547,98.46569631735821,0.005665880280425988,0.19820740894492533,data/metadata/20260915T175341400908Z/pass_plus_manifest.json
100,26,2017,00-0033119,J.Brissett,558,16,-45.71843504841408,-0.08193267929823311,0.3978494623655914,52,40,9,0,19356,0.005665880280425992,-0.0875985595786591,-48.879996244891785,3.405710913463687,0.006103424576099798,-0.07582925472213331,-45.4742853314281,93.83258662455924,558,-0.14177141059280993,-0.00475024962413491,88.84219628887308,99.21172498343981,0.005665880280425988,0.19820740894492533,data/metadata/20260915T175341400908Z/pass_plus_manifest.json
100,27,2017,00-0027973,A.Dalton,545,16,-42.87063929918327,-0.07866172348473995,0.4091743119266055,39,11,10,0,19356,0.005665880280425992,-0.08432760376516593,-45.958544052015434,-2.32570463682451,-0.0042673479574761655,-0.08292907144221612,-48.284248688839945,93.29528455614447,545,-0.2468300148639125,0.06496124017014102,80.8915395881217,104.48737210722969,0.005665880280425988,0.19820740894492533,data/metadata/20260915T175341400908Z/pass_plus_manifest.json
100,28,2017,00-0022803,E.Manning,608,15,-58.72597830470636,-0.09658878010642494,0.43585526315789475,32,5,12,0,19356,0.005665880280425992,-0.10225466038685092,-62.17083351520536,4.251861199719005,0.006993192762695732,-0.0895955873437292,-57.91897231548636,92.79077395760028,608,-0.22282241144688936,0.0362226657642084,82.70839423130717,102.31248561643876,0.005665880280425988,0.19820740894492533,data/metadata/20260915T175341400908Z/pass_plus_manifest.json
100,29,2017,00-0033869,M.Trubisky,380,12,-37.40414667986182,-0.09843196494700478,0.3973684210526316,31,20,10,0,19356,0.005665880280425992,-0.10409784522743076,-39.5571811864237,2.8262752540259495,0.007437566457963025,-0.09099439848904176,-36.73090593239775,92.6849143063825,380,-0.21985155967268105,0.043240496489926304,82.93322324678311,102.84358312407542,0.005665880280425988,0.19820740894492533,data/metadata/20260915T175341400908Z/pass_plus_manifest.json
100,30,2017,00-0024226,J.Cutler,455,14,-42.5162460952361,-0.09344229911040901,0.4197802197802198,20,6,16,0,19356,0.005665880280425992,-0.099108179390835,-45.09422162282993,-2.252728882274464,-0.0049510524885153055,-0.09839335159892432,-47.34695050510439,92.12497410415183,455,-0.24831912781816273,0.035622704369942096,80.7788460494056,102.26708155731757,0.005665880280425988,0.19820740894492533,data/metadata/20260915T175341400908Z/pass_plus_manifest.json
100,31,2017,00-0026158,J.Flacco,579,16,-55.04462715724735,-0.09506844068609213,0.4162348877374784,27,6,8,0,19356,0.005665880280425992,-0.10073432096651812,-58.325171839614,-2.230704390860488,-0.0038526846128851266,-0.09892112529897726,-60.55587623047449,92.08503308709835,579,-0.2544801045490922,0.044312816715237534,80.31259379649602,102.92473449710072,0.005665880280425988,0.19820740894492533,data/metadata/20260915T175341400908Z/pass_plus_manifest.json
100,32,2017,00-0029682,B.Osweiler,190,6,-20.340547045067954,-0.10705551076351555,0.37894736842105264,10,10,3,0,19356,0.005665880280425992,-0.11272139104394154,-21.417064298348894,0.07223814754622815,0.00038020077655909554,-0.10667530998695646,-21.344826150802668,91.49820956249435,190,-0.3467825647742824,0.2847076753306445,73.32730040737471,121.11740902135656,0.005665880280425988,0.19820740894492533,data/metadata/20260915T175341400908Z/pass_plus_manifest.json
100,33,2017,00-0026625,B.Hoyer,228,8,-27.315075943360302,-0.11980296466386098,0.38596491228070173,16,1,3,0,19356,0.005665880280425992,-0.12546884494428698,-28.60689664729743,2.4378681146806507,0.01069240401175724,-0.10911056065210374,-26.169028532616778,91.31391392908864,228,-0.39459706846959686,0.10795095146054763,69.70877999359438,107.74076042802287,0.005665880280425988,0.19820740894492533,data/metadata/20260915T175341400908Z/pass_plus_manifest.json
100,34,2017,00-0025430,D.Stanton,167,5,-22.645156451487267,-0.13559973923046267,0.3652694610778443,7,1,0,0,19356,0.005665880280425992,-0.14126561951088867,-23.591358458318407,2.417317709611895,0.014474956344981409,-0.12112478288548126,-21.17404074870651,90.40469799987615,167,-0.30410425730331203,-0.012310612835358553,76.55712221611665,98.6395695389384,0.005665880280425988,0.19820740894492533,data/metadata/20260915T175341400908Z/pass_plus_manifest.json
100,35,2017,00-0032156,T.Siemian,406,11,-53.20905136642753,-0.13105677676459984,0.4014778325123153,33,24,2,0,19356,0.005665880280425992,-0.13672265704502584,-55.50939876028048,-7.277611712083596,-0.0179251520002059,-0.14898192876480573,-62.78701047236408,88.29651652263392,406,-0.31588762355514427,0.025457642754371543,75.6653770754161,101.4978069623607,0.005665880280425988,0.19820740894492533,data/metadata/20260915T175341400908Z/pass_plus_manifest.json
100,36,2017,00-0031589,B.Hundley,366,11,-58.759835894020824,-0.16054599971043942,0.40437158469945356,29,21,10,0,19356,0.005665880280425992,-0.16621187999086542,-60.83354807665674,3.881168247249554,0.010604284828550694,-0.14994171488188873,-56.952379829407185,88.22388153974967,366,-0.35359680944906796,0.07718051355503577,72.81160994622658,105.4121059592541,0.005665880280425988,0.19820740894492533,data/metadata/20260915T175341400908Z/pass_plus_manifest.json
100,37,2017,00-0025708,M.Moore,140,4,-20.17096486064178,-0.14407832043315558,0.40714285714285714,12,2,2,0,19356,0.005665880280425992,-0.14974420071358158,-20.96418809990142,-2.372363345678672,-0.01694545246913337,-0.16102377290228895,-23.336551445580092,87.38521021464197,140,-0.5481421018738303,0.3404148571613958,58.088752703376024,125.33323390857588,0.005665880280425988,0.19820740894492533,data/metadata/20260915T175341400908Z/pass_plus_manifest.json
100,38,2017,00-0033936,C.Beathard,254,6,-49.23751685349909,-0.193848491549209,0.38976377952755903,19,12,3,0,19356,0.005665880280425992,-0.199514371829635,-50.67665044472729,5.4132540065588906,0.021312023647869646,-0.17253646790133936,-45.2633964381684,86.51394901454354,254,-0.36456357231371694,0.12581153855581215,71.9816639626461,109.09241931834927,0.005665880280425988,0.19820740894492533,data/metadata/20260915T175341400908Z/pass_plus_manifest.json
100,39,2017,00-0029567,N.Foles,106,6,-16.765180207660602,-0.1581620774307604,0.37735849056603776,5,0,0,0,19356,0.005665880280425992,-0.1638279577111864,-17.36576351738576,-2.9410867768792004,-0.027746101668671704,-0.1859081790994321,-20.306850294264958,85.50200062654396,106,-0.5673598957252916,0.19156923180007937,56.63438271132382,114.06884983582847,0.005665880280425988,0.19820740894492533,data/metadata/20260915T175341400908Z/pass_plus_manifest.json
100,40,2017,00-0033899,D.Kizer,558,15,-114.09525850450014,-0.20447178943458805,0.35663082437275984,38,45,11,0,19356,0.005665880280425992,-0.21013766971501405,-117.25681970097784,4.798191114005953,0.008598908806462281,-0.19587288062812577,-112.45862858697188,84.74788894259608,558,-0.32925809621935026,-0.0624216346406139,74.6535224175571,94.84725253585559,0.005665880280425988,0.19820740894492533,data/metadata/20260915T175341400908Z/pass_plus_manifest.json
100,41,2017,00-0031064,T.Savage,245,8,-49.35567426553748,-0.20145173169607136,0.3877551020408163,21,2,6,0,19356,0.005665880280425992,-0.20711761197649736,-50.74381493424185,-0.6951660422163756,-0.002837412417209696,-0.20428914411328106,-51.438980976458225,84.1109604193419,245,-0.4985776792299057,0.007011059742975986,61.83970401047601,100.10180089657423,0.005665880280425988,0.19820740894492533,data/metadata/20260915T175341400908Z/pass_plus_manifest.json
100,42,2017,00-0030520,M.Glennon,149,4,-28.036476888436294,-0.18816427441903552,0.3959731543624161,8,1,2,0,19356,0.005665880280425992,-0.19383015469946152,-28.880693050219765,-3.451190131289442,-0.023162349874425784,-0.2113266242934613,-32.331883181509205,83.57837587437146,149,-0.2948007147872518,-0.17205399633809196,77.26119850914606,86.55046164284153,0.005665880280425988,0.19820740894492533,data/metadata/20260915T175341400908Z/pass_plus_manifest.json
100,43,2017,00-0031568,B.Petty,126,4,-29.70375572904503,-0.23574409308765898,0.36507936507936506,8,6,3,0,19356,0.005665880280425992,-0.24140997336808498,-30.417656644378706,0.5637360386724901,0.004474095545019763,-0.23126999754263922,-29.853920605706215,82.06909526609311,126,-0.4432336153883387,-0.12036049598161981,66.02804874512807,90.46253793441213,0.005665880280425988,0.19820740894492533,data/metadata/20260915T175341400908Z/pass_plus_manifest.json
100,44,2017,00-0028090,T.Yates,115,4,-26.121879817070532,-0.22714678101800462,0.3565217391304348,13,5,0,0,19356,0.005665880280425992,-0.23281266129843062,-26.77345604931952,-1.2440762941008505,-0.010818054731311744,-0.23796483574931637,-28.01753234342037,81.56244128360723,115,-0.500521037617507,0.0011767456852060736,61.69263394902276,99.66026991984437,0.005665880280425988,0.19820740894492533,data/metadata/20260915T175341400908Z/pass_plus_manifest.json
100,45,2017,00-0027948,B.Gabbert,207,5,-54.478998889458495,-0.2631835695142922,0.37681159420289856,23,14,2,0,19356,0.005665880280425992,-0.2688494497947182,-55.651836107506675,1.8461192248544789,0.00891845036161584,-0.2542651191526764,-53.8057168826522,80.32886352608587,207,-0.3978207099723087,-0.09765902007671393,69.4648202808971,92.1805470662918,0.005665880280425988,0.19820740894492533,data/metadata/20260915T175341400908Z/pass_plus_manifest.json
100,1,2018,00-0033873,P.Mahomes,633,16,227.56737504000847,0.3595061217061745,0.5229067930489731,26,28,24,0,19669,0.056297614668360245,0.30320850703781427,191.93098495493643,3.279534087391061,0.00518093852668414,0.3646870602328587,195.2105190423275,121.58159294459446,633,0.2853687169050115,0.46273184287298597,116.03076679486111,128.4429256513843,0.05629761466836027,0.21434199483528435,data/metadata/20260915T175343345511Z/pass_plus_manifest.json
100,2,2018,00-0020531,D.Brees,510,15,145.64495959630452,0.2855783521496167,0.5588235294117647,17,4,11,0,19669,0.056297614668360245,0.22928073748125644,116.93317611544079,0.28532170457006045,0.000559454322686393,0.2861378064723031,117.21849782001085,116.08458892858829,510,0.11456812834283338,0.4622716543224626,104.0778649363079,128.4107209111832,0.05629761466836027,0.21434199483528435,data/metadata/20260915T175343345511Z/pass_plus_manifest.json
100,3,2018,00-0022942,P.Rivers,545,16,121.74126488126754,0.22337846767205052,0.5064220183486239,32,5,8,0,19669,0.056297614668360245,0.16708085300369027,91.0590648870112,0.07667214872144745,0.00014068284169072926,0.22351915051374124,91.13573703573265,111.70243395191076,545,0.07613661771652618,0.3550500599201735,101.38836556947776,120.90718005223819,0.05629761466836027,0.21434199483528435,data/metadata/20260915T175343345511Z/pass_plus_manifest.json
100,4,2018,00-0033106,J.Goff,612,16,118.33803940116023,0.19336280947902,0.5081699346405228,33,20,8,0,19669,0.056297614668360245,0.13706519481065974,83.88389922412375,2.9079755895653956,0.004751594100597052,0.19811440357961704,86.79187481368915,109.92456860963519,612,0.052063467097079354,0.34840104937826394,99.70368749428678,120.44187152412971,0.05629761466836027,0.21434199483528435,data/metadata/20260915T175343345511Z/pass_plus_manifest.json
100,5,2018,00-0022924,B.Roethlisberger,708,16,132.31729358377106,0.18688883274543935,0.4985875706214689,24,12,13,0,19669,0.056297614668360245,0.1305912180770791,92.458582398572,4.098386234682718,0.005788681122433218,0.19267751386787257,96.55696863325473,109.54408626067301,708,0.07193549746076101,0.33141812068012017,101.09436436880355,119.25337866407249,0.05629761466836027,0.21434199483528435,data/metadata/20260915T175343345511Z/pass_plus_manifest.json
100,6,2018,00-0026143,M.Ryan,666,16,117.93066693370383,0.17707307347402979,0.512012012012012,42,17,10,0,19669,0.056297614668360245,0.12077545880566953,80.43645556457591,-3.0088917225390968,-0.004517855439247893,0.17255521803478188,77.42756384203682,108.135895403215,666,0.05230302215317733,0.2888425086250946,99.72045194515526,116.27386836644669,0.05629761466836027,0.21434199483528435,data/metadata/20260915T175343345511Z/pass_plus_manifest.json
100,7,2018,00-0029263,R.Wilson,499,16,85.68150419707808,0.17170642123662944,0.4729458917835671,51,29,18,0,19669,0.056297614668360245,0.11540880656826918,57.58899447756632,-0.6336346454510713,-0.0012698089087195817,0.17043661232790985,56.95535983211524,107.98763194402913,499,0.01750764556057747,0.3246397855202188,97.28541512798797,118.77901978971073,0.05629761466836027,0.21434199483528435,data/metadata/20260915T175343345511Z/pass_plus_manifest.json
100,8,2018,00-0023682,R.Fitzpatrick,283,8,47.07578827408998,0.16634554160455822,0.5017667844522968,14,23,9,0,19669,0.056297614668360245,0.11004792693619797,31.143563322944033,0.726830707449699,0.002568306386748053,0.16891384799130627,31.870394030393733,107.88106642910702,283,-0.04492003203542379,0.44482578145263096,92.91662512647835,127.18983046809214,0.05629761466836027,0.21434199483528435,data/metadata/20260915T175343345511Z/pass_plus_manifest.json
100,9,2018,00-0019596,T.Brady,594,16,89.89089284390145,0.15133146943417752,0.5134680134680135,21,5,7,0,19669,0.056297614668360245,0.09503385476581727,56.45010973089547,1.7008523526353994,0.002863387799049494,0.154194857233227,58.15096208353087,106.8510076133306,594,0.01879533103097237,0.2674123473541307,97.3755294430608,114.77415096710325,0.05629761466836027,0.21434199483528435,data/metadata/20260915T175343345511Z/pass_plus_manifest.json
100,10,2018,00-0033869,M.Trubisky,493,14,71.55504261787542,0.14514207427560935,0.48884381338742394,24,36,6,0,19669,0.056297614668360245,0.0888444596072491,43.80031858637382,-1.1749696153970035,-0.0023833055079046724,0.14275876876770469,42.625348970976816,106.05069161778964,493,0.0013511261670765108,0.3067730486112463,96.15475572972703,117.52867659942486,0.05629761466836027,0.21434199483528435,data/metadata/20260915T175343345511Z/pass_plus_manifest.json
100,11,2018,00-0029668,A.Luck,676,16,95.03378133932615,0.14058251677415112,0.5059171597633136,18,21,13,0,19669,0.056297614668360245,0.08428490210579087,56.97659382351463,-0.021296767399670402,-0.00003150409378649468,0.14055101268036463,56.95529705611496,105.89618927056856,676,0.03007627174820926,0.26841036429181736,98.16498794786098,114.8439938090382,0.05629761466836027,0.21434199483528435,data/metadata/20260915T175343345511Z/pass_plus_manifest.json
100,12,2018,00-0031503,J.Winston,440,11,62.12153886107468,0.14118531559335154,0.5,27,36,11,0,19669,0.056297614668360245,0.08488770092499129,37.350588406996174,-2.114993289796253,-0.00480680293135512,0.1363785126619964,35.23559511719992,105.60419096046783,440,0.0049965947337617,0.28522027271712685,96.4098715251282,116.02037843013593,0.05629761466836027,0.21434199483528435,data/metadata/20260915T175343345511Z/pass_plus_manifest.json
100,13,2018,00-0023459,A.Rodgers,677,16,75.5808557154709,0.11164085039212837,0.465288035450517,49,33,9,0,19669,0.056297614668360245,0.055343235723768126,37.467370584991016,8.107930659606902,0.011976263898976222,0.1236171142911046,45.57530124459792,104.71112763094867,677,0.04908200666859852,0.18855218636024912,99.49504006398932,109.2553891592865,0.05629761466836027,0.21434199483528435,data/metadata/20260915T175343345511Z/pass_plus_manifest.json
100,14,2018,00-0033537,D.Watson,619,16,70.21507913774101,0.11343308422898386,0.4894991922455573,62,58,7,0,19669,0.056297614668360245,0.05713546956062362,35.366855658026026,2.23091863917032,0.0036040688839585142,0.11703715311294238,37.597774297196345,104.25065128916468,619,0.008659257844181903,0.21647338116095804,96.66619062255249,111.20935959952843,0.05629761466836027,0.21434199483528435,data/metadata/20260915T175343345511Z/pass_plus_manifest.json
100,15,2018,00-0033319,N.Mullens,288,8,30.729899975592094,0.106701041581917,0.4652777777777778,17,1,6,0,19669,0.056297614668360245,0.05040342691355675,14.516186951104345,-0.40269690375581035,-0.0013982531380410082,0.10530278844387599,14.113490047348535,103.42946144173764,288,-0.04224848273574975,0.28167502443521963,93.10358447397302,115.77227621260515,0.05629761466836027,0.21434199483528435,data/metadata/20260915T175343345511Z/pass_plus_manifest.json
100,16,2018,00-0032950,C.Wentz,446,11,39.37635166931369,0.0882877840119141,0.5,31,16,8,0,19669,0.056297614668360245,0.03199016934355386,14.267615527225022,-0.40289500922074784,-0.0009033520386115422,0.08738443197330256,13.864720518004274,102.1755058309151,446,-0.06830425157394196,0.23495813235259,91.28015956429431,112.50295243040394,0.05629761466836027,0.21434199483528435,data/metadata/20260915T175343345511Z/pass_plus_manifest.json
100,17,2018,00-0029567,N.Foles,204,5,18.075983196400458,0.08860776076666892,0.45098039215686275,9,2,4,0,19669,0.056297614668360245,0.03231014609830867,6.591269804054967,-0.6353554897772133,-0.0031144876949863397,0.08549327307168257,5.955914314277754,102.04315946758999,204,-0.15890414307128234,0.3048414598090623,84.93983239926789,117.39350088616797,0.05629761466836027,0.21434199483528435,data/metadata/20260915T175343345511Z/pass_plus_manifest.json
100,18,2018,00-0027973,A.Dalton,395,11,26.435326648635726,0.06692487759148286,0.4759493670886076,21,12,4,0,19669,0.056297614668360245,0.010627262923122612,4.197768854633431,-0.21334697360635246,-0.0005401189205224112,0.06638475867096044,3.984421881027078,100.70591467694084,395,-0.09331230424003238,0.1931448472050126,89.53005552948011,109.57679100461499,0.05629761466836027,0.21434199483528435,data/metadata/20260915T175343345511Z/pass_plus_manifest.json
100,19,2018,00-0027939,C.Newton,523,14,36.265424190317646,0.0693411552396131,0.4875717017208413,29,26,8,0,19669,0.056297614668360245,0.01304354057125285,6.821771718765238,-3.039402439044919,-0.005811476938900419,0.06352967830071268,3.7823692797203186,100.50611152783499,523,-0.04533817635113316,0.1703206933570228,92.88736270993482,107.97951974667535,0.05629761466836027,0.21434199483528435,data/metadata/20260915T175343345511Z/pass_plus_manifest.json
100,20,2018,00-0034855,B.Mayfield,525,14,34.43300347603078,0.06558667328767767,0.46095238095238095,25,17,6,0,19669,0.056297614668360245,0.009289058619317427,4.87675577514165,-3.274860018728389,-0.0062378286071016935,0.059348844680575975,1.6018957564132608,100.21353001878333,525,-0.10261536201543016,0.2447562388230834,88.87901247681931,113.18863979265109,0.05629761466836027,0.21434199483528435,data/metadata/20260915T175343345511Z/pass_plus_manifest.json
100,21,2018,00-0032268,M.Mariota,407,14,19.307320803981842,0.04743813465351804,0.4668304668304668,42,34,6,0,19669,0.056297614668360245,-0.008859480014842207,-3.6058083660407796,1.809844740852212,0.00444679297506686,0.0518849276285849,-1.7959636251885676,99.69119301307475,407,-0.10025860599028774,0.18195439769670918,89.04394208104503,108.79366522119797,0.05629761466836027,0.21434199483528435,data/metadata/20260915T175343345511Z/pass_plus_manifest.json
100,22,2018,00-0026158,J.Flacco,396,9,15.95601738481078,0.040292973193966616,0.4494949494949495,16,5,1,0,19669,0.056297614668360245,-0.01600464147439363,-6.3378380238598755,4.107638132304395,0.01037282356642524,0.05066579676039186,-2.230199891555481,99.60587626011205,396,-0.0813137464632148,0.1986969863678749,90.36973403854023,109.96533869685297,0.05629761466836027,0.21434199483528435,data/metadata/20260915T175343345511Z/pass_plus_manifest.json
100,23,2018,00-0033077,D.Prescott,611,16,29.912452559508612,0.048956550833892984,0.4500818330605565,56,29,8,0,19669,0.056297614668360245,-0.007341063834467261,-4.4853900028595,-3.505268723261609,-0.005736937353946986,0.043219613479946,-7.990658726121109,99.08478029246221,611,-0.06901710410521039,0.1478670903656899,91.23027298944348,106.40818023792058,0.05629761466836027,0.21434199483528435,data/metadata/20260915T175343345511Z/pass_plus_manifest.json
100,24,2018,00-0022803,E.Manning,626,16,21.61258837426928,0.0345249015563407,0.426517571884984,47,4,3,0,19669,0.056297614668360245,-0.021772713112019546,-13.629718408124234,0.4937520384472373,0.00078874127547482,0.03531364283181552,-13.135966369676996,98.53150766003623,626,-0.08699942532804031,0.17320393586022378,89.97184102164485,108.18129372746363,0.05629761466836027,0.21434199483528435,data/metadata/20260915T175343345511Z/pass_plus_manifest.json
100,25,2018,00-0031345,J.Garoppolo,107,3,0.2897947979891584,0.002708362598029518,0.4953271028037383,13,5,3,0,19669,0.056297614668360245,-0.053589252070330724,-5.734049971525387,1.836003925805366,0.017158915194442674,0.01986727779247219,-3.898046045720021,97.45054601382125,107,-0.28028210328606823,0.20590807292678126,76.44560612960515,110.46998221510854,0.05629761466836027,0.21434199483528435,data/metadata/20260915T175343345511Z/pass_plus_manifest.json
100,26,2018,00-0026498,M.Stafford,607,16,3.5023520457517097,0.0057699374724080885,0.4332784184514003,40,13,9,0,19669,0.056297614668360245,-0.05052767719595216,-30.670300057942956,4.324222403209807,0.0071239248817295,0.01289386235413759,-26.34607765473315,96.96253510557435,607,-0.1162481645394341,0.14985459875875445,87.9249668731232,106.54726929472851,0.05629761466836027,0.21434199483528435,data/metadata/20260915T175343345511Z/pass_plus_manifest.json
100,27,2018,00-0031280,D.Carr,605,16,-1.7414635307997173,-0.002878452117024326,0.47603305785123967,51,8,5,0,19669,0.056297614668360245,-0.05917606678538457,-35.80152040515767,1.5068283872079666,0.002490625433401598,-0.0003878266836227283,-34.2946920179497,96.033060992396,605,-0.12429947065875542,0.12599379996065152,87.3615234290019,104.87745194397282,0.05629761466836027,0.21434199483528435,data/metadata/20260915T175343345511Z/pass_plus_manifest.json
100,28,2018,00-0034857,J.Allen,394,12,-9.953091388090881,-0.025261653269266195,0.4137055837563452,28,47,17,0,19669,0.056297614668360245,-0.08155926793762644,-32.134351567424815,0.37453736734404924,0.0009506024551879423,-0.024311050814078253,-31.759814200080765,94.35887501576273,394,-0.20553334250058514,0.15813410107779377,81.67664549099524,107.12668227854918,0.05629761466836027,0.21434199483528435,data/metadata/20260915T175343345511Z/pass_plus_manifest.json
100,29,2018,00-0023436,A.Smith,369,10,-7.673846503077407,-0.020796331986659637,0.44986449864498645,22,21,10,0,19669,0.056297614668360245,-0.07709394665501988,-28.447666315702335,-2.7139010437782947,-0.007354745376092939,-0.028151077362752575,-31.161567359480628,94.09014373762763,369,-0.1543657719028125,0.10370628292751623,85.25743496510835,103.3177353996067,0.05629761466836027,0.21434199483528435,data/metadata/20260915T175343345511Z/pass_plus_manifest.json
100,30,2018,00-0034796,L.Jackson,203,12,-2.722727256277337,-0.013412449538312004,0.4630541871921182,16,17,4,0,19669,0.056297614668360245,-0.06971006420667225,-14.151143033954465,-3.289225683438048,-0.016203082184423883,-0.029615531722735886,-17.440368717392513,93.9876588493227,203,-0.20395958865417993,0.11025976312434937,81.78677933440852,103.7763585594221,0.05629761466836027,0.21434199483528435,data/metadata/20260915T175343345511Z/pass_plus_manifest.json
100,31,2018,00-0028986,C.Keenum,630,16,-15.001445661682231,-0.023811818510606715,0.4365079365079365,34,12,14,0,19669,0.056297614668360245,-0.08010943317896696,-50.468942902749184,-4.6871823245987105,-0.007439971943807477,-0.03125179045441419,-55.15612522734789,93.8731508127896,630,-0.06636891256956716,0.007158479271237046,91.41559772277525,96.56116370698481,0.05629761466836027,0.21434199483528435,data/metadata/20260915T175343345511Z/pass_plus_manifest.json
100,32,2018,00-0032436,J.Driskel,203,8,-6.510474146700697,-0.03207130121527437,0.39408866995073893,16,12,4,0,19669,0.056297614668360245,-0.08836891588363462,-17.938889924377825,0.16221912135913408,0.0007991089722124831,-0.03127219224306189,-17.776670803018693,93.87172306257224,203,-0.17156278525127813,0.13936297761404032,84.05396011443703,105.8130486521911,0.05629761466836027,0.21434199483528435,data/metadata/20260915T175343345511Z/pass_plus_manifest.json
100,33,2018,00-0029604,K.Cousins,660,16,-22.742758679063922,-0.03445872527130897,0.4772727272727273,40,17,6,0,19669,0.056297614668360245,-0.09075633993966922,-59.89918436018168,-1.9091366312600784,-0.002892631259484967,-0.03735135653079394,-61.808320991441754,93.44629329839535,660,-0.1714460740417475,0.08998280242811266,84.06212775393439,102.35734400430759,0.05629761466836027,0.21434199483528435,data/metadata/20260915T175343345511Z/pass_plus_manifest.json
100,34,2018,00-0029682,B.Osweiler,198,7,-8.530708077240106,-0.04308438422848539,0.40404040404040403,17,4,2,0,19669,0.056297614668360245,-0.09938199889684562,-19.677635781575432,-1.0056636006831527,-0.005079109094359357,-0.048163493322844746,-20.683299382258586,92.68964245167072,198,-0.28726515579021755,0.22037914575083245,75.95692080388196,111.48269133227234,0.05629761466836027,0.21434199483528435,data/metadata/20260915T175343345511Z/pass_plus_manifest.json
100,35,2018,00-0034869,S.Darnold,458,13,-22.17282569478209,-0.04841228317638011,0.42139737991266374,30,15,8,0,19669,0.056297614668360245,-0.10470989784474036,-47.95713321289108,-0.45549322638593637,-0.0009945266951657998,-0.049406809871545915,-48.41262643927702,92.60263314560893,458,-0.22008413904630292,0.13627516745544488,80.65835717864891,105.59695869550984,0.05629761466836027,0.21434199483528435,data/metadata/20260915T175343345511Z/pass_plus_manifest.json
100,36,2018,00-0031407,B.Bortles,473,13,-33.53585720693768,-0.07090033236139044,0.4249471458773784,31,39,11,0,19669,0.056297614668360245,-0.12719794702975068,-60.164628945072074,1.3528171859726543,0.002860078617278339,-0.0680402537441121,-58.81181175909942,91.29863456006213,473,-0.2384998273645855,0.10285931701944542,79.36959747952176,103.25846335340397,0.05629761466836027,0.21434199483528435,data/metadata/20260915T175343345511Z/pass_plus_manifest.json
100,37,2018,00-0026300,J.Johnson,113,4,-8.515496531366932,-0.07535837638377815,0.4336283185840708,9,13,2,0,19669,0.056297614668360245,-0.1316559910521384,-14.87712698889164,-0.09219791836058483,-0.0008159107819520782,-0.07617428716573023,-14.969324907252224,90.72940172532046,113,-0.42185714487228443,0.2638155558508411,66.53795538937018,114.52244167144794,0.05629761466836027,0.21434199483528435,data/metadata/20260915T175343345511Z/pass_plus_manifest.json
100,38,2018,00-0033936,C.Beathard,198,5,-26.507809453010175,-0.1338778255202534,0.45454545454545453,18,11,4,0,19669,0.056297614668360245,-0.19017544018861365,-37.6547371573455,1.030828322301424,0.00520620364798699,-0.1286716218722664,-36.62390883504408,87.05555320486052,198,-0.37177970549203543,0.061646937023636626,70.04245571503424,100.37435424351074,0.05629761466836027,0.21434199483528435,data/metadata/20260915T175343345511Z/pass_plus_manifest.json
100,39,2018,00-0029701,R.Tannehill,315,11,-52.89331035286671,-0.16791527096148162,0.4095238095238095,35,7,5,0,19669,0.056297614668360245,-0.22421288562984187,-70.62705897340018,1.9192610333061586,0.006092892169225901,-0.16182237879225572,-68.70779794009403,84.7356095364162,315,-0.3657041278816341,0.07152417415260665,70.46763447772165,101.06557929741773,0.05629761466836027,0.21434199483528435,data/metadata/20260915T175343345511Z/pass_plus_manifest.json
100,40,2018,00-0033104,C.Kessler,168,5,-30.170282851370544,-0.17958501697244372,0.44047619047619047,22,15,3,0,19669,0.056297614668360245,-0.23588263164080397,-39.62828211565507,0.3990573720513402,0.0023753415003055964,-0.17720967547213812,-39.22922474360373,83.65878158967807,168,-0.32864085130718756,-0.07381674061029522,73.06138260927156,90.8943866521366,0.05629761466836027,0.21434199483528435,data/metadata/20260915T175343345511Z/pass_plus_manifest.json
100,41,2018,00-0028118,T.Taylor,107,4,-19.189912187952913,-0.17934497371918612,0.3364485981308411,13,10,5,0,19669,0.056297614668360245,-0.23564258838754637,-25.21375695746746,-0.5742799477857178,-0.005367102315754372,-0.1847120760349405,-25.78803690525318,83.13375144554549,107,-0.38414979029132706,0.06407457205050267,69.17677714312411,100.54424407509029,0.05629761466836027,0.21434199483528435,data/metadata/20260915T175343345511Z/pass_plus_manifest.json
100,42,2018,00-0021206,J.McCown,121,4,-29.59620919000144,-0.24459677016530115,0.371900826446281,7,5,4,0,19669,0.056297614668360245,-0.3008943848336614,-36.40822056487303,2.3236498139484763,0.019203717470648564,-0.2253930526946526,-34.08457075092455,80.28683080190487,121,-0.5285797370495617,-0.0023216318361430634,59.069335514439196,95.89773017535244,0.05629761466836027,0.21434199483528435,data/metadata/20260915T175343345511Z/pass_plus_manifest.json
100,43,2018,00-0027948,B.Gabbert,106,6,-23.27536538691046,-0.21957891874443833,0.4056603773584906,5,0,6,0,19669,0.056297614668360245,-0.27587653341279855,-29.24291254175665,-2.371431018116698,-0.02237199073694998,-0.2419509094813883,-31.614343559873348,79.12808516275982,106,-0.4671376832484342,0.023026894672402716,63.36914996622294,97.67166112117751,0.05629761466836027,0.21434199483528435,data/metadata/20260915T175343345511Z/pass_plus_manifest.json
100,44,2018,00-0034343,J.Rosen,451,14,-148.45368581977004,-0.329165600487295,0.3614190687361419,45,15,5,0,19669,0.056297614668360245,-0.38546321515565524,-173.8439100352005,-4.751657224366784,-0.010535825331190208,-0.33970142581848517,-178.5955672595673,72.28734568852273,451,-0.49078506338640976,-0.1936163030920635,61.714267999008726,82.51061921259466,0.05629761466836027,0.21434199483528435,data/metadata/20260915T175343345511Z/pass_plus_manifest.json
100,1,2019,00-0034796,L.Jackson,459,15,170.16778299432877,0.37073591066302564,0.5010893246187363,23,37,7,0,19839,0.0422891649790085,0.3284467456840171,150.75705626896388,-0.5925780889974249,-0.0012910198017373092,0.36944489086128834,150.16447817996647,127.58834040440149,459,0.1886129004030693,0.592593525278761,112.33916664987589,146.40598594761838,0.042289164979008496,0.17787716898879768,data/metadata/20260915T175345267639Z/pass_plus_manifest.json
100,2,2019,00-0033873,P.Mahomes,524,14,146.50830187794733,0.2795959959502812,0.5038167938931297,17,23,13,0,19839,0.0422891649790085,0.23730683097127267,124.34877942894687,-0.43853536798908754,-0.0008368995572310831,0.2787590963930501,123.91024406095778,119.9410019361957,524,0.1555922309429264,0.40014752550972,109.554604444856,130.17742770742393,0.042289164979008496,0.17787716898879768,data/metadata/20260915T175345267639Z/pass_plus_manifest.json
100,3,2019,00-0020531,D.Brees,385,11,93.92994223985643,0.24397387594767905,0.5402597402597402,12,0,4,0,19839,0.0422891649790085,0.20168471096867055,77.64861372293815,1.5011642432917858,0.003899127904653989,0.24787300385233305,79.14977796622993,117.33644402275189,385,0.028504004687434605,0.43412030938398477,98.83752701063827,133.04227967808953,0.042289164979008496,0.17787716898879768,data/metadata/20260915T175345267639Z/pass_plus_manifest.json
100,4,2019,00-0029701,R.Tannehill,329,11,74.89469928783812,0.22764346288096693,0.5562310030395137,31,15,7,0,19839,0.0422891649790085,0.18535429790195843,60.981564009744325,-2.6759994818238253,-0.008133737026820138,0.2195097258541468,58.3055645279205,114.94462964662142,329,0.06667023075942805,0.39630181727889785,102.05600296421024,129.85312738383396,0.042289164979008496,0.17787716898879768,data/metadata/20260915T175345267639Z/pass_plus_manifest.json
100,5,2019,00-0026498,M.Stafford,316,8,69.64530322725527,0.2203965292001749,0.4936708860759494,18,9,0,0,19839,0.0422891649790085,0.1781073642211664,56.281927093888584,-4.828268919844484,-0.015279332024824316,0.2051171971753506,51.4536581740441,113.7309385843607,316,0.1539233279414381,0.25683538502404013,109.41386943560981,118.09222239689541,0.042289164979008496,0.17787716898879768,data/metadata/20260915T175345267639Z/pass_plus_manifest.json
100,6,2019,00-0033077,D.Prescott,638,16,126.23104716442583,0.19785430590035397,0.5235109717868338,23,20,16,0,19839,0.0422891649790085,0.15556514092134546,99.2505599078184,-4.6714502301565375,-0.007322022304320591,0.19053228359603339,94.57910967766186,112.50102411622828,638,0.07462646118538432,0.3242838065065234,102.72693480480446,123.78000306030907,0.042289164979008496,0.17787716898879768,data/metadata/20260915T175345267639Z/pass_plus_manifest.json
100,7,2019,00-0029604,K.Cousins,481,15,82.26791267270157,0.17103516148170805,0.4698544698544699,28,9,15,0,19839,0.0422891649790085,0.12874599650269955,61.92682431779848,-0.972178871419028,-0.0020211618948420542,0.169013999586866,60.95464544637945,110.68643339628132,481,-0.021137124606012265,0.36143069771574465,94.65139708944194,126.91252069203173,0.042289164979008496,0.17787716898879768,data/metadata/20260915T175345267639Z/pass_plus_manifest.json
100,8,2019,00-0033537,D.Watson,580,15,87.59971106869462,0.15103398460119763,0.4879310344827586,44,43,9,0,19839,0.0422891649790085,0.10874481962218913,63.07199538086968,6.574143690260905,0.011334730500449836,0.16236871510164747,69.64613907113059,110.12605081404809,580,-0.015702158548054082,0.3551897341991954,95.10971611561503,126.38623362955812,0.042289164979008496,0.17787716898879768,data/metadata/20260915T175345267639Z/pass_plus_manifest.json
100,9,2019,00-0031345,J.Garoppolo,522,16,83.19092197487228,0.15936958232734152,0.5,36,12,10,0,19839,0.0422891649790085,0.11708041734833302,61.11597785582984,-0.5465561918123178,-0.0010470425130504172,0.15832253981429112,60.569421664017526,109.78484553371126,522,-0.007252918487487686,0.3131308201781994,95.82222240087347,122.83949565356372,0.042289164979008496,0.17787716898879768,data/metadata/20260915T175345267639Z/pass_plus_manifest.json
100,10,2019,00-0031280,D.Carr,554,16,85.0393491708188,0.1535006302722361,0.4963898916967509,29,14,7,0,19839,0.0422891649790085,0.11121146529322759,61.61115177244808,-0.5670905583118735,-0.0010236291666279305,0.15247700110560816,61.04406121413621,109.2919037968447,554,0.04524874787780622,0.26745752310565,100.24957527564857,118.98796451000595,0.042289164979008496,0.17787716898879768,data/metadata/20260915T175345267639Z/pass_plus_manifest.json
100,11,2019,00-0029263,R.Wilson,606,16,73.51948935550409,0.1213192893655183,0.4933993399339934,48,45,5,0,19839,0.0422891649790085,0.0790301243865098,47.89225537822494,12.751829945877759,0.02104262367306561,0.14236191303858392,60.6440853241027,108.43892012351606,606,-0.012521325858419974,0.28818251148420887,95.37794891140186,120.73565831155258,0.042289164979008496,0.17787716898879768,data/metadata/20260915T175345267639Z/pass_plus_manifest.json
100,12,2019,00-0033106,J.Goff,657,16,64.49711170669761,0.09816911979710442,0.4657534246575342,22,10,9,0,19839,0.0422891649790085,0.05587995481809592,36.713130315489025,10.002088370090508,0.015223878797702447,0.11339299859480687,46.71521868557953,105.99603372540827,657,-0.0290898527790037,0.2556141772036928,93.98076058632566,117.989240561681,0.042289164979008496,0.17787716898879768,data/metadata/20260915T175345267639Z/pass_plus_manifest.json
100,13,2019,00-0031237,T.Bridgewater,220,7,21.61950605210705,0.09827048205503204,0.45454545454545453,12,12,3,0,19839,0.0422891649790085,0.05598131707602354,12.315889756725179,1.8390147550889395,0.008359157977676997,0.10662964003270904,14.154904511814118,105.42569420961658,220,-0.07397039166358076,0.2713967580470767,90.19608103978389,119.3201517404263,0.042289164979008496,0.17787716898879768,data/metadata/20260915T175345267639Z/pass_plus_manifest.json
100,14,2019,00-0023459,A.Rodgers,630,16,59.66864048876921,0.09471212775995114,0.44285714285714284,36,26,11,0,19839,0.0422891649790085,0.052422962780942634,33.026466551993856,-0.4165552189424664,-0.0006611987602261371,0.094050928999725,32.60991133305139,104.36495849762285,630,-0.05455326538235576,0.25159343567341597,91.83348563686694,117.65018005550692,0.042289164979008496,0.17787716898879768,data/metadata/20260915T175345267639Z/pass_plus_manifest.json
100,15,2019,00-0022942,P.Rivers,628,16,57.00381162094314,0.09077040067029163,0.4984076433121019,34,6,12,0,19839,0.0422891649790085,0.048481235691283125,30.4462160141258,-3.9130044239028083,-0.006230898764176446,0.08453950190611519,26.53321159022299,103.56288025894156,628,-0.05751783048384565,0.24029829407188533,91.58349022275536,116.69768499958646,0.042289164979008496,0.17787716898879768,data/metadata/20260915T175345267639Z/pass_plus_manifest.json
100,16,2019,00-0035704,D.Lock,172,5,15.577740255142773,0.0905682572973417,0.43023255813953487,5,11,4,0,19839,0.0422891649790085,0.0482790923183332,8.30400387875331,-1.4155879659671666,-0.008230162592832364,0.08233809470450934,6.888415912786144,103.37724031306314,172,-0.13584259454983796,0.4015406480465721,84.97853092601798,130.29490674181366,0.042289164979008496,0.17787716898879768,data/metadata/20260915T175345267639Z/pass_plus_manifest.json
100,17,2019,00-0031503,J.Winston,704,16,46.79328532718872,0.06646773483975671,0.48011363636363635,47,33,15,0,19839,0.0422891649790085,0.024178569860748206,17.02171318196673,-1.3829560804096743,-0.0019644262505819237,0.06450330858917479,15.638757101557058,101.87327106703323,704,-0.06835578679458208,0.21219635072555584,90.66954862145136,114.32790841391632,0.042289164979008496,0.17787716898879768,data/metadata/20260915T175345267639Z/pass_plus_manifest.json
100,18,2019,00-0026143,M.Ryan,685,15,31.027689362705775,0.04529589687986245,0.47007299270072994,48,22,16,0,19839,0.0422891649790085,0.0030067319008539456,2.05961135208495,6.1402255970190796,0.00896383298834902,0.05425972986821147,8.199836949104029,101.00945205255292,685,-0.06582385764763785,0.18632440189480762,90.8830607737982,112.146182480974,0.042289164979008496,0.17787716898879768,data/metadata/20260915T175345267639Z/pass_plus_manifest.json
100,19,2019,00-0023682,R.Fitzpatrick,574,15,26.17929750937587,0.045608532246299426,0.4738675958188153,40,35,8,0,19839,0.0422891649790085,0.003319367267290922,1.905316811424992,4.064834254807928,0.007081592778411024,0.052690125024710446,5.97015106623292,100.87709064391144,574,-0.11351739049071859,0.19328842634843785,86.8611674824154,112.73344372084134,0.042289164979008496,0.17787716898879768,data/metadata/20260915T175345267639Z/pass_plus_manifest.json
100,20,2019,00-0032950,C.Wentz,671,16,25.12992360438544,0.0374514509752391,0.46646795827123694,37,28,9,0,19839,0.0422891649790085,-0.004837714003769401,-3.2461060965292674,-9.322510331316328,-0.013893458019845498,0.023557992955393604,-12.568616427845596,98.42044045364857,671,-0.07598046537970864,0.12336247154895033,90.02657583620255,106.83673798870565,0.042289164979008496,0.17787716898879768,data/metadata/20260915T175345267639Z/pass_plus_manifest.json
100,21,2019,00-0033119,J.Brissett,503,15,7.832444249923789,0.015571459741399183,0.44930417495029823,27,32,12,0,19839,0.0422891649790085,-0.026717705237609322,-13.439005734517487,0.191264333630765,0.0003802471841565905,0.015951706925555774,-13.247741400886722,97.77901867312342,503,-0.10848270893610368,0.154299567285017,87.28573137528902,109.44559689217867,0.042289164979008496,0.17787716898879768,data/metadata/20260915T175345267639Z/pass_plus_manifest.json
100,22,2019,00-0032436,J.Driskel,126,3,0.2052953058604312,0.0016293278242891366,0.42063492063492064,11,12,4,0,19839,0.0422891649790085,-0.04065983715471937,-5.12313948149464,1.4488496370649122,0.01149880664337232,0.013128134467661456,-3.674289844429728,97.54091286612643,126,-0.08760359482303308,0.24267223895516543,89.04642226932829,116.89787467795628,0.042289164979008496,0.17787716898879768,data/metadata/20260915T175345267639Z/pass_plus_manifest.json
100,23,2019,00-0019596,T.Brady,643,16,17.56760879082139,0.02732132004793373,0.4199066874027994,27,3,7,0,19839,0.0422891649790085,-0.014967844931074774,-9.62432429068108,-11.101057739523576,-0.017264475489150194,0.010056844558783536,-20.725382030204656,97.28191757800113,643,-0.1072756239995154,0.12816679006900716,87.38752225801869,107.24187586115173,0.042289164979008496,0.17787716898879768,data/metadata/20260915T175345267639Z/pass_plus_manifest.json
100,24,2019,00-0034857,J.Allen,540,16,4.165615731842167,0.0077141032071151245,0.42962962962962964,38,44,15,0,19839,0.0422891649790085,-0.03457506177189338,-18.670533356822425,-0.2961125853636566,-0.000548356639562327,0.007165746567552797,-18.96664594218608,97.03811748766356,540,-0.12445840733917998,0.13766071932235693,85.9385350070961,108.04247854450799,0.042289164979008496,0.17787716898879768,data/metadata/20260915T175345267639Z/pass_plus_manifest.json
100,25,2019,00-0034855,B.Mayfield,589,16,-4.814147713348387,-0.008173425659335121,0.42614601018675724,40,17,8,0,19839,0.0422891649790085,-0.05046259063834362,-29.722465885984395,7.2473058081178205,0.012304424122441121,0.004130998463106,-22.475160077866576,96.78220369150026,589,-0.12811824620548226,0.12725751955764172,85.62990864820691,107.16519902989779,0.042289164979008496,0.17787716898879768,data/metadata/20260915T175345267639Z/pass_plus_manifest.json
100,26,2019,00-0035228,K.Murray,614,16,-9.273149700868432,-0.015102849675681485,0.4250814332247557,48,28,9,0,19839,0.0422891649790085,-0.05739201465468999,-35.23869699797965,2.708811356128451,0.004411744879688031,-0.010691104795993453,-32.5298856418512,95.53228752659608,614,-0.14663697854684743,0.13287996262602259,84.06826368443996,107.63932759010117,0.042289164979008496,0.17787716898879768,data/metadata/20260915T175345267639Z/pass_plus_manifest.json
100,27,2019,00-0027973,A.Dalton,568,13,-18.42945267090041,-0.03244621949102185,0.426056338028169,37,10,14,0,19839,0.0422891649790085,-0.07473538447003035,-42.44969837897724,4.273520735459939,0.007523804111725244,-0.024922415379296604,-38.1761776435173,94.33219164041188,568,-0.16572933103885892,0.09073548931111486,82.45824656415282,104.08537458243087,0.042289164979008496,0.17787716898879768,data/metadata/20260915T175345267639Z/pass_plus_manifest.json
100,28,2019,00-0035289,G.Minshew II,552,14,-5.924287450795113,-0.01073240480216506,0.427536231884058,33,50,12,0,19839,0.0422891649790085,-0.05302156978117356,-29.267906519207806,-8.001231925818953,-0.014494985372860422,-0.025227390175025483,-37.269138445026755,94.30647377025497,552,-0.144010875256575,0.09449282639125463,84.28971734022963,104.40222275649668,0.042289164979008496,0.17787716898879768,data/metadata/20260915T175345267639Z/pass_plus_manifest.json
100,29,2019,00-0032268,M.Mariota,197,7,-4.521790013096799,-0.02295324879744568,0.3756345177664975,25,14,9,0,19839,0.0422891649790085,-0.06524241377645418,-12.852755513961474,-1.443807118057755,-0.007328970142425152,-0.030282218939870834,-14.29656263201923,93.88021090637132,197,-0.19552999016598316,0.15233441512824128,79.94522092152515,109.27987982731189,0.042289164979008496,0.17787716898879768,data/metadata/20260915T175345267639Z/pass_plus_manifest.json
100,30,2019,00-0028986,C.Keenum,263,9,-6.103148934947583,-0.02320588948649271,0.467680608365019,15,3,1,0,19839,0.0422891649790085,-0.06549505446550122,-17.225199324426818,-2.2751334481415415,-0.008650697521450729,-0.03185658700794344,-19.50033277256836,93.7474478252219,263,-0.3044228182658536,0.22515682512521368,70.76252237295019,115.42083741149392,0.042289164979008496,0.17787716898879768,data/metadata/20260915T175345267639Z/pass_plus_manifest.json
100,31,2019,00-0034869,S.Darnold,481,13,-12.331006434505976,-0.025636188013525938,0.42411642411642414,33,9,7,0,19839,0.0422891649790085,-0.06792535299253444,-32.672094789409066,-3.667947946940252,-0.007625671407360191,-0.03326185942088613,-36.34004273634932,93.62894421785074,481,-0.2036004413452325,0.12710886335094268,79.26465708988263,107.15266317094995,0.042289164979008496,0.17787716898879768,data/metadata/20260915T175345267639Z/pass_plus_manifest.json
100,32,2019,00-0034577,K.Allen,553,13,-21.108412317851556,-0.03817072751871891,0.4719710669077758,46,19,9,0,19839,0.0422891649790085,-0.08045989249772742,-44.49432055124326,-3.3253081229849015,-0.006013215412269261,-0.04418394293098817,-47.81962867422816,92.70790835033114,553,-0.19563479731719058,0.10344678564945095,79.93638275934251,105.15729092874426,0.042289164979008496,0.17787716898879768,data/metadata/20260915T175345267639Z/pass_plus_manifest.json
100,33,2019,00-0022803,E.Manning,153,4,-6.693379583373113,-0.04374757897629485,0.43137254901960786,5,1,1,0,19839,0.0422891649790085,-0.08603674395530336,-13.163621825161414,-1.3703580405264435,-0.008956588500172833,-0.05270416747646769,-14.533979865687858,91.9894160957673,153,-0.12509062294842666,0.02257774621436971,85.88522162127707,98.33777834923715,0.042289164979008496,0.17787716898879768,data/metadata/20260915T175345267639Z/pass_plus_manifest.json
100,34,2019,00-0033869,M.Trubisky,573,15,-32.366878729257344,-0.05648669935297966,0.43455497382198954,38,22,8,0,19839,0.0422891649790085,-0.09877586433198816,-56.59857026222922,0.6725248744430237,0.001173690880354317,-0.055313008472625345,-55.926045387786196,91.76941813220162,573,-0.13606893861114638,0.030405673086699697,84.95944381698129,98.99789062644764,0.042289164979008496,0.17787716898879768,data/metadata/20260915T175345267639Z/pass_plus_manifest.json
100,35,2019,00-0035710,D.Jones,524,13,-27.46401235743796,-0.052412237323354885,0.4179389312977099,38,27,8,0,19839,0.0422891649790085,-0.09470140230236339,-49.623534806438414,-2.766651892790691,-0.005279870024409716,-0.0576921073477646,-52.390186699229105,91.56879382875694,524,-0.21419719292938227,0.10679174928455368,78.37105576563255,105.43936453499612,0.042289164979008496,0.17787716898879768,data/metadata/20260915T175345267639Z/pass_plus_manifest.json
100,36,2019,00-0026158,J.Flacco,292,8,-25.419156393135935,-0.08705190545594499,0.4246575342465753,26,5,6,0,19839,0.0422891649790085,-0.1293410704349535,-37.76759256700642,-0.9218167449083237,-0.0031569066606449443,-0.09020881211658993,-38.689409311914744,88.82672988482776,292,-0.26577710281243005,0.06288379643723203,74.02143263724533,101.7367010821541,0.042289164979008496,0.17787716898879768,data/metadata/20260915T175345267639Z/pass_plus_manifest.json
100,37,2019,00-0029567,N.Foles,127,4,-13.657044024902111,-0.10753577972363867,0.3543307086614173,8,2,4,0,19839,0.0422891649790085,-0.14982494470264718,-19.02776797723619,0.6471478865439857,0.005095652649952643,-0.10244012707368604,-18.380620090692204,87.79528933852585,127,-0.5094165615874153,0.21954196372629892,53.47583984194432,114.94734819720907,0.042289164979008496,0.17787716898879768,data/metadata/20260915T175345267639Z/pass_plus_manifest.json
100,38,2019,00-0034771,M.Rudolph,308,10,-29.844508761893124,-0.09689775572043222,0.39285714285714285,15,10,5,0,19839,0.0422891649790085,-0.13918692069944072,-42.86957157542774,-3.8003439910601395,-0.012338779191753699,-0.10923653491218592,-46.66991556648788,87.2221628481671,308,-0.2987677836408961,0.07744092980134323,71.23939930918985,102.96427290434461,0.042289164979008496,0.17787716898879768,data/metadata/20260915T175345267639Z/pass_plus_manifest.json
100,39,2019,00-0035577,D.Hodges,183,8,-24.720809698853667,-0.13508639179701457,0.3989071038251366,15,8,7,0,19839,0.0422891649790085,-0.17737555677602307,-32.45972689001222,1.0584439721099868,0.005783846842131075,-0.1293025449548835,-31.401282917902233,85.5300392757517,183,-0.3251699726793344,0.09981243889995052,69.01295935723898,104.85081426536797,0.042289164979008496,0.17787716898879768,data/metadata/20260915T175345267639Z/pass_plus_manifest.json
100,40,2019,00-0035232,D.Haskins,243,9,-45.05386004037534,-0.18540683144187384,0.40329218106995884,29,12,0,0,19839,0.0422891649790085,-0.22769599642088234,-55.330127130274406,-2.2232954831013734,-0.00914936412798919,-0.19455619556986303,-57.55342261337578,80.02733893040082,243,-0.363921336870363,-0.023814868688032315,65.74513996158603,94.42558867648687,0.042289164979008496,0.17787716898879768,data/metadata/20260915T175345267639Z/pass_plus_manifest.json
100,41,2019,00-0035040,D.Blough,194,5,-46.24831250710062,-0.238393363438663,0.3556701030927835,14,6,5,0,19839,0.0422891649790085,-0.2806825284176715,-54.45241051302827,4.29966525478478,0.022163222962808145,-0.21623014047585484,-50.15274525824349,78.1996216610173,194,-0.38466607323027596,-0.024826913313432425,63.99578085514394,94.34024512471291,0.042289164979008496,0.17787716898879768,data/metadata/20260915T175345267639Z/pass_plus_manifest.json
100,42,2019,00-0034343,J.Rosen,128,5,-50.50800277416525,-0.394593771673166,0.3203125,16,3,1,0,19839,0.0422891649790085,-0.4368829366521745,-55.92101589147833,-0.9127648423714216,-0.0071309753310267315,-0.40172474700419275,-56.83378073384976,62.557259497606104,128,-0.721320624858189,-0.23139366127747674,35.60642485669804,76.92091448731222,0.042289164979008496,0.17787716898879768,data/metadata/20260915T175345267639Z/pass_plus_manifest.json
100,43,2019,00-0035652,R.Finley,104,3,-57.18204849800655,-0.5498273894039092,0.3173076923076923,11,6,0,0,19839,0.0422891649790085,-0.5921165543829177,-61.58012165582343,-0.009336660790994822,-0.00008977558452879636,-0.549917164988438,-61.589458316614426,50.06051085695469,104,-0.6314167286394972,-0.44241971846948125,43.187827523193754,59.125539870801326,0.042289164979008496,0.17787716898879768,data/metadata/20260915T175345267639Z/pass_plus_manifest.json
100,1,2020,00-0023459,A.Rodgers,567,16,193.32127327361033,0.34095462658485065,0.544973544973545,20,24,7,0,19932,0.0778852461675433,0.2630693804173073,149.16033869661328,-4.404690060262713,-0.007768412804696142,0.3331862137801545,144.75564863635057,121.02706341064467,567,0.17613498356896398,0.48361191064656406,108.09203144718833,133.41640410205912,0.07788524616754329,0.1821231257737363,data/metadata/20260915T175347204551Z/pass_plus_manifest.json
100,2,2020,00-0033873,P.Mahomes,649,15,189.00005128878917,0.2912173363463624,0.539291217257319,22,40,15,0,19932,0.0778852461675433,0.21333209017881907,138.45252652605356,-0.6996884893322283,-0.0010781024488940344,0.2901392338974683,137.75283803672133,117.48163393540881,649,0.17737795571804424,0.4120113303206373,108.1944049494934,127.51924688862971,0.07788524616754329,0.1821231257737363,data/metadata/20260915T175347204551Z/pass_plus_manifest.json
100,3,2020,00-0034857,J.Allen,627,16,180.89646756270568,0.28851111254020045,0.5566188197767146,26,29,13,0,19932,0.0778852461675433,0.21062586637265715,132.06241821565604,-0.26076376657571254,-0.000415891174761902,0.2880952213654385,131.80165444908033,117.31328525453597,627,0.17131041146080606,0.4086773577274786,107.6946706984371,127.24465469345999,0.07788524616754329,0.1821231257737363,data/metadata/20260915T175347204551Z/pass_plus_manifest.json
100,4,2020,00-0029701,R.Tannehill,525,16,134.20329110848155,0.2556253163971077,0.5295238095238095,24,20,5,0,19932,0.0778852461675433,0.17774007022956442,93.31353687052132,-1.5390132463329693,-0.0029314538025389894,0.2526938625945687,91.77452362418835,114.3975633806276,525,0.13233661514936698,0.3762018499525106,104.4847162119438,124.56991135949308,0.07788524616754329,0.1821231257737363,data/metadata/20260915T175347204551Z/pass_plus_manifest.json
100,5,2020,00-0033537,D.Watson,653,16,143.29293970287517,0.21943788622186092,0.5298621745788668,49,62,9,0,19932,0.0778852461675433,0.1415526400543176,92.4338739554694,-3.4204451195744188,-0.005238047656316108,0.2141998385655448,89.01342883589497,111.22712383330338,653,0.12130037690492869,0.31005679744652337,103.57575106562713,119.122081582936,0.07788524616754329,0.1821231257737363,data/metadata/20260915T175347204551Z/pass_plus_manifest.json
100,6,2020,00-0019596,T.Brady,631,16,120.17124336652603,0.19044571056501747,0.4896988906497623,21,4,15,0,19932,0.0778852461675433,0.11256046439747416,71.0256530348062,3.4974400488165847,0.005542694213655443,0.1959884047786729,74.52309308362278,109.7271962121266,631,0.0316028281077997,0.35520981815893377,96.18809380770979,122.84096850522398,0.07788524616754329,0.1821231257737363,data/metadata/20260915T175347204551Z/pass_plus_manifest.json
100,7,2020,00-0031345,J.Garoppolo,155,6,25.69265155519392,0.16575904229157368,0.4838709677419355,11,4,2,0,19932,0.0778852461675433,0.08787379612403037,13.620438399224707,2.3212039754192344,0.01497550951883377,0.18073455181040746,15.94164237464394,108.47086045821337,155,-0.20407381693456075,0.5212835826711453,76.77732617116395,136.51911320595815,0.07788524616754329,0.1821231257737363,data/metadata/20260915T175347204551Z/pass_plus_manifest.json
100,8,2020,00-0023682,R.Fitzpatrick,295,9,52.604776646745556,0.178321276768629,0.5389830508474577,14,15,6,0,19932,0.0778852461675433,0.10043603060108569,29.628629027320283,-2.2111139610891617,-0.007495301563014108,0.17082597520561488,27.417515066231122,107.65477162577953,295,-0.011318801254184763,0.39331345051446814,92.6529884349323,125.97925466687869,0.07788524616754329,0.1821231257737363,data/metadata/20260915T175347204551Z/pass_plus_manifest.json
100,9,2020,00-0034855,B.Mayfield,532,16,89.24101033702966,0.16774626003201065,0.5093984962406015,26,25,16,0,19932,0.0778852461675433,0.08986101386446735,47.80605937589662,0.6711034098768249,0.0012614725749564377,0.16900773260696708,48.47716278577345,107.50501777731111,532,0.0017622839297366912,0.33971646680549594,93.73037098547448,121.56490721803581,0.07788524616754329,0.1821231257737363,data/metadata/20260915T175347204551Z/pass_plus_manifest.json
100,10,2020,00-0034796,L.Jackson,451,15,78.81814919481832,0.17476308025458606,0.4811529933481153,29,49,7,0,19932,0.0778852461675433,0.09687783408704276,43.691903173256286,-2.641795773771207,-0.005857640296610215,0.16890543995797586,41.05010739948508,107.49659276413198,451,0.028426726421460952,0.31358934584362613,95.92650415459639,119.41302885133713,0.07788524616754329,0.1821231257737363,data/metadata/20260915T175347204551Z/pass_plus_manifest.json
100,11,2020,00-0020531,D.Brees,403,12,62.17233549014979,0.1542737853353593,0.4987593052109181,13,2,6,0,19932,0.0778852461675433,0.07638853916781599,30.78458128462984,1.6271850850489513,0.004037680111783998,0.15831146544714328,32.411766369678794,106.62405328301242,403,0.06399515788533852,0.2609958951637993,98.85598644681774,115.08133425271977,0.07788524616754329,0.1821231257737363,data/metadata/20260915T175347204551Z/pass_plus_manifest.json
100,12,2020,00-0029604,K.Cousins,569,16,91.37338785571981,0.16058591890284676,0.5166959578207382,39,17,11,0,19932,0.0778852461675433,0.08270067273530346,47.056682786387675,-7.371980226174821,-0.0129560285170032,0.14762989038584357,39.684702560212855,105.74429885732485,569,0.054628838573588176,0.23661376819428992,98.0845589354604,113.07317684278703,0.07788524616754329,0.1821231257737363,data/metadata/20260915T175347204551Z/pass_plus_manifest.json
100,13,2020,00-0022942,P.Rivers,560,16,93.39865056769553,0.16678330458517057,0.49464285714285716,19,1,4,0,19932,0.0778852461675433,0.08889805841762727,49.782912713871276,-12.191137555624698,-0.02176988849218696,0.14501341609298363,37.59177515824658,105.52880115912667,560,0.0327918913514006,0.255223063346807,96.28602727210779,114.60587306739801,0.07788524616754329,0.1821231257737363,data/metadata/20260915T175347204551Z/pass_plus_manifest.json
100,14,2020,00-0029263,R.Wilson,657,16,86.62786133626427,0.13185367022262445,0.502283105022831,47,53,8,0,19932,0.0778852461675433,0.05396842405508115,35.45725460418832,6.096158716625371,0.009278780390601782,0.14113245061322624,41.55341332081369,105.20915761057104,657,0.035342500525231496,0.25275247408501605,96.4961001963722,114.40239073219526,0.07788524616754329,0.1821231257737363,data/metadata/20260915T175347204551Z/pass_plus_manifest.json
100,15,2020,00-0036355,J.Herbert,648,15,90.16748691885496,0.13914735635625766,0.47685185185185186,32,25,9,0,19932,0.0778852461675433,0.06126211018871436,39.697847402286904,0.1438753621414537,0.00022202987984792235,0.1393693862361056,39.841722764428354,105.06394834324458,648,-0.009608740484552432,0.2800263973639606,92.79383222638113,116.64872187463585,0.07788524616754329,0.1821231257737363,data/metadata/20260915T175347204551Z/pass_plus_manifest.json
100,16,2020,00-0026498,M.Stafford,575,16,68.73773843868788,0.1195438929368485,0.48869565217391303,38,16,9,0,19932,0.0778852461675433,0.041658646769305196,23.953721892350487,1.1518726142706166,0.0020032567204706377,0.12154714965731914,25.105594506621102,103.59607572934092,575,0.012237331220275845,0.2317425306506744,94.59311539912623,112.67197264181691,0.07788524616754329,0.1821231257737363,data/metadata/20260915T175347204551Z/pass_plus_manifest.json
100,17,2020,00-0033077,D.Prescott,239,5,29.138769271747343,0.12191953670187172,0.5439330543933054,10,8,6,0,19932,0.0778852461675433,0.04403429053432842,10.524195437704492,-2.3782270178350373,-0.009950740660397646,0.11196879604147408,8.145968419869455,102.80718467760171,239,0.04708484076016901,0.17122264882153887,97.46322121834986,107.6874424039335,0.07788524616754329,0.1821231257737363,data/metadata/20260915T175347204551Z/pass_plus_manifest.json
100,18,2020,00-0031237,T.Bridgewater,558,15,53.2862674447437,0.09549510294756935,0.4838709677419355,31,37,9,0,19932,0.0778852461675433,0.01760985678002605,9.826300083254537,7.496630010904894,0.013434820808073285,0.10892992375564264,17.32293009415943,102.5568974936221,558,-0.011988276402378331,0.230724876304803,92.59784921425266,112.58815673363272,0.07788524616754329,0.1821231257737363,data/metadata/20260915T175347204551Z/pass_plus_manifest.json
100,19,2020,00-0026143,M.Ryan,682,16,70.16199765409974,0.10287682940483832,0.47214076246334313,41,16,10,0,19932,0.0778852461675433,0.024991583237295015,17.0442597678352,0.5629435067389704,0.0008254303617873467,0.10370225976662567,17.60720327457417,102.1263373464573,682,-0.0170267889595873,0.23222990706150334,92.1828679314691,112.71211387117137,0.07788524616754329,0.1821231257737363,data/metadata/20260915T175347204551Z/pass_plus_manifest.json
100,20,2020,00-0031280,D.Carr,562,16,51.545567367025384,0.09171809140040103,0.4928825622775801,26,23,8,0,19932,0.0778852461675433,0.01383284523285773,7.774059020866048,2.5779984295936007,0.004587185817782208,0.09630527721818324,10.352057450459649,101.51710808051288,562,-0.05549864979703064,0.22850083814721225,89.0142537859015,112.4049808067858,0.07788524616754329,0.1821231257737363,data/metadata/20260915T175347204551Z/pass_plus_manifest.json
100,21,2020,00-0033936,C.Beathard,113,6,10.589095714285893,0.09370881163084861,0.4778761061946903,9,1,1,0,19932,0.0778852461675433,0.01582356546330531,1.7880628973535,-0.5301818527287463,-0.0046918748029092594,0.08901693682793935,1.2578810446247537,100.91682678515734,113,-0.15918919922482533,0.3121857529149721,80.47410692201973,119.29742632233175,0.07788524616754329,0.1821231257737363,data/metadata/20260915T175347204551Z/pass_plus_manifest.json
100,22,2020,00-0035228,K.Murray,627,16,50.62905242390264,0.08074808999027534,0.49282296650717705,27,50,10,0,19932,0.0778852461675433,0.002862843822732039,1.7950030768529928,0.5139744607902761,0.0008197359821216525,0.08156782597239699,2.308977537643269,100.30330413470628,627,-0.014629545035850235,0.17178095713355737,92.38030940796084,107.73342571684172,0.07788524616754329,0.1821231257737363,data/metadata/20260915T175347204551Z/pass_plus_manifest.json
100,23,2020,00-0033869,M.Trubisky,332,9,35.32017573149905,0.10638607148041883,0.536144578313253,18,17,3,0,19932,0.0778852461675433,0.028500825312875525,9.462274003874672,-8.355873423141452,-0.025168293443197143,0.08121777803722169,1.1064005807332205,100.2744735344993,332,-0.024345788728139514,0.19793704143210894,91.58006147258658,109.88768955791869,0.07788524616754329,0.1821231257737363,data/metadata/20260915T175347204551Z/pass_plus_manifest.json
100,24,2020,00-0036442,J.Burrow,449,10,30.703103448135412,0.06838107672190515,0.46770601336302897,32,16,9,0,19932,0.0778852461675433,-0.009504169445638158,-4.267372081091533,1.7190183466053932,0.0038285486561367332,0.07220962537804188,-2.54835373448614,99.5325452960417,449,-0.12317144797133682,0.2368396327977348,83.44059602935877,113.09177947239422,0.07788524616754329,0.1821231257737363,data/metadata/20260915T175347204551Z/pass_plus_manifest.json
100,25,2020,00-0022924,B.Roethlisberger,624,15,46.09074790126722,0.0738633780469026,0.46634615384615385,13,3,10,0,19932,0.0778852461675433,-0.004021868120640704,-2.5096457072798017,-2.5515100013889964,-0.004088958335559289,0.06977441971134331,-5.061155708668798,99.3319772196632,624,-0.03547423421629145,0.16876501200550045,90.6635019658622,107.48502685629802,0.07788524616754329,0.1821231257737363,data/metadata/20260915T175347204551Z/pass_plus_manifest.json
100,26,2020,00-0035289,G.Minshew II,377,9,30.91853510515437,0.08201202945664289,0.46949602122015915,27,24,6,0,19932,0.0778852461675433,0.0041267832890995865,1.5557972999905445,-6.905650193396591,-0.018317374518293343,0.06369465493834955,-5.349852893406046,98.83123646415802,377,-0.04028591285807087,0.17513579469550972,90.26720314702708,108.00973638972026,0.07788524616754329,0.1821231257737363,data/metadata/20260915T175347204551Z/pass_plus_manifest.json
100,27,2020,00-0033357,T.Hill,152,12,10.93720913426644,0.0719553232517529,0.46710526315789475,14,17,0,0,19932,0.0778852461675433,-0.005929922915790406,-0.9013482832001412,-1.5529701080123508,-0.010216908605344414,0.06173841464640849,-2.454318391212492,98.67011686853033,152,-0.16648802504130805,0.31744130228024375,79.87296202742101,119.73028316104542,0.07788524616754329,0.1821231257737363,data/metadata/20260915T175347204551Z/pass_plus_manifest.json
100,28,2020,00-0036389,J.Hurts,184,8,2.51460052318249,0.013666307191209185,0.3967391304347826,13,25,4,0,19932,0.0778852461675433,-0.06421893897633411,-11.816284771645478,3.228934679528171,0.017548558040913972,0.031214865232123155,-8.587350092117306,96.15614046235387,184,-0.1695673890981164,0.21198268236409187,79.61933986573293,111.04451471718754,0.07788524616754329,0.1821231257737363,data/metadata/20260915T175347204551Z/pass_plus_manifest.json
100,29,2020,00-0033319,N.Mullens,347,10,3.1547247839122416,0.009091425890237008,0.47262247838616717,19,2,9,0,19932,0.0778852461675433,-0.0687938202773063,-23.871455636225285,5.182019405784684,0.014933773503702258,0.024025199393939267,-18.689436230440602,95.56398618697239,347,-0.20945067528468606,0.2747526024157502,76.33447809841519,116.21436229571322,0.07788524616754329,0.1821231257737363,data/metadata/20260915T175347204551Z/pass_plus_manifest.json
100,30,2020,00-0033106,J.Goff,595,15,10.060175637567955,0.016907858214399923,0.47394957983193275,23,22,7,0,19932,0.0778852461675433,-0.06097738795314338,-36.281545832120315,3.7378304072424537,0.006282067911331855,0.02318992612573178,-32.54371542487786,95.49519152418651,595,-0.1471223326566374,0.19959465698500212,81.46795653751386,110.02421386359246,0.07788524616754329,0.1821231257737363,data/metadata/20260915T175347204551Z/pass_plus_manifest.json
100,31,2020,00-0027973,A.Dalton,372,11,-8.629204971103277,-0.02319678755672924,0.46774193548387094,24,15,4,0,19932,0.0778852461675433,-0.10108203372427255,-37.60251654542938,1.6262258466611266,0.004371574856615931,-0.01882521270011331,-35.97629069876825,92.03474640108529,372,-0.17125148832733147,0.1569658510191122,79.48063431512861,106.51322597135325,0.07788524616754329,0.1821231257737363,data/metadata/20260915T175347204551Z/pass_plus_manifest.json
100,32,2020,00-0035710,D.Jones,513,14,-23.752184278278307,-0.04630055414869066,0.4346978557504873,45,22,4,0,19932,0.0778852461675433,-0.12418580031623397,-63.70731556222802,9.553495202361853,0.018622797665422717,-0.02767775648326794,-54.15382035986617,91.30563439961279,513,-0.11984141531509591,0.05650152031535559,83.7148637239824,98.23879649319598,0.07788524616754329,0.1821231257737363,data/metadata/20260915T175347204551Z/pass_plus_manifest.json
100,33,2020,00-0027939,C.Newton,417,15,-12.73727898610486,-0.030545033539819806,0.46522781774580335,31,20,7,0,19932,0.0778852461675433,-0.1084302797073631,-45.21542663797042,-1.4300639730568017,-0.0034294100073304595,-0.03397444354715026,-46.64549061102722,90.7870275200253,417,-0.24102794061030755,0.14146901768759598,73.73371568632712,105.23687790196236,0.07788524616754329,0.1821231257737363,data/metadata/20260915T175347204551Z/pass_plus_manifest.json
100,34,2020,00-0036212,T.Tagovailoa,323,10,-9.924372633139523,-0.030725611867305026,0.4582043343653251,20,16,2,0,19932,0.0778852461675433,-0.10861085803484832,-35.081307145256005,-1.3165197014512293,-0.004075912388393899,-0.03480152425569893,-36.39782684670723,90.71890761171863,323,-0.1808259105084645,0.12099844939490614,78.69206706367797,103.55088375330148,0.07788524616754329,0.1821231257737363,data/metadata/20260915T175347204551Z/pass_plus_manifest.json
100,35,2020,00-0026158,J.Flacco,146,5,-7.180033099964493,-0.04917830890386639,0.3835616438356164,7,5,2,0,19932,0.0778852461675433,-0.1270635550714097,-18.551279040425815,1.7090161301152342,0.011705589932296125,-0.037472718971570264,-16.84226291031058,90.49890303751728,146,-0.2805758508642971,0.28399494204958037,70.47647610574339,116.97557860977805,0.07788524616754329,0.1821231257737363,data/metadata/20260915T175347204551Z/pass_plus_manifest.json
100,36,2020,00-0035704,D.Lock,481,13,-40.960404890806025,-0.08515676692475264,0.4095634095634096,19,21,7,0,19932,0.0778852461675433,-0.16304201309229593,-78.42320829739435,-1.458643464354832,-0.003032522794916491,-0.08818928971966913,-79.88185176174919,86.32179176738342,481,-0.2245819659171642,0.037986624213997885,75.08823680685538,96.71387515033807,0.07788524616754329,0.1821231257737363,data/metadata/20260915T175347204551Z/pass_plus_manifest.json
100,37,2020,00-0032434,B.Allen,154,5,-16.366656884602243,-0.10627699275715742,0.461038961038961,7,5,4,0,19932,0.0778852461675433,-0.18416223892470074,-28.36098479440391,-1.8823506174252898,-0.012223055957307076,-0.1185000487144645,-30.2433354118292,83.82534117666168,154,-0.6992855535889599,0.32289693499015193,35.99076478167568,120.17961923685104,0.07788524616754329,0.1821231257737363,data/metadata/20260915T175347204551Z/pass_plus_manifest.json
100,38,2020,00-0029567,N.Foles,332,9,-43.679687281635445,-0.13156532313745617,0.4006024096385542,18,3,6,0,19932,0.0778852461675433,-0.20945056930499947,-69.53758900925982,4.205915474082964,0.01266842010265953,-0.11889690303479664,-65.33167353517686,83.79265551535596,332,-0.25148749687680766,-0.005345456837328673,72.8722471422806,93.14496421160635,0.07788524616754329,0.1821231257737363,data/metadata/20260915T175347204551Z/pass_plus_manifest.json
100,39,2020,00-0032950,C.Wentz,508,12,-71.27326927327758,-0.14030171116786924,0.38976377952755903,50,22,7,0,19932,0.0778852461675433,-0.21818695733541255,-110.83897432638958,1.7550495334303737,0.003454821916201523,-0.1368468892516677,-109.0839247929592,82.31426120321586,508,-0.2467345322909202,-0.02795690954976514,73.26371016206693,91.2826428328929,0.07788524616754329,0.1821231257737363,data/metadata/20260915T175347204551Z/pass_plus_manifest.json
100,40,2020,00-0030520,M.Glennon,190,5,-27.961047321321757,-0.14716340695432503,0.43157894736842106,9,4,3,0,19932,0.0778852461675433,-0.22504865312186834,-42.75924409315498,1.0216523445526662,0.00537711760290877,-0.14178628935141627,-41.73759174860232,81.90744300711113,190,-0.25209918835594464,-0.009792467216392467,72.82186709225635,92.7787001503974,0.07788524616754329,0.1821231257737363,data/metadata/20260915T175347204551Z/pass_plus_manifest.json
100,41,2020,00-0023436,A.Smith,277,8,-37.97345533115853,-0.13708828639407414,0.4151624548736462,22,3,1,0,19932,0.0778852461675433,-0.21497353256161744,-59.54766851956803,-2.269423336744995,-0.00819286403157038,-0.14528115042564452,-61.81709185631302,81.61959973684706,277,-0.381219935663932,0.016765512615825047,62.187241745302664,94.96606485650389,0.07788524616754329,0.1821231257737363,data/metadata/20260915T175347204551Z/pass_plus_manifest.json
100,42,2020,00-0035232,D.Haskins,268,7,-39.74927057021687,-0.14831817376946593,0.3843283582089552,20,7,5,0,19932,0.0778852461675433,-0.22620341993700924,-60.62251654311848,-2.6899066904872586,-0.010036965263012159,-0.15835513903247808,-63.312423233605735,80.54280167361733,268,-0.31219715162913686,-0.05754699385721883,67.87208685282735,88.84554835229832,0.07788524616754329,0.1821231257737363,data/metadata/20260915T175347204551Z/pass_plus_manifest.json
100,43,2020,00-0034869,S.Darnold,422,12,-74.62647057495685,-0.17683997766577453,0.41232227488151657,35,26,4,0,19932,0.0778852461675433,-0.25472522383331786,-107.49404445766012,3.613400546544871,0.008562560536836187,-0.16827741712893834,-103.88064391111526,79.72558436079892,422,-0.2881580244569903,-0.058876821853603274,69.85199416031656,88.73602124056542,0.07788524616754329,0.1821231257737363,data/metadata/20260915T175347204551Z/pass_plus_manifest.json
100,44,2020,00-0036312,J.Luton,118,3,-32.876476049668895,-0.27861420381075336,0.3728813559322034,7,1,0,0,19932,0.0778852461675433,-0.35649944997829663,-42.06693509743901,0.7258748076778492,0.0061514814209987214,-0.27246272238975466,-41.34106028976116,71.14468848460037,118,-0.6210774032104255,0.09649868478894313,42.43213377693148,101.53303748842895,0.07788524616754329,0.1821231257737363,data/metadata/20260915T175347204551Z/pass_plus_manifest.json
100,1,2021,00-0023459,A.Rodgers,575,16,141.11106048928247,0.2454105399813608,0.5130434782608696,30,17,8,0,20799,0.04047878194474436,0.20493175803661645,117.83576087105446,1.1821856871232708,0.002055975108040471,0.2474665150894013,119.01794655817773,116.78090100127177,575,0.12128298624087891,0.3606264214279955,106.55095513236203,125.95499628088932,0.040478781944744364,0.18502081604167445,data/metadata/20260915T175349423779Z/pass_plus_manifest.json
100,2,2021,00-0033873,P.Mahomes,732,17,158.73680074979345,0.2168535529368763,0.5286885245901639,28,46,14,0,20799,0.04047878194474436,0.17637477099213195,129.10633236624057,4.283945180486333,0.005852384126347449,0.22270593706322375,133.3902775467269,114.7735124363602,732,0.08948321814797537,0.36333935272855655,103.97288563943474,126.1749389358782,0.040478781944744364,0.18502081604167445,data/metadata/20260915T175349423779Z/pass_plus_manifest.json
100,3,2021,00-0019596,T.Brady,749,17,142.0829989999203,0.18969692790376544,0.5126835781041389,22,10,5,0,20799,0.04047878194474436,0.14921814595902108,111.76439132330678,4.610484501358616,0.006155520028516177,0.19585244793228163,116.3748758246654,112.5964474683114,749,0.0784639184700792,0.30578230673823387,103.07952942847082,121.50867646700888,0.040478781944744364,0.18502081604167445,data/metadata/20260915T175349423779Z/pass_plus_manifest.json
100,4,2021,00-0026498,M.Stafford,639,17,120.58315111523592,0.18870602678440676,0.5023474178403756,30,8,8,0,20799,0.04047878194474436,0.1482272448396624,94.71720945254428,0.9530180830123757,0.0014914211001758617,0.19019744788458262,95.67022753555666,112.13798553667459,639,0.04412202975379645,0.342024650290726,100.29536523676056,124.44691425515555,0.040478781944744364,0.18502081604167445,data/metadata/20260915T175349423779Z/pass_plus_manifest.json
100,5,2021,00-0031503,J.Winston,189,7,33.34137558162851,0.17640939461179106,0.47619047619047616,11,17,3,0,20799,0.04047878194474436,0.1359306126670467,25.69088579407183,2.1784552813967193,0.011526218420088462,0.18793561303187953,27.869341075468547,111.95461415438156,189,-0.1067933491177785,0.5293986795353122,88.06035983842885,139.63769385930414,0.040478781944744364,0.18502081604167445,data/metadata/20260915T175349423779Z/pass_plus_manifest.json
100,6,2021,00-0033077,D.Prescott,646,16,112.89745462938158,0.17476386165538946,0.5030959752321982,30,20,8,0,20799,0.04047878194474436,0.1342850797106451,86.74816149307674,-0.9401399939524555,-0.0014553250680378568,0.1733085365873516,85.80802149912428,110.76876841355151,646,0.012086779144219092,0.33761890597579164,97.6982047149119,124.08973193298306,0.040478781944744364,0.18502081604167445,data/metadata/20260915T175349423779Z/pass_plus_manifest.json
100,7,2021,00-0031345,J.Garoppolo,473,15,76.48748823416882,0.16170716328576917,0.4883720930232558,29,6,11,0,20799,0.04047878194474436,0.12122838134102482,57.34102437430474,2.161617742101614,0.004570016368079522,0.1662771796538487,59.50264211640635,110.19872253299077,473,0.0370481083587039,0.3063806258379543,99.7218685719178,121.55718336849063,0.040478781944744364,0.18502081604167445,data/metadata/20260915T175349423779Z/pass_plus_manifest.json
100,8,2021,00-0036442,J.Burrow,589,16,101.24408365070218,0.17189148327793238,0.48896434634974534,51,20,12,0,20799,0.04047878194474436,0.13141270133318803,77.40208108524776,-4.740372858104645,-0.008048171236170874,0.1638433120417615,72.66170822714311,110.00140411789371,589,-0.010010808906160162,0.3344119110679729,95.90670996395896,123.82973457351598,0.040478781944744364,0.18502081604167445,data/metadata/20260915T175349423779Z/pass_plus_manifest.json
100,9,2021,00-0034857,J.Allen,718,17,121.68343800176036,0.1694755403924239,0.5125348189415042,26,46,14,0,20799,0.04047878194474436,0.12899675844767955,92.61967256543392,-5.708723408191959,-0.007950868256534762,0.16152467213588914,86.91094915724196,109.81342743866291,718,0.05315273919147165,0.2806831926838685,101.02750254143344,119.47384212312252,0.040478781944744364,0.18502081604167445,data/metadata/20260915T175349423779Z/pass_plus_manifest.json
100,10,2021,00-0036355,J.Herbert,738,17,124.2103630903322,0.16830672505465066,0.5013550135501355,31,36,6,0,20799,0.04047878194474436,0.1278279431099063,94.33702201511086,-6.1462088162617015,-0.008328196227996885,0.15997852882665378,88.19081319884916,109.68807857179105,738,0.04015169118416258,0.2714085354779877,99.97348211129054,118.72192749500373,0.040478781944744364,0.18502081604167445,data/metadata/20260915T175349423779Z/pass_plus_manifest.json
100,11,2021,00-0035228,K.Murray,541,14,76.6981390468623,0.141771051842629,0.5046210720887245,31,29,5,0,20799,0.04047878194474436,0.10129226989788465,54.79911801475559,1.954698590345894,0.00361312123908668,0.1453841730817157,56.753816605101484,108.50488556217444,541,0.01630322173880619,0.28013679374406664,98.04003997578633,119.42954449071351,0.040478781944744364,0.18502081604167445,data/metadata/20260915T175349423779Z/pass_plus_manifest.json
100,12,2021,00-0029604,K.Cousins,599,16,68.8653018821845,0.11496711499529966,0.4557595993322204,28,15,7,0,20799,0.04047878194474436,0.0744883330505553,44.618511497282626,1.4397253185519863,0.0024035481111051526,0.11737066310640482,46.05823681583461,106.23377543186879,599,-0.0031583661794212037,0.23539514823434107,96.4622509192963,115.80225164332538,0.040478781944744364,0.18502081604167445,data/metadata/20260915T175349423779Z/pass_plus_manifest.json
100,13,2021,00-0027688,C.McCoy,108,4,13.008698115391743,0.12045090847584948,0.49074074074074076,6,3,1,0,20799,0.04047878194474436,0.07997212653110512,8.636989665359351,-1.05855706692756,-0.009801454323403333,0.11064945415244615,7.5784325984317915,105.68887385556901,108,-0.5672640105150353,0.4446534543101568,50.729101287482386,132.7672324400279,0.040478781944744364,0.18502081604167445,data/metadata/20260915T175349423779Z/pass_plus_manifest.json
100,14,2021,00-0031237,T.Bridgewater,472,14,57.56377544773157,0.12195715137231265,0.4788135593220339,31,15,13,0,20799,0.04047878194474436,0.0814783694275683,38.45779036981224,-6.100315103298766,-0.012924396405293996,0.10903275496701866,32.35747526651347,105.55780488559998,472,-0.02557872878163668,0.2477123627125875,94.64458820313206,116.80083234968265,0.040478781944744364,0.18502081604167445,data/metadata/20260915T175349423779Z/pass_plus_manifest.json
100,15,2021,00-0036389,J.Hurts,506,15,39.91354953949655,0.07888053268675208,0.45454545454545453,26,50,6,0,20799,0.04047878194474436,0.03840175074200772,19.431285875455906,-4.1761503720762825,-0.00825326160489384,0.07062727108185823,15.255135503379623,102.44419707323551,506,-0.08179183396260588,0.21189796167578978,90.08728164836789,113.89728869959433,0.040478781944744364,0.18502081604167445,data/metadata/20260915T175349423779Z/pass_plus_manifest.json
100,16,2021,00-0036972,M.Jones,563,17,36.19046351005787,0.06428146271768716,0.4849023090586146,28,15,7,0,20799,0.04047878194474436,0.0238026807729428,13.400909275166793,-3.9358665288404,-0.006990881933997157,0.05729058078369,9.465042746326393,101.3629654650717,563,-0.06831423629444061,0.19789774935794002,91.17993689304558,112.76226406149931,0.040478781944744364,0.18502081604167445,data/metadata/20260915T175349423779Z/pass_plus_manifest.json
100,17,2021,00-0034796,L.Jackson,465,12,27.572024923595052,0.05929467725504312,0.49032258064516127,38,49,4,0,20799,0.04047878194474436,0.018815895310298765,8.749391319288925,-1.1062455770395028,-0.0023790227463215113,0.05691565450872161,7.6431457422494224,101.3325694575043,465,-0.1009237898949615,0.22768811817775111,88.53621650269967,115.17742761907715,0.040478781944744364,0.18502081604167445,data/metadata/20260915T175349423779Z/pass_plus_manifest.json
100,18,2021,00-0036212,T.Tagovailoa,425,13,27.00979545673312,0.06355245989819558,0.4894117647058824,20,18,6,0,20799,0.04047878194474436,0.02307367795345122,9.806313130216768,-4.138789633765966,-0.009738328550037567,0.05381413134815801,5.667523496450802,101.08112289919936,425,-0.0778307870940649,0.1658982788155525,90.40841147742849,110.16800429978849,0.040478781944744364,0.18502081604167445,data/metadata/20260915T175349423779Z/pass_plus_manifest.json
100,19,2021,00-0029701,R.Tannehill,596,17,34.832228441152644,0.058443336310658796,0.4949664429530201,47,19,11,0,20799,0.04047878194474436,0.01796455436591444,10.706874402085006,-8.596071129899686,-0.01442293813741558,0.044020398173243214,2.1108032721853203,100.28712576543559,596,-0.09498441500932135,0.1945955352352855,89.0177332595198,112.49454709375735,0.040478781944744364,0.18502081604167445,data/metadata/20260915T175349423779Z/pass_plus_manifest.json
100,20,2021,00-0031280,D.Carr,680,17,29.989191501149563,0.044101752207572884,0.4661764705882353,40,17,16,0,20799,0.04047878194474436,0.003622970262828526,2.463619778723398,-1.1433048110667947,-0.0016813306045099922,0.04242042160306289,1.3203149676566035,100.15741253064313,680,-0.07603313811004817,0.17250303434844075,90.5541504020378,110.70346476911757,0.040478781944744364,0.18502081604167445,data/metadata/20260915T175349423779Z/pass_plus_manifest.json
100,21,2021,00-0029263,R.Wilson,456,14,14.941937456380883,0.03276740670258965,0.4407894736842105,33,23,8,0,20799,0.04047878194474436,-0.0077113752421547055,-3.516387110422544,1.8646258608355273,0.004089091800077911,0.03685649850266756,-1.6517612495870166,99.70633438553793,456,-0.11485306361440759,0.20648168530535488,87.40694299574125,113.45818056411716,0.040478781944744364,0.18502081604167445,data/metadata/20260915T175349423779Z/pass_plus_manifest.json
100,22,2021,00-0032950,C.Wentz,574,17,13.472786658209527,0.023471753759946912,0.44773519163763065,32,26,7,0,20799,0.04047878194474436,-0.017007028184797445,-9.762034178073735,-2.847935936000945,-0.004961560864113144,0.01851019289583377,-12.609970114074681,98.21896345079661,574,-0.10197003707032673,0.150477814696232,88.45139519466402,108.91783706596921,0.040478781944744364,0.18502081604167445,data/metadata/20260915T175349423779Z/pass_plus_manifest.json
100,23,2021,00-0030565,G.Smith,111,4,-0.4814082288761541,-0.004337011070956343,0.43243243243243246,13,4,4,0,20799,0.04047878194474436,-0.0448157930157007,-4.974553024742777,0.1269391974499515,0.0011435963734229865,-0.003193414697533357,-4.847613827292825,96.45940946727522,111,-0.1659901575076576,0.21848725636306138,83.26115861964176,114.43149572788248,0.040478781944744364,0.18502081604167445,data/metadata/20260915T175349423779Z/pass_plus_manifest.json
100,24,2021,00-0034401,M.White,136,4,-6.364145533085525,-0.046795187743275915,0.5,4,0,2,0,20799,0.04047878194474436,-0.08727396968802027,-11.869259877570757,4.160285655770933,0.030590335704198033,-0.016204852039077882,-7.708974221799824,95.40454675345383,136,-0.20721087785725584,0.2671437662548675,79.91931407224389,118.37617429968546,0.040478781944744364,0.18502081604167445,data/metadata/20260915T175349423779Z/pass_plus_manifest.json
100,25,2021,00-0034855,B.Mayfield,484,14,-9.250747724710623,-0.019113115133699635,0.4297520661157025,43,25,7,0,20799,0.04047878194474436,-0.05959189707844399,-28.84247818596689,-0.33863585165659993,-0.0006996608505301651,-0.0198127759842298,-29.18111403762349,95.11204529153676,484,-0.12328905412196535,0.09839314453522932,86.72302071974791,104.69523082560399,0.040478781944744364,0.18502081604167445,data/metadata/20260915T175349423779Z/pass_plus_manifest.json
100,26,2021,00-0035710,D.Jones,405,11,-12.879230673287157,-0.03180056956367199,0.4222222222222222,22,23,8,0,20799,0.04047878194474436,-0.07227935150841636,-29.27313736090862,3.9228513954548543,0.009686052828283592,-0.0221145167353884,-25.350285965453764,94.92543865988294,405,-0.16834492190950992,0.13486896205011897,83.07025325675639,107.65239680524223,0.040478781944744364,0.18502081604167445,data/metadata/20260915T175349423779Z/pass_plus_manifest.json
100,27,2021,00-0026143,M.Ryan,616,17,-18.645758688513943,-0.030269088780055103,0.461038961038961,40,17,14,0,20799,0.04047878194474436,-0.07074787072479946,-43.580688366476465,4.532685926960489,0.007358256374935858,-0.022910832405119246,-39.048002439515976,94.8608797886083,616,-0.17056145965377942,0.1193464490226851,82.8905541997781,106.39395626653516,0.040478781944744364,0.18502081604167445,data/metadata/20260915T175349423779Z/pass_plus_manifest.json
100,28,2021,00-0032156,T.Siemian,200,6,-5.741915959365184,-0.02870957979682592,0.42,9,3,4,0,20799,0.04047878194474436,-0.06918836174157028,-13.837672348314054,0.9371717275309714,0.004685858637654857,-0.024023721159171063,-12.900500620783083,94.77065571724211,200,-0.12331037476133298,0.11020051627837539,86.72129221374865,105.6524775826786,0.040478781944744364,0.18502081604167445,data/metadata/20260915T175349423779Z/pass_plus_manifest.json
100,29,2021,00-0031800,T.Heinicke,569,16,-26.997724211640474,-0.0474476699677337,0.44815465729349735,38,40,5,0,20799,0.04047878194474436,-0.08792645191247805,-50.03015113820001,8.683027397126674,0.015260153597762168,-0.032187516369971525,-41.34712374107334,94.1088008471694,569,-0.20788958355529968,0.1283398195714731,79.86429007176406,107.12306643434154,0.040478781944744364,0.18502081604167445,data/metadata/20260915T175349423779Z/pass_plus_manifest.json
100,30,2021,00-0033357,T.Hill,157,11,-4.507309833162701,-0.02870897982906179,0.445859872611465,9,16,1,0,20799,0.04047878194474436,-0.06918776177380614,-10.862478598487565,-1.485683342983372,-0.009462951229193453,-0.03817193105825524,-12.348161941470936,93.62363262531896,157,-0.24128347044441242,0.31040459704247486,77.15698224525514,121.8834145967337,0.040478781944744364,0.18502081604167445,data/metadata/20260915T175349423779Z/pass_plus_manifest.json
100,31,2021,00-0035993,T.Huntley,228,6,-13.887236892228072,-0.060908933737842424,0.4298245614035088,18,25,4,0,20799,0.04047878194474436,-0.10138771568258678,-23.116399175629788,2.728490723884839,0.011967064578442276,-0.048941869159400145,-20.38790845174495,92.75049264586505,228,-0.2159503629795462,0.10535197119050428,79.21078689330837,105.25939653442678,0.040478781944744364,0.18502081604167445,data/metadata/20260915T175349423779Z/pass_plus_manifest.json
100,32,2021,00-0028118,T.Taylor,177,6,-7.8080883734726125,-0.04411349363543849,0.423728813559322,13,15,2,0,20799,0.04047878194474436,-0.08459227558018284,-14.972832777692364,-2.3582477967077033,-0.01332343387970454,-0.05743692751514303,-17.33108057440007,92.06178162370935,177,-0.4111333920813125,0.3647203237353097,63.38691637342566,126.28689696062625,0.040478781944744364,0.18502081604167445,data/metadata/20260915T175349423779Z/pass_plus_manifest.json
100,33,2021,00-0035704,D.Lock,126,6,-5.288658447086654,-0.041973479738782966,0.3968253968253968,9,7,2,0,20799,0.04047878194474436,-0.08245226168352732,-10.388984972124444,-2.0331517286000578,-0.01613612483015919,-0.05810960456894215,-12.4221367007245,92.00724637722814,126,-0.3282700917720188,0.15364982428149435,70.10480645320696,109.17499809680272,0.040478781944744364,0.18502081604167445,data/metadata/20260915T175349423779Z/pass_plus_manifest.json
100,34,2021,00-0033106,J.Goff,535,14,-35.712100593461976,-0.06675158989432145,0.4504672897196262,35,11,12,0,20799,0.04047878194474436,-0.10723037183906581,-57.368248933900205,3.6604473731466847,0.006841957706816233,-0.05990963218750522,-53.70780156075352,91.86131461205657,535,-0.1891815430659441,0.07450336955784655,81.38098756204604,102.7584399697036,0.040478781944744364,0.18502081604167445,data/metadata/20260915T175349423779Z/pass_plus_manifest.json
100,35,2021,00-0022924,B.Roethlisberger,644,16,-44.2604722817656,-0.06872744143131304,0.39596273291925466,38,3,14,0,20799,0.04047878194474436,-0.1092062233760574,-70.32880785418097,3.9099878480124355,0.006071409701882664,-0.06265603172943038,-66.41882000616853,91.63865862117824,644,-0.16054894991552215,0.0374784759527051,83.7022879781008,99.75675931582502,0.040478781944744364,0.18502081604167445,data/metadata/20260915T175349423779Z/pass_plus_manifest.json
100,36,2021,00-0036971,T.Lawrence,663,17,-59.17700039364243,-0.08925641085013941,0.4434389140271493,32,32,8,0,20799,0.04047878194474436,-0.12973519279488377,-86.01443282300794,-6.734634405077735,-0.010157819615501862,-0.09941423046564127,-92.74906722808566,88.65859944276141,663,-0.18931095482138893,-0.007664735080795914,81.37049589752309,96.09691076478418,0.040478781944744364,0.18502081604167445,data/metadata/20260915T175349423779Z/pass_plus_manifest.json
100,37,2021,00-0033119,J.Brissett,256,8,-22.55911069546031,-0.08812152615414183,0.42578125,19,13,5,0,20799,0.04047878194474436,-0.12860030809888617,-32.92167887331486,-3.3552478471608516,-0.013106436902972076,-0.1012279630571139,-36.276926720475714,88.51155658858893,256,-0.21886534243924008,-0.009469532953149288,78.97446379825965,95.95059226579323,0.040478781944744364,0.18502081604167445,data/metadata/20260915T175349423779Z/pass_plus_manifest.json
100,38,2021,00-0027973,A.Dalton,265,8,-28.886753766374234,-0.10900661798631786,0.43018867924528303,18,12,5,0,20799,0.04047878194474436,-0.14948539993106222,-39.61363098173149,1.13789864845078,0.004293957163965208,-0.10471266082235266,-38.47573233328071,88.22904531446933,265,-0.2711909042388293,0.131825945074362,74.73232800086349,107.40569345794927,0.040478781944744364,0.18502081604167445,data/metadata/20260915T175349423779Z/pass_plus_manifest.json
100,39,2021,00-0036945,J.Fields,349,12,-42.966680046449774,-0.12311369640816554,0.42406876790830944,36,45,5,0,20799,0.04047878194474436,-0.1635924783529099,-57.093774945165556,3.085842235235013,0.00884195482875362,-0.11427174157941192,-54.00793270993054,87.45407191188964,349,-0.3357601613181052,0.0852698533211095,69.49757184255651,103.6312998992186,0.040478781944744364,0.18502081604167445,data/metadata/20260915T175349423779Z/pass_plus_manifest.json
100,40,2021,00-0036898,D.Mills,433,13,-56.0132853201117,-0.12936093607416096,0.42494226327944573,31,10,9,0,20799,0.04047878194474436,-0.16983971801890532,-73.54059790218601,1.0037165058856048,0.0023180519766411198,-0.12704288409751985,-72.5368813963004,86.41869037012587,433,-0.34711793331995355,0.09130358354164526,68.57677501724496,104.12046622787457,0.040478781944744364,0.18502081604167445,data/metadata/20260915T175349423779Z/pass_plus_manifest.json
100,41,2021,00-0034869,S.Darnold,464,12,-70.30980523908501,-0.15152975267044183,0.41594827586206895,35,23,7,0,20799,0.04047878194474436,-0.1920085346151862,-89.09196006144639,5.659696848651081,0.012197622518644572,-0.13933213015179727,-83.4322632127953,85.42237711868805,464,-0.31684526635678184,0.037843375417091756,71.0310394300951,99.78634243021669,0.040478781944744364,0.18502081604167445,data/metadata/20260915T175349423779Z/pass_plus_manifest.json
100,42,2021,00-0037013,Z.Wilson,442,13,-85.2503560149462,-0.19287410863110002,0.36877828054298645,44,16,3,0,20799,0.04047878194474436,-0.23335289057584438,-103.14197763452322,1.747715917257347,0.0039541084100844955,-0.18892000022101552,-101.39426171726586,81.40219135282949,442,-0.3409073080602755,-0.02356195540677639,69.08028257324983,94.8080919713572,0.040478781944744364,0.18502081604167445,data/metadata/20260915T175349423779Z/pass_plus_manifest.json
100,43,2021,00-0027939,C.Newton,141,6,-38.538640134262096,-0.27332368889547587,0.375886524822695,10,5,1,0,20799,0.04047878194474436,-0.3138024708402202,-44.24614838847105,1.1736552254749475,0.008323795925354238,-0.2649998929701216,-43.0724931629961,75.2342454121979,141,-0.49237452677225474,-0.0661373310167611,56.80053843803892,91.35642286832004,0.040478781944744364,0.18502081604167445,data/metadata/20260915T175349423779Z/pass_plus_manifest.json
100,44,2021,00-0030520,M.Glennon,177,6,-77.56161061234073,-0.4382011899002301,0.3559322033898305,9,4,2,0,20799,0.04047878194474436,-0.47867997184497446,-84.72635501656048,2.8814970996804545,0.01627964463096302,-0.42192154526926706,-81.84485791688002,62.51229966120194,177,-0.9284891468315679,-0.168599480962058,21.443871870228364,83.04961565570201,0.040478781944744364,0.18502081604167445,data/metadata/20260915T175349423779Z/pass_plus_manifest.json
100,1,2022,00-0033873,P.Mahomes,720,17,209.30933992853537,0.2907074165674102,0.5333333333333333,26,46,12,0,20210,0.015473245525922667,0.27523417104148756,198.16860314987105,-1.5354049865869408,-0.0021325069258151955,0.28857490964159505,196.6331981632841,122.66474337460305,720,0.1999405905933548,0.39378847501357894,115.30896946558653,131.39643113785672,0.01547324552592266,0.18074437879254537,data/metadata/20260915T175351369838Z/pass_plus_manifest.json
100,2,2022,00-0036212,T.Tagovailoa,430,13,94.75122796508762,0.22035169294206425,0.4930232558139535,21,10,5,0,20210,0.015473245525922667,0.20487844741614158,88.09773238894087,3.3328547337047567,0.0077508249621040855,0.22810251790416833,91.43058712264562,117.64613155319456,430,0.0625128042044308,0.38597059821738855,103.9038192218829,130.74762450427698,0.01547324552592266,0.18074437879254537,data/metadata/20260915T175351369838Z/pass_plus_manifest.json
100,3,2022,00-0034857,J.Allen,650,16,140.52403189440423,0.21619081829908343,0.5215384615384615,33,51,7,0,20210,0.015473245525922667,0.20071757277316077,130.4664223025545,-0.8010437397567174,-0.0012323749842411036,0.21495844331484232,129.66537856279777,116.55530305740943,650,0.12422847390758064,0.30650446541160115,109.02561084678199,124.15271958911525,0.01547324552592266,0.18074437879254537,data/metadata/20260915T175351369838Z/pass_plus_manifest.json
100,4,2022,00-0034869,S.Darnold,156,6,27.96211131041631,0.17924430327189944,0.47435897435897434,10,9,2,0,20210,0.015473245525922667,0.16377105774597678,25.548285008372375,1.1937781134579764,0.007652423804217797,0.18689672707611724,26.742063121830352,114.22645749998269,156,-0.09443767464244072,0.40714373108750984,90.87847813835609,132.50478561309546,0.01547324552592266,0.18074437879254537,data/metadata/20260915T175351369838Z/pass_plus_manifest.json
100,5,2022,00-0031345,J.Garoppolo,329,11,61.50697438111423,0.1869512899122013,0.49848024316109424,18,3,7,0,20210,0.015473245525922667,0.17147804438627864,56.41627660308568,-1.2118157876984972,-0.00368333066169756,0.18326795925050374,55.20446081538718,113.9253055762115,329,0.04439514024092373,0.3376253178098593,102.40023188341009,126.73544326269445,0.01547324552592266,0.18074437879254537,data/metadata/20260915T175351369838Z/pass_plus_manifest.json
100,6,2022,00-0037834,B.Purdy,187,7,36.90996630578262,0.19737949896140436,0.48663101604278075,11,6,0,0,20210,0.015473245525922667,0.1819062534354817,34.01646939243508,-3.2454188763163696,-0.01735518115677203,0.18002431780463232,30.771050516118706,113.65611534184235,187,0.07807230579740605,0.28645228699979536,105.19510432548499,122.48858663966226,0.01547324552592266,0.18074437879254537,data/metadata/20260915T175351369838Z/pass_plus_manifest.json
100,7,2022,00-0033106,J.Goff,624,17,96.89163248518943,0.15527505205959846,0.4823717948717949,23,15,9,0,20210,0.015473245525922667,0.1398018065336758,87.23632727701369,2.332234296363146,0.0037375549621204264,0.15901260702171888,89.56856157337683,111.91235067347912,624,0.027398837067923048,0.27170414498072115,100.98970642586525,121.26463637485193,0.01547324552592266,0.18074437879254537,data/metadata/20260915T175351369838Z/pass_plus_manifest.json
100,8,2022,00-0036442,J.Burrow,673,16,99.87692525113884,0.1484055352914396,0.5022288261515602,41,27,13,0,20210,0.015473245525922667,0.13293228976551694,89.46343101219288,3.060920324750423,0.004548172845097211,0.1529537081365368,92.52435133694331,111.40952185033743,673,0.020829682863748266,0.2890523451351492,100.4445314460352,122.70436580961959,0.01547324552592266,0.18074437879254537,data/metadata/20260915T175351369838Z/pass_plus_manifest.json
100,9,2022,00-0036971,T.Lawrence,633,17,92.1847540355132,0.14563152296289605,0.5039494470774092,27,24,8,0,20210,0.015473245525922667,0.1301582774369734,82.39018961760415,3.0007330514765282,0.0047404945520956214,0.15037201751499168,85.39092266908068,111.19526700279042,633,0.037098415637486504,0.2586449855172968,101.79467573951925,120.18085499664265,0.01547324552592266,0.18074437879254537,data/metadata/20260915T175351369838Z/pass_plus_manifest.json
100,10,2022,00-0036389,J.Hurts,541,15,68.56420093026351,0.12673604608181796,0.4658040665434381,38,43,7,0,20210,0.015473245525922667,0.1112628005558953,60.193175100739346,-2.405958198980569,-0.0044472425119788704,0.1222888035698391,57.787216901758775,108.86463734785222,541,-0.008811770515297792,0.24412388302147411,97.98458329353404,118.97574677201928,0.01547324552592266,0.18074437879254537,data/metadata/20260915T175351369838Z/pass_plus_manifest.json
100,11,2022,00-0033119,J.Brissett,413,12,32.338193198685545,0.07830070992417808,0.4552058111380145,24,23,5,0,20210,0.015473245525922667,0.06282746439825541,25.947742796479485,2.134203820160816,0.005167563729202945,0.08346827365338103,28.081946616640302,105.64291641447132,413,-0.07846998402574197,0.2636969286901215,92.20363890324711,120.60011643148566,0.01547324552592266,0.18074437879254537,data/metadata/20260915T175351369838Z/pass_plus_manifest.json
100,12,2022,00-0033077,D.Prescott,429,12,34.02608114869815,0.07931487447248985,0.4965034965034965,20,15,5,0,20210,0.015473245525922667,0.06384162894656718,27.388058818077322,-2.00404237458608,-0.004671427446587599,0.07464344702590225,25.38401644349124,104.91054288066357,429,-0.08128299747005595,0.24255726411667194,91.97018654391735,118.84573286105275,0.01547324552592266,0.18074437879254537,data/metadata/20260915T175351369838Z/pass_plus_manifest.json
100,13,2022,00-0029701,R.Tannehill,370,12,24.110114105477276,0.065162470555344,0.46216216216216216,33,13,7,0,20210,0.015473245525922667,0.04968922502942133,18.38501326088589,1.7629468022662782,0.004764721087206158,0.06992719164255015,20.14796006315217,104.51914022005037,370,-0.08508302924148299,0.21868860521256236,91.65482140253816,116.86486968869052,0.01547324552592266,0.18074437879254537,data/metadata/20260915T175351369838Z/pass_plus_manifest.json
100,14,2022,00-0035710,D.Jones,565,16,33.35522648077254,0.05903579908101334,0.4814159292035398,44,54,11,0,20210,0.015473245525922667,0.04356255355509067,24.61284275862623,-0.1813585002831536,-0.000320988496076378,0.058714810584936966,24.431484258343076,103.58862322700332,565,-0.02732535217377231,0.16780842219924194,96.44813869297548,112.64231654320213,0.01547324552592266,0.18074437879254537,data/metadata/20260915T175351369838Z/pass_plus_manifest.json
100,15,2022,00-0034796,L.Jackson,377,12,17.833132920026465,0.047302739840919004,0.4562334217506631,26,26,4,0,20210,0.015473245525922667,0.031829494314996334,11.99971935675362,0.7936473718718919,0.002105165442631013,0.04940790528355002,12.79336672862551,102.81624192002481,377,-0.09524843096062398,0.20050044939526904,90.81119336383645,115.3554322219102,0.01547324552592266,0.18074437879254537,data/metadata/20260915T175351369838Z/pass_plus_manifest.json
100,16,2022,00-0019596,T.Brady,756,17,38.56300232199324,0.05100926233067889,0.47354497354497355,22,4,4,0,20210,0.015473245525922667,0.035536016804756224,26.865228704395705,-2.142498662375366,-0.002833992939649955,0.04817526939102893,24.722730042020338,102.71394530360259,756,-0.027699780343946215,0.12973881430732706,96.4170648494063,109.4829147283653,0.01547324552592266,0.18074437879254537,data/metadata/20260915T175351369838Z/pass_plus_manifest.json
100,17,2022,00-0029604,K.Cousins,698,17,26.44357512390146,0.03788477811447201,0.47707736389684813,46,12,13,0,20210,0.015473245525922667,0.022411532588549343,15.64324974680744,3.8568503097431095,0.0055255735096606156,0.04341035162413263,19.50010005655055,102.31850414531638,698,-0.07431914534767999,0.16603190615994176,92.54811755639733,112.49488324116794,0.01547324552592266,0.18074437879254537,data/metadata/20260915T175351369838Z/pass_plus_manifest.json
100,18,2022,00-0031280,D.Carr,543,15,19.547376166519456,0.035998851135394944,0.4180478821362799,27,14,8,0,20210,0.015473245525922667,0.020525605609472277,11.145403845943449,2.1564278849691596,0.003971322071766408,0.039970173207161355,13.301831730912609,102.03300328161428,543,-0.06397010715023428,0.14177295286722547,93.40698561082165,110.48162948566166,0.01547324552592266,0.18074437879254537,data/metadata/20260915T175351369838Z/pass_plus_manifest.json
100,19,2022,00-0030565,G.Smith,650,17,27.01388867141844,0.04155982872525914,0.49230769230769234,46,33,14,0,20210,0.015473245525922667,0.02608658319933647,16.956279079568706,-2.6403624559533387,-0.004062096086082059,0.03749773263917708,14.315916623615367,101.82781511052139,650,-0.07107766944908309,0.1559751165833661,92.81712807171057,111.66026893860212,0.01547324552592266,0.18074437879254537,data/metadata/20260915T175351369838Z/pass_plus_manifest.json
100,20,2022,00-0036355,J.Herbert,757,17,19.45949943724036,0.02570607587482214,0.4583883751651255,38,22,10,0,20210,0.015473245525922667,0.010232830348899474,7.746252574116902,-5.293347231822922,-0.006992532670836093,0.018713543203986046,2.4529053422939793,100.26891273463468,757,-0.07668622908135043,0.12606072096827314,92.3516729629762,109.17766927368295,0.01547324552592266,0.18074437879254537,data/metadata/20260915T175351369838Z/pass_plus_manifest.json
100,21,2022,00-0033869,M.Trubisky,194,7,0.7752850438884091,0.003996314659218604,0.4381443298969072,11,4,2,0,20210,0.015473245525922667,-0.011476930866704062,-2.226524588140588,1.9595139006023858,0.010100587116507144,0.014096901775725748,-0.26701068753820234,99.88577704938393,194,-0.181677927071213,0.26889996175647773,83.63839800323015,121.03191683665855,0.01547324552592266,0.18074437879254537,data/metadata/20260915T175351369838Z/pass_plus_manifest.json
100,22,2022,00-0035264,J.Stidham,101,3,0.37632403524617786,0.00372598054699186,0.504950495049505,7,11,5,0,20210,0.015473245525922667,-0.011747264978930807,-1.1864737628720115,1.0159518639457525,0.01005892934599755,0.01378490989298941,-0.1705218989262589,99.85988480160113,101,-0.1492529300847214,0.2706899492284672,86.32935280938557,121.18046813468071,0.01547324552592266,0.18074437879254537,data/metadata/20260915T175351369838Z/pass_plus_manifest.json
100,23,2022,00-0027973,A.Dalton,414,14,6.6497028440938335,0.01606208416447786,0.49033816425120774,25,11,3,0,20210,0.015473245525922667,0.0005888386385551926,0.24377919636184942,-1.8618822853574952,-0.004497300206177525,0.011564783958300334,-1.6181030889956458,99.6756362554344,414,-0.08904811419286691,0.11409853793602608,91.32575847583423,108.18492611518255,0.01547324552592266,0.18074437879254537,data/metadata/20260915T175351369838Z/pass_plus_manifest.json
100,24,2022,00-0032268,M.Mariota,351,13,-1.323283240314744,-0.0037700377216944277,0.4672364672364672,28,27,10,0,20210,0.015473245525922667,-0.019243283247617093,-6.7543924199136,0.8575385891982555,0.0024431298837557136,-0.001326907837938714,-5.896853830715345,98.6057530411656,351,-0.11242274174085615,0.13591459178442833,89.38589503132694,109.99544332137259,0.01547324552592266,0.18074437879254537,data/metadata/20260915T175351369838Z/pass_plus_manifest.json
100,25,2022,00-0038102,K.Pickett,443,13,-2.9738923607498995,-0.0067130753064331816,0.44243792325056436,27,28,6,0,20210,0.015473245525922667,-0.022186320832355846,-9.828540128733641,0.08317319243001753,0.00018774987004518628,-0.006525325436387995,-9.745366936303624,98.17433567428726,443,-0.09439548470545298,0.09429423773236228,90.88197948682979,106.54136461114307,0.01547324552592266,0.18074437879254537,data/metadata/20260915T175351369838Z/pass_plus_manifest.json
100,26,2022,00-0023459,A.Rodgers,585,17,-4.8356326597282075,-0.008266038734578133,0.4495726495726496,32,13,8,0,20210,0.015473245525922667,-0.0237392842605008,-13.887481292392966,-2.3755306654931063,-0.004060736180330096,-0.012326774914908228,-16.26301195788607,97.69287261159536,585,-0.09697411837887009,0.07677535994214908,90.6679783358139,105.08747061671454,0.01547324552592266,0.18074437879254537,data/metadata/20260915T175351369838Z/pass_plus_manifest.json
100,27,2022,00-0035228,K.Murray,437,11,-2.248339622101331,-0.005144941927005334,0.4302059496567506,25,25,4,0,20210,0.015473245525922667,-0.020618187452928,-9.010147916929537,-3.3550840941344187,-0.00767753797284764,-0.012822479899852975,-12.365232011063956,97.65173398906201,437,-0.10449615234006704,0.09697766798656803,90.04372373840008,106.76406284431626,0.01547324552592266,0.18074437879254537,data/metadata/20260915T175351369838Z/pass_plus_manifest.json
100,28,2022,00-0031800,T.Heinicke,289,9,-11.74271160420282,-0.04063222008374678,0.43944636678200694,19,13,3,0,20210,0.015473245525922667,-0.05610546560966945,-16.21447956119447,-0.9380842032511383,-0.0032459661012150115,-0.04387818618496179,-17.152563764445606,95.07441680006491,289,-0.16324875184185164,0.05938566339314475,85.1678377030269,103.64429739065002,0.01547324552592266,0.18074437879254537,data/metadata/20260915T175351369838Z/pass_plus_manifest.json
100,29,2022,00-0034401,M.White,185,4,-7.463803041489403,-0.04034488130534813,0.42702702702702705,9,1,0,0,20210,0.015473245525922667,-0.0558181268312708,-10.326353463785097,-3.148820957639101,-0.017020653825076223,-0.05736553513042435,-13.475174421424198,93.95509991987498,185,-0.29458736242039685,0.27311542826927276,74.268028968508,121.38175896239626,0.01547324552592266,0.18074437879254537,data/metadata/20260915T175351369838Z/pass_plus_manifest.json
100,30,2022,00-0038122,D.Ridder,135,4,-9.047200866211346,-0.06701630271267664,0.4,9,11,2,0,20210,0.015473245525922667,-0.0824895482385993,-11.136089012210906,1.1908696817379933,0.008821256901762914,-0.058195045810913726,-9.945219330472913,93.88625871833685,135,-0.23526504902442583,0.0964347266810746,79.19119563562134,106.7190040732673,0.01547324552592266,0.18074437879254537,data/metadata/20260915T175351369838Z/pass_plus_manifest.json
100,31,2022,00-0036972,M.Jones,494,14,-32.57808824816442,-0.06594754706106158,0.39878542510121456,34,20,5,0,20210,0.015473245525922667,-0.08142079258698424,-40.221871537970216,0.8364624310121079,0.0016932437874739028,-0.06425430327358768,-39.38540910695811,93.3834001368015,494,-0.15142446302746398,0.011096135814514768,86.14913700207393,99.63674308374216,0.01547324552592266,0.18074437879254537,data/metadata/20260915T175351369838Z/pass_plus_manifest.json
100,32,2022,00-0036945,J.Fields,439,15,-30.20285127782419,-0.06879920564424645,0.41002277904328016,55,66,7,0,20210,0.015473245525922667,-0.08427245117016911,-36.995606063704244,1.4335474340049315,0.0032654839043392515,-0.0655337217399072,-35.562058629699315,93.2772210283667,439,-0.20706360535596893,0.05901552940406533,81.53163719099823,103.61357992174015,0.01547324552592266,0.18074437879254537,data/metadata/20260915T175351369838Z/pass_plus_manifest.json
100,33,2022,00-0026498,M.Stafford,337,9,-27.85441916713951,-0.082654062810503,0.4688427299703264,29,5,6,0,20210,0.015473245525922667,-0.09812730833642566,-33.06890290937545,2.83669852025104,0.008417503027451157,-0.07423655978305184,-30.232204389124412,92.55497134337371,337,-0.197843793614799,0.0876926233342783,82.29679059184774,105.99349575550957,0.01547324552592266,0.18074437879254537,data/metadata/20260915T175351369838Z/pass_plus_manifest.json
100,34,2022,00-0029263,R.Wilson,565,15,-41.626520419344146,-0.07367525737937017,0.3787610619469027,55,28,2,0,20210,0.015473245525922667,-0.08914850290529283,-50.368904141490454,-2.458044635852831,-0.004350521479385541,-0.07802577885875571,-52.82694877734328,92.24050354904858,565,-0.17062549086829992,0.022553243688708983,84.55564115154395,100.58756998779856,0.01547324552592266,0.18074437879254537,data/metadata/20260915T175351369838Z/pass_plus_manifest.json
100,35,2022,00-0026143,M.Ryan,508,12,-39.7217517862795,-0.07819242477614075,0.4389763779527559,38,10,3,0,20210,0.015473245525922667,-0.09366567030206341,-47.582160513448216,-1.8664155941858112,-0.0036740464452476597,-0.0818664712213884,-49.448576107634025,91.92176397980523,508,-0.22910834863319168,0.05914757952297507,79.70214101873896,103.62453877864557,0.01547324552592266,0.18074437879254537,data/metadata/20260915T175351369838Z/pass_plus_manifest.json
100,36,2022,00-0033662,C.Rush,170,8,-15.92744672957529,-0.09369086311514876,0.38823529411764707,7,2,1,0,20210,0.015473245525922667,-0.10916410864107143,-18.557898468982145,1.4413071282207912,0.008478277224828183,-0.08521258589032057,-17.116591340761353,91.64406947904519,170,-0.2675484648597664,0.04805675638594899,76.51199066800284,102.70410989357171,0.01547324552592266,0.18074437879254537,data/metadata/20260915T175351369838Z/pass_plus_manifest.json
100,37,2022,00-0033537,D.Watson,200,6,-20.533105462922798,-0.102665527314614,0.42,20,12,1,0,20210,0.015473245525922667,-0.11813877284053666,-23.62775456810733,2.3662381492939746,0.011831190746469872,-0.09083433656814412,-21.261516418813358,91.17751964368824,200,-0.28587012526403766,0.07499598052924077,74.99147363781897,104.93979968292433,0.01547324552592266,0.18074437879254537,data/metadata/20260915T175351369838Z/pass_plus_manifest.json
100,38,2022,00-0037013,Z.Wilson,278,9,-28.859558128400195,-0.10381136017410142,0.38489208633093525,23,13,2,0,20210,0.015473245525922667,-0.11928460570002408,-33.1611203846067,2.5692658919358418,0.009241963640056985,-0.09456939653404443,-30.591854492670855,90.8675465210784,278,-0.2150980998199021,0.0010786177570894261,80.86485342840429,98.80538792976613,0.01547324552592266,0.18074437879254537,data/metadata/20260915T175351369838Z/pass_plus_manifest.json
100,39,2022,00-0032950,C.Wentz,314,8,-32.429697400324976,-0.1032792910838375,0.3980891719745223,26,12,4,0,20210,0.015473245525922667,-0.11875253660976016,-37.28829649546469,0.4138504905865188,0.0013179951929506968,-0.1019612958908868,-36.87444600487817,90.25409181176265,314,-0.2650158656420833,0.06756226904256644,76.7221714134237,104.32287497940092,0.01547324552592266,0.18074437879254537,data/metadata/20260915T175351369838Z/pass_plus_manifest.json
100,40,2022,00-0035993,T.Huntley,132,5,-13.008030238724576,-0.09854568362670134,0.4166666666666667,7,15,2,0,20210,0.015473245525922667,-0.114018929152624,-15.050498648146368,-1.1268876570766089,-0.008537027705125825,-0.10708271133182716,-16.177386305222978,89.82906486416236,132,-0.3217985726990161,0.07188102322387645,72.00976701366307,104.68128896246594,0.01547324552592266,0.18074437879254537,data/metadata/20260915T175351369838Z/pass_plus_manifest.json
100,41,2022,00-0031503,J.Winston,127,3,-14.801646520684567,-0.11654839780066588,0.4566929133858268,11,3,2,0,20210,0.015473245525922667,-0.13202164332658856,-16.766748702476747,-1.9356096694444869,-0.015241021019247928,-0.1317894188199138,-18.702358371921235,87.77865192851766,127,-0.4565695903679447,0.16227335206947818,60.82510235886769,112.18296033804042,0.01547324552592266,0.18074437879254537,data/metadata/20260915T175351369838Z/pass_plus_manifest.json
100,42,2022,00-0036898,D.Mills,526,15,-70.32367440536191,-0.13369519848928121,0.3745247148288973,31,17,4,0,20210,0.015473245525922667,-0.14916844401520388,-78.46260155199724,-2.1392882722289874,-0.004067087970017086,-0.1377622864592983,-80.60188982422622,87.28296284989021,526,-0.25086214115145783,-0.02546137658864208,77.89679088860561,96.60283027433329,0.01547324552592266,0.18074437879254537,data/metadata/20260915T175351369838Z/pass_plus_manifest.json
100,43,2022,00-0034855,B.Mayfield,385,12,-53.57472661446462,-0.1391551340635445,0.36103896103896105,36,15,11,0,20210,0.015473245525922667,-0.15462837958946715,-59.53192614194485,0.3658020024415241,0.000950135071276686,-0.1382049989922678,-59.166124139503324,87.24622207798403,385,-0.28203095404728795,0.04510816852227279,75.31008696696345,102.45940619517394,0.01547324552592266,0.18074437879254537,data/metadata/20260915T175351369838Z/pass_plus_manifest.json
100,44,2022,00-0026158,J.Flacco,202,5,-28.72121762627415,-0.1421842456746245,0.39603960396039606,10,1,3,0,20210,0.015473245525922667,-0.15765749120054717,-31.84681322251053,0.07283615162706492,0.0003605750080547768,-0.14182367066656973,-31.773977070883465,86.94590803515102,202,-0.4314208627980125,0.12343378397879168,62.91219859980783,108.95965942405189,0.01547324552592266,0.18074437879254537,data/metadata/20260915T175351369838Z/pass_plus_manifest.json
100,45,2022,00-0033275,P.Walker,115,6,-20.176254064469113,-0.17544568751712272,0.34782608695652173,7,2,3,0,20210,0.015473245525922667,-0.19091893304304539,-21.95567729995022,-2.3203933237210785,-0.02017733324974851,-0.19562302076687124,-24.2760706236713,82.48109282543007,115,-0.6220836577171348,0.0544172803007176,47.08906792823427,103.23197061797651,0.01547324552592266,0.18074437879254537,data/metadata/20260915T175351369838Z/pass_plus_manifest.json
100,46,2022,00-0027688,C.McCoy,153,4,-36.05589199342327,-0.23565942479361618,0.38562091503267976,13,8,4,0,20210,0.015473245525922667,-0.25113267031953884,-38.42329855888944,2.094364101445497,0.013688654257813706,-0.22197077053580247,-36.32893445744394,80.29448957295719,153,-0.4739888470298178,0.03800671237522422,59.37947593511042,101.8700554064117,0.01547324552592266,0.18074437879254537,data/metadata/20260915T175351369838Z/pass_plus_manifest.json
100,47,2022,00-0037327,S.Thompson,116,7,-32.984381763928646,-0.2843481186545573,0.33620689655172414,6,5,4,0,20210,0.015473245525922667,-0.29982136418047994,-34.779278244935675,1.9722279763824218,0.01700196531364157,-0.2673461533409157,-32.807050268553255,76.52878052782052,116,-0.4744057978471772,-0.09896033476104098,59.344873131404036,90.50314197447534,0.01547324552592266,0.18074437879254537,data/metadata/20260915T175351369838Z/pass_plus_manifest.json
100,48,2022,00-0036879,S.Ehlinger,126,4,-35.21958729938244,-0.27952053412208283,0.36507936507936506,14,11,2,0,20210,0.015473245525922667,-0.2949937796480055,-37.1692162356487,0.7309307410144277,0.005801037627098633,-0.27371949649498417,-36.43828549463427,75.99985593304373,126,-0.5247558488190979,0.015827799041853628,55.16631571443634,100.02942444337408,0.01547324552592266,0.18074437879254537,data/metadata/20260915T175351369838Z/pass_plus_manifest.json
100,1,2023,00-0037834,B.Purdy,486,16,151.3882111909916,0.3114983769361967,0.5473251028806584,28,17,10,0,20693,-0.001131078581726837,0.31262945551792354,151.93791538171084,1.0733208918029196,0.002208479201240575,0.31370685613743726,153.01123627351376,125.99738874570406,486,0.12807625294496536,0.49600662016375074,110.66915023912465,141.05058695026497,-0.0011310785817268275,0.18165551421266662,data/metadata/20260915T175353868767Z/pass_plus_manifest.json
100,2,2023,00-0033077,D.Prescott,656,17,134.09053333977207,0.20440630082282327,0.5045731707317073,39,27,10,0,20693,-0.001131078581726837,0.2055373794045501,134.83252088938488,-5.69308012806889,-0.008678475804983064,0.1957278250178402,129.139440761316,116.25540279793833,656,0.08534857597514066,0.30353900320709193,107.14096031697869,125.15778971334754,-0.0011310785817268275,0.18165551421266662,data/metadata/20260915T175353868767Z/pass_plus_manifest.json
100,3,2023,00-0036212,T.Tagovailoa,603,17,107.32645789852464,0.17798749236902925,0.49917081260364843,29,16,7,0,20693,-0.001131078581726837,0.1791185709507561,108.00849828330593,3.9348277116045853,0.006525419090554868,0.18451291145958412,111.94332599491051,115.32934391058245,603,0.040527088671533575,0.3398537912908539,103.4398763588721,128.1564425404713,-0.0011310785817268275,0.18165551421266662,data/metadata/20260915T175353868767Z/pass_plus_manifest.json
100,4,2023,00-0034857,J.Allen,649,17,107.55426885015937,0.16572306448406685,0.5069337442218799,24,48,12,0,20693,-0.001131078581726837,0.1668541430657937,108.2883388497001,0.779344693877067,0.0012008392817828457,0.1669239037658497,109.06768354357716,113.8769513611488,649,0.0709250175491214,0.26355714921279666,105.94995118451162,121.85633303853216,-0.0011310785817268275,0.18165551421266662,data/metadata/20260915T175353868767Z/pass_plus_manifest.json
100,5,2023,00-0035100,J.Browning,283,9,32.8855805179244,0.11620346472764807,0.47703180212014135,24,16,5,0,20693,-0.001131078581726837,0.11733454330937491,33.2056757565531,7.948479556559434,0.028086500199856656,0.14428996492750473,41.15415531311253,112.00797929032188,283,-0.020469255977878596,0.3084562079005721,98.40317172754423,125.56382236653666,-0.0011310785817268275,0.18165551421266662,data/metadata/20260915T175353868767Z/pass_plus_manifest.json
100,6,2023,00-0036264,J.Love,631,17,81.34746318189104,0.12891832516939944,0.4611727416798732,30,24,4,0,20693,-0.001131078581726837,0.13004940375112628,82.06117376696068,-1.8565692840117072,-0.0029422651093687913,0.12597606006003065,80.20460448294897,110.49572917117325,631,-0.004269990397203884,0.25809437669113267,99.74080788333772,121.40525073486462,-0.0011310785817268275,0.18165551421266662,data/metadata/20260915T175353868767Z/pass_plus_manifest.json
100,7,2023,00-0039163,C.Stroud,554,15,63.09531897185094,0.1138904674582147,0.4693140794223827,38,23,10,0,20693,-0.001131078581726837,0.11502154603994154,63.72193650612761,-1.1575041352964217,-0.0020893576449393892,0.1118011098132753,62.56443237083119,109.32524857980289,554,-0.019734495465714624,0.2421625277213575,98.46384375134835,120.08969620527928,-0.0011310785817268275,0.18165551421266662,data/metadata/20260915T175353868767Z/pass_plus_manifest.json
100,8,2023,00-0033106,J.Goff,638,17,67.97552858622187,0.10654471565238538,0.49216300940438873,30,7,9,0,20693,-0.001131078581726837,0.10767579423411222,68.6971567213636,-0.02944548653440937,-0.000046152800210672994,0.10649856285217471,68.66771123482918,108.88739672178886,638,-0.0034582525166222356,0.2184095637532668,99.80783622685648,118.12832189156458,-0.0011310785817268275,0.18165551421266662,data/metadata/20260915T175353868767Z/pass_plus_manifest.json
100,9,2023,00-0034796,L.Jackson,559,16,57.04720946100668,0.10205225306083485,0.4883720930232558,37,66,10,0,20693,-0.001131078581726837,0.10318333164256169,57.679482388191985,-1.667653103044129,-0.0029832792541039876,0.09906897380673085,56.011829285147854,108.27390675334678,559,-0.06660611103053293,0.2832201652722827,94.59347275534778,123.47998449866341,-0.0011310785817268275,0.18165551421266662,data/metadata/20260915T175353868767Z/pass_plus_manifest.json
100,10,2023,00-0036389,J.Hurts,622,17,60.293529583101886,0.09693493502106412,0.4646302250803859,36,48,12,0,20693,-0.001131078581726837,0.09806601360279096,60.99706046093598,-1.0591569528426412,-0.0017028246830267544,0.09523211033803737,59.937903508093335,107.95708206305402,622,-0.02863443362065379,0.20717583504377254,97.72894135709568,117.20070936423363,-0.0011310785817268275,0.18165551421266662,data/metadata/20260915T175353868767Z/pass_plus_manifest.json
100,11,2023,00-0026498,M.Stafford,562,15,53.087623723188614,0.09446196392026444,0.45907473309608543,30,14,10,0,20693,-0.001131078581726837,0.09559304250199128,53.7232898861191,0.35160330673715295,0.0006256286596746494,0.0950875925799391,54.07489319285625,107.94514867154167,562,-0.015437574331810412,0.21536087746828086,98.81865718648088,117.87658004671613,-0.0011310785817268275,0.18165551421266662,data/metadata/20260915T175353868767Z/pass_plus_manifest.json
100,12,2023,00-0033873,P.Mahomes,672,16,64.26734389441033,0.09563592841430109,0.4836309523809524,27,50,12,0,20693,-0.001131078581726837,0.09676700699602793,65.02742870133076,-5.977779739746862,-0.008895505565099496,0.0867404228492016,59.0496489615839,107.25589050889388,672,-0.041374240300966286,0.22302677142824848,96.67696613337102,118.50958262799146,-0.0011310785817268275,0.18165551421266662,data/metadata/20260915T175353868767Z/pass_plus_manifest.json
100,13,2023,00-0033319,N.Mullens,164,5,16.294372940154474,0.09935593256191752,0.43902439024390244,12,5,5,0,20693,-0.001131078581726837,0.10048701114364436,16.479869827557675,-3.2493114395658584,-0.019812874631499135,0.07954305793041838,13.230558387991817,106.66157618681194,164,-0.04505021656894163,0.21322139077977403,96.3734265229242,117.69991433708053,-0.0011310785817268275,0.18165551421266662,data/metadata/20260915T175353868767Z/pass_plus_manifest.json
100,14,2023,00-0034855,B.Mayfield,636,17,47.37470162193718,0.0744885245627943,0.4449685534591195,40,30,6,0,20693,-0.001131078581726837,0.07561960314452114,48.09406759991545,1.143317234484373,0.0017976686076798317,0.07628619317047412,49.23738483439982,106.39264423827791,636,-0.03697472492798485,0.19941403710038763,97.04025117253292,116.55978761927372,-0.0011310785817268275,0.18165551421266662,data/metadata/20260915T175353868767Z/pass_plus_manifest.json
100,15,2023,00-0029604,K.Cousins,329,8,22.075340919637323,0.06709830066759065,0.45592705167173253,17,3,8,0,20693,-0.001131078581726837,0.06822937924931749,22.447465773025453,-0.10528455617609556,-0.00032001384855956096,0.06677828681903109,22.342181216849358,105.6075395532383,329,-0.10190818689433961,0.2433546908540342,91.67844350202618,120.18813773659011,-0.0011310785817268275,0.18165551421266662,data/metadata/20260915T175353868767Z/pass_plus_manifest.json
100,16,2023,00-0030565,G.Smith,546,15,40.21732093221288,0.07365809694544483,0.4816849816849817,31,20,10,0,20693,-0.001131078581726837,0.07478917552717167,40.83488983783573,-4.286636729336308,-0.007850983020762469,0.06580711392468236,36.54825310849942,105.52734604257955,546,-0.052572126937555225,0.1724426514389524,95.75231322494243,114.33265575005949,-0.0011310785817268275,0.18165551421266662,data/metadata/20260915T175353868767Z/pass_plus_manifest.json
100,17,2023,00-0036355,J.Herbert,516,13,25.532853876249604,0.0494822749539721,0.45930232558139533,29,31,8,0,20693,-0.001131078581726837,0.050613353535698936,26.11649042442065,4.330397303500284,0.00839224283624086,0.057874517790212965,30.446887727920934,104.87232082887898,516,-0.11053021173628032,0.19699049573815677,90.96648948736465,116.35966641408473,-0.0011310785817268275,0.18165551421266662,data/metadata/20260915T175353868767Z/pass_plus_manifest.json
100,18,2023,00-0031800,T.Heinicke,155,5,10.08707451702816,0.0650779001098591,0.43870967741935485,8,13,3,0,20693,-0.001131078581726837,0.06620897869158594,10.26239169719582,-2.3293176067050694,-0.01502785552712948,0.05005004458272962,7.93307409049075,104.22622374440046,155,-0.0885099719327533,0.17829553565590886,92.78478604986931,114.81595108868359,-0.0011310785817268275,0.18165551421266662,data/metadata/20260915T175353868767Z/pass_plus_manifest.json
100,19,2023,00-0031280,D.Carr,588,17,28.015175217448537,0.04764485581198731,0.4557823129251701,31,9,6,0,20693,-0.001131078581726837,0.048775934393714145,28.680249423503916,-4.102710743849236,-0.006977399224233394,0.04066745658775392,24.57753867965468,103.45146708185362,588,-0.07594492741015987,0.15926627608634758,93.82233048476188,113.24463135869591,-0.0011310785817268275,0.18165551421266662,data/metadata/20260915T175353868767Z/pass_plus_manifest.json
100,20,2023,00-0036442,J.Burrow,402,10,3.454267252900063,0.008592704609204136,0.472636815920398,24,14,4,0,20693,-0.001131078581726837,0.009723783190930974,3.9089608427542513,5.839153261956243,0.014525256870537918,0.023117961479742054,9.748114104710494,102.00233723979446,402,-0.13982527777754125,0.16948519846955296,88.54748232139187,114.0884473937469,-0.0011310785817268275,0.18165551421266662,data/metadata/20260915T175353868767Z/pass_plus_manifest.json
100,21,2023,00-0028118,T.Taylor,217,10,3.6822547506835934,0.01696891590176771,0.4377880184331797,17,26,1,0,20693,-0.001131078581726837,0.018099994483494548,3.927698802918317,-1.3288972155525816,-0.0061239503020856295,0.01084496559968208,2.5988015873657355,100.98890839344864,217,-0.16921693524796033,0.12185436118855308,86.12049922667475,110.15538451750211,-0.0011310785817268275,0.18165551421266662,data/metadata/20260915T175353868767Z/pass_plus_manifest.json
100,22,2023,00-0035289,G.Minshew II,545,16,0.24806581725598553,0.00045516663716694595,0.42201834862385323,34,21,8,0,20693,-0.001131078581726837,0.0015862452188937829,0.8645036442971117,3.1861859065507283,0.005846212672570144,0.0063013793097370895,4.05068955084784,100.6137268601791,545,-0.07170327635867503,0.09684177503977691,94.1725800549334,108.08999831737606,-0.0011310785817268275,0.18165551421266662,data/metadata/20260915T175353868767Z/pass_plus_manifest.json
100,23,2023,00-0036971,T.Lawrence,640,16,-5.695762167269545,-0.008899628386358664,0.4671875,35,41,9,0,20693,-0.001131078581726837,-0.007768549804631826,-4.9718718749643696,5.562788254198998,0.008691856647185935,-0.00020777173917272893,0.5909163792346286,100.07624102520828,640,-0.11932577325327297,0.11870522434142883,90.2402058767255,109.89534808033916,-0.0011310785817268275,0.18165551421266662,data/metadata/20260915T175353868767Z/pass_plus_manifest.json
100,24,2023,00-0035228,K.Murray,301,8,-0.7238242729158819,-0.002404731803707249,0.42857142857142855,18,16,3,0,20693,-0.001131078581726837,-0.001273653221980412,-0.38336961981610396,-0.0021750094017112254,-7.225944856183473e-6,-0.0024119577485634323,-0.3855446292178152,99.894232841839,301,-0.14409140663793873,0.1796818861784068,88.19521152364968,114.9304274255435,-0.0011310785817268275,0.18165551421266662,data/metadata/20260915T175353868767Z/pass_plus_manifest.json
100,25,2023,00-0039152,W.Levis,290,9,-6.594618705980238,-0.022740064503380134,0.4068965517241379,28,9,2,0,20693,-0.001131078581726837,-0.021608985921653296,-6.266605917279455,-0.5541317305628941,-0.0019107990709065314,-0.024650863574286665,-6.82073764784235,98.05788017821813,290,-0.17710541457764797,0.11603754926159088,85.46911690856473,109.67506780769783,-0.0011310785817268275,0.18165551421266662,data/metadata/20260915T175353868767Z/pass_plus_manifest.json
100,26,2023,00-0029263,R.Wilson,524,15,-24.984595046162923,-0.047680524897257485,0.4312977099236641,45,36,10,0,20693,-0.001131078581726837,-0.04654944631553065,-24.39190986933806,2.095810466424404,0.003999638294703061,-0.043680886602554425,-22.296099402913658,96.4864974064855,524,-0.1621890752203323,0.07040921887132229,86.7008168728047,105.90735968818122,-0.0011310785817268275,0.18165551421266662,data/metadata/20260915T175353868767Z/pass_plus_manifest.json
100,27,2023,00-0036945,J.Fields,457,13,-16.35451183523658,-0.035786677976447655,0.40043763676148797,44,43,7,0,20693,-0.001131078581726837,-0.03465559939472082,-15.837608923387414,-4.847512392631177,-0.010607248123919425,-0.04639392610036708,-20.68512131601859,96.26247121799587,457,-0.1898775478283189,0.09182225487762036,84.41447235461094,107.67551707931024,-0.0011310785817268275,0.18165551421266662,data/metadata/20260915T175353868767Z/pass_plus_manifest.json
100,28,2023,00-0026158,J.Flacco,212,5,-11.753382880949896,-0.05544048528749951,0.42452830188679247,8,0,3,0,20693,-0.001131078581726837,-0.054309406705772674,-11.513594221623807,0.8272732101367449,0.0039022321232865327,-0.051538253164212976,-10.686321011487061,95.83768419024095,212,-0.26350164049976027,0.2539287022754516,78.33504561737064,121.06127485003645,-0.0011310785817268275,0.18165551421266662,data/metadata/20260915T175353868767Z/pass_plus_manifest.json
100,29,2023,00-0038579,A.O'Connell,366,11,-21.19013295037342,-0.057896538115774374,0.4180327868852459,24,0,3,0,20693,-0.001131078581726837,-0.05676545953404754,-20.7761581894614,0.44678271422379356,0.0012207177984256655,-0.056675820317348705,-20.329375475237605,95.41345535451832,366,-0.25497883290451484,0.14036079596380682,79.03880687935477,111.68353257748238,-0.0011310785817268275,0.18165551421266662,data/metadata/20260915T175353868767Z/pass_plus_manifest.json
100,30,2023,00-0029701,R.Tannehill,268,9,-19.496621936213163,-0.07274858931422822,0.40298507462686567,32,8,4,0,20693,-0.001131078581726837,-0.07161751073250137,-19.19349287631037,0.3663342592886163,0.0013669188779425981,-0.07138167043628561,-18.82715861702175,94.19913630265728,268,-0.24649762995466576,0.09280707868785155,79.73913268448723,107.75683779901146,-0.0011310785817268275,0.18165551421266662,data/metadata/20260915T175353868767Z/pass_plus_manifest.json
100,31,2023,00-0038122,D.Ridder,436,15,-30.368272388380916,-0.06965200089078191,0.46559633027522934,31,19,5,0,20693,-0.001131078581726837,-0.06852092230905507,-29.875122126748014,-4.419698341977824,-0.010136922802701431,-0.07978892369348334,-34.29482046872584,93.5049168103146,436,-0.22171037636619506,0.05778823276972596,81.7859123016024,104.86519594025165,-0.0011310785817268275,0.18165551421266662,data/metadata/20260915T175353868767Z/pass_plus_manifest.json
100,32,2023,00-0033537,D.Watson,204,6,-19.563064396342952,-0.09589737449187721,0.4068627450980392,17,17,1,0,20693,-0.001131078581726837,-0.09476629591015037,-19.332324365670676,2.2960841059553303,0.01125531424487907,-0.08464206024699814,-17.036240259715346,93.10417451180393,204,-0.2987971052970801,0.10108995299887774,75.4205622654368,108.44078683961112,-0.0011310785817268275,0.18165551421266662,data/metadata/20260915T175353868767Z/pass_plus_manifest.json
100,33,2023,00-0031345,J.Garoppolo,190,7,-17.60929394749999,-0.09268049446052626,0.46842105263157896,14,8,5,0,20693,-0.001131078581726837,-0.09154941587879942,-17.39438901697189,-0.6808753744537565,-0.003583554602388192,-0.09626404906291446,-18.075264391425645,92.14450184238717,190,-0.427581865048613,0.20436808891360242,64.78630541589553,116.96886288197797,-0.0011310785817268275,0.18165551421266662,data/metadata/20260915T175353868767Z/pass_plus_manifest.json
100,34,2023,00-0038102,K.Pickett,360,12,-41.875441683321405,-0.11632067134255945,0.4083333333333333,23,14,5,0,20693,-0.001131078581726837,-0.11518959276083261,-41.468253393899744,5.852060770028326,0.016255724361189796,-0.10006494698136965,-35.61619262387142,91.83064696699878,360,-0.258697822540291,0.0673625161636001,78.7317154883864,105.65578163499683,-0.0011310785817268275,0.18165551421266662,data/metadata/20260915T175353868767Z/pass_plus_manifest.json
100,35,2023,00-0033949,J.Dobbs,481,13,-54.955599609343196,-0.11425280584063034,0.4074844074844075,30,34,7,0,20693,-0.001131078581726837,-0.1131217272589035,-54.411550811532585,0.06507427836170163,0.00013528956000353768,-0.1141175162806268,-54.346476533170886,90.67027184487569,481,-0.28822751869562657,0.05222969701954402,76.29333400434584,104.4062060955772,-0.0011310785817268275,0.18165551421266662,data/metadata/20260915T175353868767Z/pass_plus_manifest.json
100,36,2023,00-0035282,E.Stick,196,5,-25.622814637235074,-0.1307286461083422,0.41836734693877553,14,9,3,0,20693,-0.001131078581726837,-0.12959756752661536,-25.401123235216613,1.3149567438368424,0.0067089629787594,-0.1240196831295828,-24.08616649137977,89.85261154219724,196,-0.22945311279454,-0.03357678848807924,81.14656453983169,97.32083195654872,-0.0011310785817268275,0.18165551421266662,data/metadata/20260915T175353868767Z/pass_plus_manifest.json
100,37,2023,00-0038416,T.Bagent,159,5,-21.33065812181772,-0.13415508252715547,0.49056603773584906,5,11,1,0,20693,-0.001131078581726837,-0.13302400394542863,-21.150816627323152,0.8012519353103651,0.005039320347863931,-0.12911576217929155,-20.349564692012788,89.43180854000408,159,-0.4496312829445405,0.08412570075031144,62.965599505191875,107.03998276916276,-0.0011310785817268275,0.18165551421266662,data/metadata/20260915T175353868767Z/pass_plus_manifest.json
100,38,2023,00-0037077,S.Howell,709,17,-94.45538552904343,-0.13322339284773402,0.4146685472496474,65,32,11,0,20693,-0.001131078581726837,-0.13209231426600718,-93.6534508145991,-0.03175171094698026,-0.00004478379541181983,-0.13326817664314583,-93.68520252554607,89.08892758080074,709,-0.28117080341469286,-0.01207833664892725,76.87603434059923,99.09604246411278,-0.0011310785817268275,0.18165551421266662,data/metadata/20260915T175353868767Z/pass_plus_manifest.json
100,39,2023,00-0033869,M.Trubisky,121,5,-18.63246368135582,-0.15398730315170098,0.4462809917355372,7,8,0,0,20693,-0.001131078581726837,-0.15285622456997414,-18.495603172966874,-0.9570930723298479,-0.00790986010189957,-0.16189716325360054,-19.45269624529672,86.72492117550068,121,-0.3512314510005939,0.16452613081854253,71.09085507784258,113.67895795387187,-0.0011310785817268275,0.18165551421266662,data/metadata/20260915T175353868767Z/pass_plus_manifest.json
100,40,2023,00-0036972,M.Jones,379,11,-64.24622303028094,-0.1695151003437492,0.42744063324538256,22,12,8,0,20693,-0.001131078581726837,-0.16838402176202236,-63.817544247806474,-0.10905052778063298,-0.00028773226327343795,-0.16980283260702264,-63.926594775587105,86.07211941049341,379,-0.3239406485513417,-0.020393041718077733,73.34436242945283,98.40946503442218,-0.0011310785817268275,0.18165551421266662,data/metadata/20260915T175353868767Z/pass_plus_manifest.json
100,41,2023,00-0038476,T.DeVito,237,9,-52.24359167202455,-0.22043709566255085,0.3333333333333333,37,22,4,0,20693,-0.001131078581726837,-0.219306017080824,-51.97552604815529,-0.44348677452041063,-0.0018712522131662896,-0.22230834787571713,-52.4190128226757,81.7365354760119,237,-0.39056305889839343,-0.06314544422917384,67.84309174390766,94.87923342848437,-0.0011310785817268275,0.18165551421266662,data/metadata/20260915T175353868767Z/pass_plus_manifest.json
100,42,2023,00-0039150,B.Young,619,16,-142.51092507624213,-0.23022766571283057,0.36995153473344106,62,31,7,0,20693,-0.001131078581726837,-0.22909658713110373,-141.8107874341532,-6.533809154216465,-0.010555426743483788,-0.24078309245631435,-148.34459658836968,80.21100419825211,619,-0.36068561998192683,-0.1168790442352804,70.31018769576701,90.44224177653817,-0.0011310785817268275,0.18165551421266662,data/metadata/20260915T175353868767Z/pass_plus_manifest.json
100,43,2023,00-0035710,D.Jones,210,6,-51.55875695913626,-0.24551789028160123,0.3952380952380952,30,20,3,0,20693,-0.001131078581726837,-0.2443868116998744,-51.32123045697362,-0.8834013735155073,-0.0042066732072167014,-0.24972456348881794,-52.20463183048913,79.47267227329587,210,-0.47623913048407507,0.02118387260726775,60.768486387966234,101.84263202405765,-0.0011310785817268275,0.18165551421266662,data/metadata/20260915T175353868767Z/pass_plus_manifest.json
100,44,2023,00-0037013,Z.Wilson,436,12,-108.69271014196475,-0.2492952067476256,0.3738532110091743,46,25,7,0,20693,-0.001131078581726837,-0.24816412816589875,-108.19955988033185,-0.9012652876675312,-0.002067122219420943,-0.2513623289670465,-109.10082516799937,79.33743562892587,436,-0.3886620169003847,-0.11361943689842742,68.00006815111294,90.7114001902792,-0.0011310785817268275,0.18165551421266662,data/metadata/20260915T175353868767Z/pass_plus_manifest.json
100,45,2023,00-0033275,P.Walker,125,5,-35.696044127630664,-0.28556835302104533,0.328,11,4,5,0,20693,-0.001131078581726837,-0.2844372744393185,-35.55465930491481,-1.1309183796357618,-0.009047347037086094,-0.2946157000581314,-36.685577684550566,75.76583710532304,125,-0.5449052295206951,-0.13221549867047658,55.09846040492079,89.17585128173258,-0.0011310785817268275,0.18165551421266662,data/metadata/20260915T175353868767Z/pass_plus_manifest.json
100,46,2023,00-0038583,D.Thompson-Robinson,121,6,-38.33649131463101,-0.3168305067324877,0.35537190082644626,6,5,2,0,20693,-0.001131078581726837,-0.31569942815076085,-38.19963080624206,2.1660447539616174,0.017901196313732375,-0.2989293104187553,-36.03358605228045,75.40964557604411,121,-0.5704343613794901,-0.026541792054108976,52.990421023118074,97.90173888341478,-0.0011310785817268275,0.18165551421266662,data/metadata/20260915T175353868767Z/pass_plus_manifest.json
100,47,2023,00-0038108,B.Zappe,246,10,-80.29737538995727,-0.3264120950811271,0.33739837398373984,25,10,2,0,20693,-0.001131078581726837,-0.3252810164994003,-80.01913005885247,1.8921391346904373,0.007691622498741615,-0.3187204725823855,-78.12699092416203,73.77541259533258,246,-0.5210713954128653,-0.12376692871438623,57.066512479568566,89.87348245406787,-0.0011310785817268275,0.18165551421266662,data/metadata/20260915T175353868767Z/pass_plus_manifest.json
100,48,2023,00-0032156,T.Siemian,167,5,-57.393975382900834,-0.3436764992988074,0.3413173652694611,8,6,4,0,20693,-0.001131078581726837,-0.34254542071708055,-57.20508525975245,-1.4258341154335932,-0.008537928834931695,-0.3522144281337391,-58.630919375186046,71.00968684542704,167,-0.4629675416104659,-0.2596600249957837,61.86437292885637,78.65226270163811,-0.0011310785817268275,0.18165551421266662,data/metadata/20260915T175353868767Z/pass_plus_manifest.json
100,1,2024,00-0034796,L.Jackson,538,17,191.58730195233042,0.3561102266771941,0.533457249070632,23,46,9,0,20116,0.05235087245648106,0.30375935422071304,163.4225325707436,1.4839146273095434,0.0027582056269694114,0.35886843230416354,164.90644719805314,124.25860978219134,538,0.21117170959243364,0.5323229757924667,112.56950079883381,137.9862607772007,0.052350872456481054,0.18953119898447496,data/metadata/20260915T175356430768Z/pass_plus_manifest.json
100,2,2024,00-0034857,J.Allen,539,16,163.89117417164763,0.3040652582034279,0.49907235621521334,14,43,9,0,20116,0.05235087245648106,0.2517143857469468,135.67405391760434,-3.046123467387728,-0.005651435004429922,0.29841382319899795,132.6279304502166,119.47407224200639,539,0.1673469621550111,0.4284332858810617,109.10109446212729,129.76415614735174,0.052350872456481054,0.18953119898447496,data/metadata/20260915T175356430768Z/pass_plus_manifest.json
100,3,2024,00-0033106,J.Goff,581,17,160.8769769553907,0.2768966901125485,0.5421686746987951,31,14,12,0,20116,0.05235087245648106,0.22454581765606746,130.4611200581752,1.3438083858320595,0.0023129232114149044,0.27920961332396343,131.80492844400726,117.95420031765312,581,0.11381612049215777,0.4501307093126688,104.86452217616517,131.48134758189107,0.052350872456481054,0.18953119898447496,data/metadata/20260915T175356430768Z/pass_plus_manifest.json
100,4,2024,00-0036212,T.Tagovailoa,425,11,93.42606781184945,0.219826041910234,0.5341176470588235,21,7,8,0,20116,0.05235087245648106,0.16747516945375293,71.176947017845,-3.182384148183699,-0.007487962701608703,0.2123380792086253,67.9945628696613,112.66181037285972,425,0.044017239991461045,0.369871799454248,99.34045430174513,125.12944533926913,0.052350872456481054,0.18953119898447496,data/metadata/20260915T175356430768Z/pass_plus_manifest.json
100,5,2024,00-0034855,B.Mayfield,651,17,127.90208926871232,0.19647018320846746,0.522273425499232,40,42,10,0,20116,0.05235087245648106,0.1441193107519864,93.82167129954314,-2.469006794866413,-0.0037926371656934145,0.19267754604277404,91.35266450467672,111.10582381725351,651,0.04750465540628514,0.33968881471720636,99.61645757457117,122.7406841565115,0.052350872456481054,0.18953119898447496,data/metadata/20260915T175356430768Z/pass_plus_manifest.json
100,6,2024,00-0037834,B.Purdy,525,15,97.75480343629614,0.18619962559294503,0.5066666666666667,31,44,7,0,20116,0.05235087245648106,0.13384875313646397,70.27059539664359,0.7006427842727606,0.001334557684329068,0.1875341832772741,70.97123818091634,110.69876449458853,525,0.041544081342943,0.32917770338284635,99.14472198998567,121.90880702567398,0.052350872456481054,0.18953119898447496,data/metadata/20260915T175356430768Z/pass_plus_manifest.json
100,7,2024,00-0036442,J.Burrow,721,17,121.2865044348199,0.1682198397154229,0.5187239944521498,48,22,9,0,20116,0.05235087245648106,0.11586896725894183,83.54152539369706,4.5954355206180955,0.006373696977278912,0.1745935366927018,88.13696091431515,109.67460752302586,721,0.08005284229122964,0.26311405747997935,102.19240710631111,116.68035548918485,0.052350872456481054,0.18953119898447496,data/metadata/20260915T175356430768Z/pass_plus_manifest.json
100,8,2024,00-0039910,J.Daniels,597,17,105.35591726046684,0.17647557330061447,0.48576214405360135,47,72,11,0,20116,0.05235087245648106,0.1241247008441334,74.10244640394765,-2.326660047035812,-0.003897253010110238,0.17257832029050424,71.77578635691184,109.51511797093664,597,0.057411977445065744,0.2872443824772535,100.40054922480066,118.59009318355126,0.052350872456481054,0.18953119898447496,data/metadata/20260915T175356430768Z/pass_plus_manifest.json
100,9,2024,00-0033873,P.Mahomes,652,16,103.48635474333672,0.1587214029805778,0.5076687116564417,36,37,7,0,20116,0.05235087245648106,0.10637053052409673,69.35358590171106,2.2695541623784408,0.0034809112919914737,0.16220231427256926,71.6231400640895,108.6939334319111,652,0.0776301723193782,0.24803160852347217,102.00067060185968,115.48669061733365,0.052350872456481054,0.18953119898447496,data/metadata/20260915T175356430768Z/pass_plus_manifest.json
100,10,2024,00-0036389,J.Hurts,437,15,75.21001991794212,0.17210530873670965,0.482837528604119,38,39,8,0,20116,0.05235087245648106,0.11975443628022858,52.3326886544599,-6.521479013715504,-0.014923292937564081,0.15718201579914556,45.811209640744394,108.29661374256791,437,0.02396741211403514,0.29046848142115084,97.75365793379716,118.84525689494858,0.052350872456481054,0.18953119898447496,data/metadata/20260915T175356430768Z/pass_plus_manifest.json
100,11,2024,00-0036264,J.Love,451,15,59.050819980180414,0.13093308199596543,0.4745011086474501,14,12,12,0,20116,0.05235087245648106,0.07858220953948436,35.44057650230745,6.554095940126138,0.014532363503605627,0.14546544549957105,41.99467244243359,107.3693334033135,451,0.03725397969445163,0.2731589854652937,98.8051920072062,117.47533763770204,0.052350872456481054,0.18953119898447496,data/metadata/20260915T175356430768Z/pass_plus_manifest.json
100,12,2024,00-0036355,J.Herbert,573,17,74.45434490888152,0.1299377747100899,0.4537521815008726,41,31,5,0,20116,0.05235087245648106,0.07758690225360884,44.45729499131788,1.8189358947084373,0.003174408193208442,0.13311218290329835,46.27623088602632,106.39166355298312,573,0.005900193846838368,0.25897371886683107,96.32377053024545,116.35267814883146,0.052350872456481054,0.18953119898447496,data/metadata/20260915T175356430768Z/pass_plus_manifest.json
100,13,2024,00-0031280,D.Carr,295,10,41.81055309713359,0.14173068846485964,0.43728813559322033,8,8,6,0,20116,0.05235087245648106,0.08937981600837858,26.36704572247168,-4.296386663445632,-0.014564022587951295,0.12716666587690834,22.07065905902605,105.92111962209628,295,0.03477121623239887,0.26027741812580507,98.60869954511905,116.45585635373592,0.052350872456481054,0.18953119898447496,data/metadata/20260915T175356430768Z/pass_plus_manifest.json
100,14,2024,00-0035228,K.Murray,611,17,67.89961298659588,0.11112866282585251,0.49918166939443537,30,41,10,0,20116,0.05235087245648106,0.05877779036937145,35.91322991568596,5.232804203361383,0.008564327665075913,0.11969299049092842,41.14603411904734,105.32963319985885,611,0.014135663663577663,0.24486474210284315,96.97554737708114,115.23605643908775,0.052350872456481054,0.18953119898447496,data/metadata/20260915T175356430768Z/pass_plus_manifest.json
100,15,2024,00-0039917,M.Penix,113,5,15.410137770087328,0.13637290062024185,0.4778761061946903,4,4,2,0,20116,0.05235087245648106,0.08402202816376078,9.494489182504967,-3.15126911260764,-0.02788733727971363,0.10848556334052822,6.343220069897328,104.4426477950455,113,0.014620478070166146,0.2594606783483662,97.01391687053548,116.3912174091863,0.052350872456481054,0.18953119898447496,data/metadata/20260915T175356430768Z/pass_plus_manifest.json
100,16,2024,00-0034869,S.Darnold,620,17,52.99291552288842,0.08547244439175551,0.49516129032258066,48,28,10,0,20116,0.05235087245648106,0.03312157193527445,20.53537459987016,0.3113141532559023,0.0005021196020256488,0.08597456399378116,20.846688753126063,102.66106781238067,620,-0.050650740147007454,0.21070027833809402,91.84818015540077,112.53219048341882,0.052350872456481054,0.18953119898447496,data/metadata/20260915T175356430768Z/pass_plus_manifest.json
100,17,2024,00-0026498,M.Stafford,547,16,38.756686665390454,0.07085317489102459,0.48811700182815354,28,3,7,0,20116,0.05235087245648106,0.01850230243454353,10.120759431695312,7.535132557308769,0.013775379446633946,0.08462855433765853,17.655891989004083,102.55454105082363,547,-0.048564514085657956,0.23473735667145068,92.01328959958683,114.434548390361,0.052350872456481054,0.18953119898447496,data/metadata/20260915T175356430768Z/pass_plus_manifest.json
100,18,2024,00-0036945,J.Fields,195,7,13.566171416652384,0.06957010982898659,0.4358974358974359,16,19,8,0,20116,0.05235087245648106,0.01721923737250553,3.357751287638578,-0.29613980735277734,-0.0015186656787321915,0.0680514441502544,3.061611480285801,101.24258473891621,195,-0.03647099783874926,0.16875655130485318,92.97040243734442,109.21265307285165,0.052350872456481054,0.18953119898447496,data/metadata/20260915T175356430768Z/pass_plus_manifest.json
100,19,2024,00-0039732,B.Nix,640,17,38.95707177327177,0.060870424645737144,0.4375,24,50,8,0,20116,0.05235087245648106,0.008519552189256083,5.452513401123895,-2.3733046337482744,-0.0037082884902316787,0.057162136155505465,3.0792087673756203,100.38077612483883,640,-0.09440719423654217,0.21468243108938778,88.38517873473872,112.84734857659532,0.052350872456481054,0.18953119898447496,data/metadata/20260915T175356430768Z/pass_plus_manifest.json
100,20,2024,00-0029604,K.Cousins,480,14,17.133125602520035,0.03569401167191674,0.48125,28,3,4,0,20116,0.05235087245648106,-0.01665686078456432,-7.995293176590874,3.1113521571836875,0.006481983660799349,0.04217599533271609,-4.883941019407186,99.19473333322301,480,-0.11110862485683233,0.1920075785911739,87.06338337520599,111.0528008224756,0.052350872456481054,0.18953119898447496,data/metadata/20260915T175356430768Z/pass_plus_manifest.json
100,21,2024,00-0030565,G.Smith,650,17,23.897968278163194,0.036766105043327994,0.47384615384615386,50,24,9,0,20116,0.05235087245648106,-0.015584767413153067,-10.130098818549495,0.6516063386803322,0.0010024712902774343,0.037768576333605426,-9.478492479869162,98.84591854525728,650,-0.02376734475162338,0.09908417898293799,93.97580311716862,103.69859739004909,0.052350872456481054,0.18953119898447496,data/metadata/20260915T175356430768Z/pass_plus_manifest.json
100,22,2024,00-0038579,A.O'Connell,255,9,6.957532488460273,0.027284441131216756,0.45098039215686275,10,3,2,0,20116,0.05235087245648106,-0.025066431325264305,-6.391939987942398,-1.4160971590236169,-0.005553322192249478,0.02173111893896728,-7.808037146966015,97.57667178161877,255,-0.11895532280185718,0.1561771146189552,86.4423749617837,108.21708320731238,0.052350872456481054,0.18953119898447496,data/metadata/20260915T175356430768Z/pass_plus_manifest.json
100,23,2024,00-0036971,T.Lawrence,314,10,0.8311977563876098,0.0026471266126993943,0.43312101910828027,18,13,2,0,20116,0.05235087245648106,-0.04970374584378166,-15.606976194947443,2.6322711601612565,0.008383029172488078,0.011030155785187472,-12.974705034786187,96.72976927603263,314,-0.1646317896119776,0.1922625231596395,82.82741866000919,111.07297780941747,0.052350872456481054,0.18953119898447496,data/metadata/20260915T175356430768Z/pass_plus_manifest.json
100,24,2024,00-0029263,R.Wilson,387,11,3.1340429312891853,0.008098302148034071,0.42377260981912146,33,20,6,0,20116,0.05235087245648106,-0.04425257030844699,-17.125744709368988,0.20020458105451844,0.0005173244988488848,0.008615626646882956,-16.92554012831447,96.53867705866352,387,-0.1310628771222493,0.16151995103032163,85.48415111378938,108.63992940150051,0.052350872456481054,0.18953119898447496,data/metadata/20260915T175356430768Z/pass_plus_manifest.json
100,25,2024,00-0023459,A.Rodgers,640,17,3.2855196257955948,0.005133624415305617,0.4328125,40,16,12,0,20116,0.05235087245648106,-0.04721724804117544,-30.219038746352282,-0.13358087409954633,-0.00020872011578054115,0.004924904299525076,-30.35261962045183,96.24658353787646,640,-0.13993797861237955,0.14382921774700547,84.78175212583774,107.239838014586,0.052350872456481054,0.18953119898447496,data/metadata/20260915T175356430768Z/pass_plus_manifest.json
100,26,2024,00-0036972,M.Jones,290,10,-1.204768958323846,-0.004154375718358089,0.4206896551724138,14,14,1,0,20116,0.05235087245648106,-0.05650524817483915,-16.386521970703352,0.5213022099070425,0.0017975938272656636,-0.0023567818910924256,-15.86521976079631,95.67029164796863,290,-0.2145484143708236,0.17093763509156884,78.87688505185098,109.38526980812284,0.052350872456481054,0.18953119898447496,data/metadata/20260915T175356430768Z/pass_plus_manifest.json
100,27,2024,00-0034771,M.Rudolph,249,8,2.9692487740900413,0.011924693871847556,0.4819277108433735,11,13,0,0,20116,0.05235087245648106,-0.0404261785846335,-10.066118467573745,-3.572595708543096,-0.014347773929891951,-0.002423080058044395,-13.63871417611684,95.66504463581649,249,-0.14042910910439746,0.14912626496295092,84.74288276068974,107.65906033083216,0.052350872456481054,0.18953119898447496,data/metadata/20260915T175356430768Z/pass_plus_manifest.json
100,28,2024,00-0039851,D.Maye,416,13,1.2279524613559243,0.0029518088013363564,0.4807692307692308,34,45,8,0,20116,0.05235087245648106,-0.0493990636551447,-20.550010480540195,-2.2842199638005,-0.005490913374520433,-0.0025391045731840765,-22.834230444340694,95.65586214904692,416,-0.142248608863787,0.12465403928712296,84.59888274097224,105.72226371315504,0.052350872456481054,0.18953119898447496,data/metadata/20260915T175356430768Z/pass_plus_manifest.json
100,29,2024,00-0026158,J.Flacco,269,7,4.050267898661813,0.015056757987590383,0.46096654275092935,18,3,3,0,20116,0.05235087245648106,-0.03729411446889068,-10.032116792131593,-6.395457847358357,-0.023774936235532926,-0.008718178247942543,-16.42757463948995,95.1668339277409,269,-0.16613063754511712,0.139863087563791,82.70879587327246,106.92594798979336,0.052350872456481054,0.18953119898447496,data/metadata/20260915T175356430768Z/pass_plus_manifest.json
100,30,2024,00-0039163,C.Stroud,620,17,-4.369104051435761,-0.007046942018444775,0.42258064516129035,52,37,8,0,20116,0.05235087245648106,-0.059397814474925835,-36.82664497445402,-5.1543600329348855,-0.008313483924088524,-0.015360425942533298,-41.9810050073889,94.64114889038183,620,-0.12409833380272245,0.08676139702073185,86.0353434787016,102.72333985765606,0.052350872456481054,0.18953119898447496,data/metadata/20260915T175356430768Z/pass_plus_manifest.json
100,31,2024,00-0039150,B.Young,450,14,-11.356573473976056,-0.025236829942169012,0.4066666666666667,29,37,8,0,20116,0.05235087245648106,-0.07758770239865007,-34.91446607939253,2.3062265745734423,0.005124947943496538,-0.020111881998672473,-32.60823950481909,94.26510610046667,450,-0.20860118228750665,0.14618291450257975,79.34756471687574,107.42611579641182,0.052350872456481054,0.18953119898447496,data/metadata/20260915T175356430768Z/pass_plus_manifest.json
100,32,2024,00-0039918,C.Williams,676,17,-30.44836130489553,-0.04504195459304073,0.40532544378698226,68,50,4,0,20116,0.05235087245648106,-0.09739282704952179,-65.83755108547673,4.854416158334128,0.007181088991618532,-0.0378608656014222,-60.98313492714261,92.86040462932232,676,-0.17460003269909638,0.10209438128748964,82.03850555700588,103.93683275610074,0.052350872456481054,0.18953119898447496,data/metadata/20260915T175356430768Z/pass_plus_manifest.json
100,33,2024,00-0033077,D.Prescott,311,8,-15.198715209329077,-0.04887046691102597,0.4212218649517685,21,6,3,0,20116,0.05235087245648106,-0.10122133936750703,-31.479836543294688,1.3685719824462286,0.004400552998219384,-0.04446991391280659,-30.11126456084846,92.33734707889292,311,-0.24194246474356998,0.1322229243752227,76.70884750556365,106.32128528284815,0.052350872456481054,0.18953119898447496,data/metadata/20260915T175356430768Z/pass_plus_manifest.json
100,34,2024,00-0031503,J.Winston,327,9,-23.95938729454834,-0.07327029753684508,0.42201834862385323,24,8,4,0,20116,0.05235087245648106,-0.12562116999332615,-41.078122587817646,3.5820855868268815,0.010954390173782512,-0.06231590736306257,-37.49603700099077,90.92496799202941,327,-0.26814940630689893,0.13656008885870266,74.63476088786577,106.66453994277106,0.052350872456481054,0.18953119898447496,data/metadata/20260915T175356430768Z/pass_plus_manifest.json
100,35,2024,00-0035710,D.Jones,381,10,-27.942026890727288,-0.07333865325650207,0.4304461942257218,29,15,4,0,20116,0.05235087245648106,-0.12568952571298314,-47.88770929664658,-0.796583443251984,-0.002090770192262425,-0.0754294234487645,-48.68429273989856,89.88712967127019,381,-0.24551431194172946,0.10038756729617321,76.42616207825951,103.80175098588599,0.052350872456481054,0.18953119898447496,data/metadata/20260915T175356430768Z/pass_plus_manifest.json
100,36,2024,00-0039164,A.Richardson,297,11,-34.007927177258786,-0.11450480531063564,0.367003367003367,14,21,3,0,20116,0.05235087245648106,-0.1668556777671167,-49.55613629683366,3.254524547859895,0.010957995110639378,-0.10354681019999626,-46.30161174897376,87.66184537228243,297,-0.24054796743309284,0.05253788547529812,76.81921170823443,100.01480070456624,0.052350872456481054,0.18953119898447496,data/metadata/20260915T175356430768Z/pass_plus_manifest.json
100,37,2024,00-0033662,C.Rush,324,11,-34.90090198894915,-0.10771883329922577,0.404320987654321,13,4,4,0,20116,0.05235087245648106,-0.16006970575570684,-51.86258466484901,-0.07844122178438395,-0.00024210253637155541,-0.10796093583559732,-51.94102588663339,87.31249980337986,324,-0.28943005097004965,0.07117593835130451,72.95055442656749,101.48986546771903,0.052350872456481054,0.18953119898447496,data/metadata/20260915T175356430768Z/pass_plus_manifest.json
100,38,2024,00-0035993,T.Huntley,162,5,-14.480671191320349,-0.08938685920568117,0.3950617283950617,15,15,5,0,20116,0.05235087245648106,-0.14173773166216222,-22.96151252927028,-3.1143759847750982,-0.019224543115895668,-0.10861140232157683,-26.075888514045378,87.26102016656033,162,-0.2797176185408968,0.10342707651496116,73.71922199801692,104.0423057785856,0.052350872456481054,0.18953119898447496,data/metadata/20260915T175356430768Z/pass_plus_manifest.json
100,39,2024,00-0035289,G.Minshew II,343,10,-42.38802869492164,-0.12358025858577737,0.4489795918367347,29,11,4,0,20116,0.05235087245648106,-0.17593113104225844,-60.34437794749464,1.3095544316083891,0.003817942949295595,-0.11976231563648178,-59.03482351588625,86.3785074160486,343,-0.288167535342484,0.023140291326639736,73.05047325003801,97.68819740868356,0.052350872456481054,0.18953119898447496,data/metadata/20260915T175356430768Z/pass_plus_manifest.json
100,40,2024,00-0035704,D.Lock,202,7,-25.175172898342595,-0.12462956880367622,0.4306930693069307,12,10,1,0,20116,0.05235087245648106,-0.17698044126015727,-35.75004913455177,-0.35458815733861027,-0.0017553869175178725,-0.1263849557211941,-36.104637291890384,85.85437417675631,202,-0.4379060454770792,0.3897442068154798,61.199771813791045,126.70220017866046,0.052350872456481054,0.18953119898447496,data/metadata/20260915T175356430768Z/pass_plus_manifest.json
100,41,2024,00-0027973,A.Dalton,173,6,-25.039808882843914,-0.144738779669618,0.4161849710982659,7,6,1,0,20116,0.05235087245648106,-0.19708965212609908,-34.09650981781514,-1.5601840424291393,-0.009018404869532598,-0.1537571845391506,-35.65669386024428,83.68806364598728,173,-0.5525535064060717,0.16336452460537573,52.126268753876595,108.78591382925732,0.052350872456481054,0.18953119898447496,data/metadata/20260915T175356430768Z/pass_plus_manifest.json
100,42,2024,00-0039152,W.Levis,362,12,-59.634115467870984,-0.16473512560185355,0.3674033149171271,41,20,3,0,20116,0.05235087245648106,-0.21708599805833462,-78.58513129711713,3.6694473872041735,0.010136594992276723,-0.15459853060957682,-74.91568390991296,83.62147729437862,362,-0.30740227334096126,-0.019943642135244702,71.52818524931264,94.2784210478998,0.052350872456481054,0.18953119898447496,data/metadata/20260915T175356430768Z/pass_plus_manifest.json
100,43,2024,00-0033119,J.Brissett,187,7,-32.43579831926582,-0.17345346694794556,0.40641711229946526,18,9,4,0,20116,0.05235087245648106,-0.22580433940442662,-42.22541146862778,-0.28763356086765013,-0.0015381473843189847,-0.17499161433226454,-42.51304502949543,82.00751475164509,187,-0.37249911034814986,0.003708424296073487,66.37624952400859,96.15030809536597,0.052350872456481054,0.18953119898447496,data/metadata/20260915T175356430768Z/pass_plus_manifest.json
100,44,2024,00-0038122,D.Ridder,100,5,-20.709902239864256,-0.20709902239864256,0.39,10,6,0,0,20116,0.05235087245648106,-0.2594498948551236,-25.944989485512362,-1.6386988499296595,-0.016386988499296595,-0.22348601089793915,-27.583688335442023,78.16954004150408,100,-0.45197800185390014,-0.06944478217829211,60.08607999532899,90.36076999823524,0.052350872456481054,0.18953119898447496,data/metadata/20260915T175356430768Z/pass_plus_manifest.json
100,45,2024,00-0033537,D.Watson,270,7,-57.021373468227715,-0.2111902721045471,0.34444444444444444,33,21,5,0,20116,0.05235087245648106,-0.2635411445610282,-71.1561090314776,-4.219744856365771,-0.01562868465320656,-0.22681895675775365,-75.37585388784336,77.90576189750936,270,-0.3443076250650248,-0.07174876101653874,68.60739817664553,90.17842702378633,0.052350872456481054,0.18953119898447496,data/metadata/20260915T175356430768Z/pass_plus_manifest.json
100,46,2024,00-0039376,S.Rattler,263,7,-72.93719525641929,-0.2773277386175638,0.38022813688212925,22,14,9,0,20116,0.05235087245648106,-0.3296786110740449,-86.7054747124738,2.071376077422674,0.007875954667006364,-0.26945178395055747,-84.63409863505113,74.53168727909026,263,-0.4304160220204391,-0.056121910195765845,61.79255206554687,91.41517729797624,0.052350872456481054,0.18953119898447496,data/metadata/20260915T175356430768Z/pass_plus_manifest.json
100,47,2024,00-0038583,D.Thompson-Robinson,132,6,-68.4755225352128,-0.518753958600097,0.29545454545454547,8,6,8,0,20116,0.05235087245648106,-0.571104831056578,-75.3858376994683,-1.8540895355584515,-0.014046132845139784,-0.5328000914452368,-77.23992723502676,53.68960622021529,132,-0.7146681703554346,-0.3907342843068329,39.29608579576829,64.93306966314225,0.052350872456481054,0.18953119898447496,data/metadata/20260915T175356430768Z/pass_plus_manifest.json
100,1,2025,00-0039851,D.Maye,601,17,190.20665555794244,0.31648361989674284,0.5524126455906821,47,62,5,0,19734,0.04314511131264041,0.2733385085841024,164.27644365904555,-11.690085714604598,-0.01945105776140532,0.2970325621353375,152.58635794444095,120.31037514418865,601,0.17675823420198275,0.44660783976689766,110.68872305927505,132.27603154488529,0.04314511131264042,0.18750573218388425,data/metadata/20260915T175358573019Z/pass_plus_manifest.json
100,2,2025,00-0036264,J.Love,483,15,125.08711844334718,0.2589795412905739,0.5031055900621118,21,24,7,0,19734,0.04314511131264041,0.21583442997793345,104.24802967934187,-2.3948951654580415,-0.004958375083764061,0.2540211662068098,101.85313451388383,116.86956866102895,483,0.1461420125118693,0.36340160633497864,108.23950020084357,125.6197363642409,0.04314511131264042,0.18750573218388425,data/metadata/20260915T175358573019Z/pass_plus_manifest.json
100,3,2025,00-0026498,M.Stafford,624,17,139.23713701684244,0.22313643752699108,0.5272435897435898,23,7,9,0,19734,0.04314511131264041,0.17999132621435066,112.31458755775482,-1.655811703482815,-0.002653544396607075,0.220482893130384,110.65877585427201,114.18658883802797,624,0.10602894155672717,0.3252113611948322,105.03055262724588,122.56461015327041,0.04314511131264042,0.18750573218388425,data/metadata/20260915T175358573019Z/pass_plus_manifest.json
100,4,2025,00-0037834,B.Purdy,313,9,64.60992821492869,0.20642149589434086,0.5335463258785943,11,18,1,0,19734,0.04314511131264041,0.16327638458170046,51.10550837407224,4.140601002162251,0.013228757195406553,0.21965025308974742,55.246109376234486,114.119979671129,313,0.01915669474257888,0.39993369229038495,98.08098534183453,128.5422138957208,0.04314511131264042,0.18750573218388425,data/metadata/20260915T175358573019Z/pass_plus_manifest.json
100,5,2025,00-0033873,P.Mahomes,586,14,98.04011201882213,0.16730394542461113,0.49829351535836175,34,52,13,0,19734,0.04314511131264041,0.12415883411197072,72.75707678961484,9.07892478653123,0.015493045710804147,0.18279699113541528,81.83600157614607,111.17180884522135,586,0.05903684867154557,0.2919497653000811,101.27130012297333,119.90376382814591,0.04314511131264042,0.18750573218388425,data/metadata/20260915T175358573019Z/pass_plus_manifest.json
100,6,2025,00-0033106,J.Goff,619,17,109.3703506834146,0.17668877331730953,0.4862681744749596,38,5,6,0,19734,0.04314511131264041,0.1335436620046691,82.66352678089018,1.5443338252253045,0.0024948850165190705,0.1791836583338286,84.20786060611549,110.88275105806716,619,0.038655080865271994,0.3190270557646754,99.64080854528503,122.06988084354788,0.04314511131264042,0.18750573218388425,data/metadata/20260915T175358573019Z/pass_plus_manifest.json
100,7,2025,00-0034857,J.Allen,547,16,93.89419151296364,0.1716530009377763,0.48811700182815354,40,48,13,0,19734,0.04314511131264041,0.12850788962513587,70.29381562494933,-2.237327105542112,-0.004090177523842983,0.1675628234139333,68.05648851940722,109.95311268505206,547,0.03752615803553173,0.2895057462329052,99.55049747986385,119.70824828000423,0.04314511131264042,0.18750573218388425,data/metadata/20260915T175358573019Z/pass_plus_manifest.json
100,8,2025,00-0033077,D.Prescott,654,17,110.75132310238685,0.16934453073759456,0.4847094801223242,31,26,12,0,19734,0.04314511131264041,0.12619941942495416,82.53442030392002,-4.463357117057088,-0.006824705071952734,0.16251982566564183,78.07106318686293,109.54968519863161,654,0.056585675061241125,0.2683089165872748,101.07521222887894,118.01255374852909,0.04314511131264042,0.18750573218388425,data/metadata/20260915T175358573019Z/pass_plus_manifest.json
100,9,2025,00-0035710,D.Jones,426,13,67.82943711503373,0.15922403078646416,0.5070422535211268,22,22,6,0,19734,0.04314511131264041,0.11607891947382375,49.44961969584891,-0.32519796425844305,-0.0007633755029540916,0.15846065528351008,49.124421731590466,109.22496149539961,426,0.004011154591111916,0.30976354740684175,96.86937917051381,121.32882283028545,0.04314511131264042,0.18750573218388425,data/metadata/20260915T175358573019Z/pass_plus_manifest.json
100,10,2025,00-0036972,M.Jones,310,8,40.583557674090585,0.13091470217448575,0.5225806451612903,16,8,4,0,19734,0.04314511131264041,0.08776959086184534,27.208573167172055,3.7650255346654786,0.01214524366021122,0.14305994583469697,30.973598701837535,107.99294240434779,310,0.01785625465663542,0.2745193108581226,97.97695331538948,118.50937010170254,0.04314511131264042,0.18750573218388425,data/metadata/20260915T175358573019Z/pass_plus_manifest.json
100,11,2025,00-0034869,S.Darnold,514,17,67.08923651525515,0.13052380644991274,0.5233463035019456,27,14,11,0,19734,0.04314511131264041,0.08737869513727232,44.91264930055798,2.0074324909066092,0.003905510682697683,0.13442931713261042,46.92008179146459,107.30251321573856,514,-0.03522128262334486,0.32233439704993666,93.73088014244286,122.33446005774633,0.04314511131264042,0.18750573218388425,data/metadata/20260915T175358573019Z/pass_plus_manifest.json
100,12,2025,00-0039163,C.Stroud,468,14,55.36744336172861,0.11830650290967652,0.4636752136752137,23,25,9,0,19734,0.04314511131264041,0.07516139159703611,35.17553126741289,1.8687195392751903,0.003992990468536731,0.12229949337821325,37.04425080668808,106.33215698077544,468,-0.007713624907506161,0.2703742885085285,95.93142548541368,118.17777845103804,0.04314511131264042,0.18750573218388425,data/metadata/20260915T175358573019Z/pass_plus_manifest.json
100,13,2025,00-0039732,B.Nix,669,17,76.09520346887987,0.11374469875766798,0.4484304932735426,22,36,11,0,19734,0.04314511131264041,0.07059958744502756,47.23112400072344,-0.8022981347664584,-0.0011992498277525537,0.11254544892991541,46.42882586595698,105.55185727995892,669,0.018885913743685586,0.205594822119852,98.05932352416052,112.99557956830083,0.04314511131264042,0.18750573218388425,data/metadata/20260915T175358573019Z/pass_plus_manifest.json
100,14,2025,00-0039918,C.Williams,633,17,70.56154048219744,0.1114716279339612,0.4486571879936809,24,43,10,0,19734,0.04314511131264041,0.06832651662132079,43.250685021296064,-2.041612498749406,-0.0032252962065551435,0.10824633172740605,41.209072522546656,105.20793841792435,633,0.036199831709529035,0.19004001111542707,99.44439461752293,111.7512327296796,0.04314511131264042,0.18750573218388425,data/metadata/20260915T175358573019Z/pass_plus_manifest.json
100,15,2025,00-0036442,J.Burrow,284,8,26.16398726625015,0.09212671572623292,0.4859154929577465,17,8,2,0,19734,0.04314511131264041,0.048981604413592505,13.910775653460272,1.2763846916377015,0.004494312294498949,0.09662102802073187,15.187160345097974,104.27794255289606,284,-0.13434801508257924,0.33589400257824786,85.8009839756935,123.41919533786674,0.04314511131264042,0.18750573218388425,data/metadata/20260915T175358573019Z/pass_plus_manifest.json
100,16,2025,00-0036971,T.Lawrence,641,17,53.16949418214086,0.08294772883329307,0.4711388455538221,41,43,10,0,19734,0.04314511131264041,0.03980261752065266,25.513477830738353,3.9127689025348658,0.00610416365450057,0.08905189248779365,29.426246733273217,103.67243022177048,641,-0.02253799945647278,0.2182429862703039,94.74551177683207,114.0074017672655,0.04314511131264042,0.18750573218388425,data/metadata/20260915T175358573019Z/pass_plus_manifest.json
100,17,2025,00-0036389,J.Hurts,524,16,45.38151167233306,0.08660593830597912,0.4446564885496183,32,40,6,0,19734,0.04314511131264041,0.04346082699333871,22.773473344509487,0.10979747031824638,0.00020953715709589004,0.08681547546307501,22.883270814827732,103.493522329302,524,-0.0403257049179347,0.23306445185054436,93.3225388425419,115.19308276546336,0.04314511131264042,0.18750573218388425,data/metadata/20260915T175358573019Z/pass_plus_manifest.json
100,18,2025,00-0035228,K.Murray,193,5,15.236067261391852,0.07894335368596815,0.44559585492227977,16,16,3,0,19734,0.04314511131264041,0.03579824237332774,6.909060778052252,-0.11564455004716423,-0.0005991945598298664,0.07834415912613829,6.793416228005088,102.81583774028135,193,0.021634666714373807,0.15406307690226834,98.27921703930856,108.87316597986873,0.04314511131264042,0.18750573218388425,data/metadata/20260915T175358573019Z/pass_plus_manifest.json
100,19,2025,00-0034855,B.Mayfield,620,17,38.88631993968265,0.06271987087045588,0.45,36,42,9,0,19734,0.04314511131264041,0.01957475955781547,12.136350925845594,5.9672405766439915,0.009624581575232244,0.07234445244568813,18.103591502489586,102.33587587907012,620,-0.08688158553974132,0.22899772945181582,89.59818225251378,114.86775491937327,0.04314511131264042,0.18750573218388425,data/metadata/20260915T175358573019Z/pass_plus_manifest.json
100,20,2025,00-0034796,L.Jackson,366,13,22.266072399064488,0.0608362633854221,0.4644808743169399,36,30,4,0,19734,0.04314511131264041,0.017691152072781685,6.474961658638096,-0.6627554795920685,-0.0018108073212898047,0.059025456064132294,5.8122061790460275,101.27038874224269,366,-0.13538538356545216,0.2509872882730946,85.71799703411119,116.6268658461566,0.04314511131264042,0.18750573218388425,data/metadata/20260915T175358573019Z/pass_plus_manifest.json
100,21,2025,00-0036355,J.Herbert,615,16,33.479670393680934,0.05443848844500965,0.4666666666666667,54,49,12,0,19734,0.04314511131264041,0.011293377132369234,6.945426936407081,0.6357259067170246,0.0010337006613284952,0.055472189106338145,7.581152843124106,100.98613607569143,615,-0.09209943288503271,0.21176380345934856,89.18076722595546,113.48908298824801,0.04314511131264042,0.18750573218388425,data/metadata/20260915T175358573019Z/pass_plus_manifest.json
100,22,2025,00-0040691,J.Dart,411,13,20.469719441998897,0.0498046701751798,0.44525547445255476,35,38,12,0,19734,0.04314511131264041,0.006659558862539383,2.7370786925036867,1.779023317818794,0.004328523887636968,0.05413319406281676,4.516102010322481,100.87901974693236,411,-0.10228851098557372,0.187171586147656,88.3656658969026,111.52176574744159,0.04314511131264042,0.18750573218388425,data/metadata/20260915T175358573019Z/pass_plus_manifest.json
100,23,2025,00-0032950,C.Wentz,196,5,7.362452234339155,0.03756353180785283,0.47959183673469385,19,9,4,0,19734,0.04314511131264041,-0.005581579504787583,-1.0939895829383648,2.9795837227063826,0.015201957768910115,0.05276548957676294,1.8855941397680178,100.76960673298414,196,-0.1530034344072189,0.19574975581816637,84.30859605447962,112.20799834182152,0.04314511131264042,0.18750573218388425,data/metadata/20260915T175358573019Z/pass_plus_manifest.json
100,24,2025,00-0032268,M.Mariota,259,10,7.92205341212053,0.030587078811276175,0.4826254826254826,16,18,6,0,19734,0.04314511131264041,-0.012558032501364239,-3.252530417853338,3.8748303577944365,0.014960734972179292,0.04554781378345547,0.6222999399410987,100.19221032147904,259,-0.22415690668406496,0.24403748228235192,78.6164922893211,116.07089836373902,0.04314511131264042,0.18750573218388425,data/metadata/20260915T175358573019Z/pass_plus_manifest.json
100,25,2025,00-0023459,A.Rodgers,536,16,18.54329392032405,0.03459569761254487,0.43097014925373134,29,12,5,0,19734,0.04314511131264041,-0.008549413700095543,-4.582485743251212,1.0959562053728045,0.0020446944130089635,0.03664039202555383,-3.4865295378784076,99.47963836534548,536,-0.10217309759787342,0.16500087522960746,88.37489868565706,109.74816309595256,0.04314511131264042,0.18750573218388425,data/metadata/20260915T175358573019Z/pass_plus_manifest.json
100,26,2025,00-0039910,J.Daniels,242,7,4.658640498833239,0.01925058057369107,0.4628099173553719,18,38,6,0,19734,0.04314511131264041,-0.023894530738949343,-5.782476438825742,1.5345115595521945,0.006340956857653696,0.025591537431344766,-4.247964879273548,98.59575701951759,242,-0.1748010702056588,0.24915583236746403,82.5648385001455,116.48035385281916,0.04314511131264042,0.18750573218388425,data/metadata/20260915T175358573019Z/pass_plus_manifest.json
100,27,2025,00-0039917,M.Penix,302,9,9.411865906110542,0.031165118894405767,0.4602649006622517,13,13,6,0,19734,0.04314511131264041,-0.011979992418234647,-3.6179577103068628,-2.3444184316119356,-0.00776297493911237,0.023402143955293397,-5.962376141918798,98.420610895939,302,-0.2128356810024373,0.27219904194727984,79.52216265601622,118.32375426341709,0.04314511131264042,0.18750573218388425,data/metadata/20260915T175358573019Z/pass_plus_manifest.json
100,28,2025,00-0036212,T.Tagovailoa,423,14,7.675573918918266,0.018145564820137745,0.4444444444444444,30,11,6,0,19734,0.04314511131264041,-0.024999546492502668,-10.574808166328628,-2.08346269694457,-0.004925443728001347,0.013220121092136397,-12.658270863273199,97.60607396862217,423,-0.17572997161868759,0.17635859184544272,82.49052865887745,110.65675264813999,0.04314511131264042,0.18750573218388425,data/metadata/20260915T175358573019Z/pass_plus_manifest.json
100,29,2025,00-0033119,J.Brissett,549,13,0.22407575398072188,0.0004081525573419342,0.453551912568306,43,22,7,0,19734,0.04314511131264041,-0.04273695875529848,-23.462590356658865,3.250639590053417,0.005921019289714785,0.006329171847056719,-20.211950766605447,97.05481488191421,549,-0.0468647659082765,0.05943844661400256,92.799429955615,101.30342697619906,0.04314511131264042,0.18750573218388425,data/metadata/20260915T175358573019Z/pass_plus_manifest.json
100,30,2025,00-0039150,B.Young,536,16,-5.591317618576004,-0.010431562721223888,0.43843283582089554,27,33,5,0,19734,0.04314511131264041,-0.053576674033864305,-28.717097282151265,-0.9813073491969094,-0.0018307972932778162,-0.012262360014501704,-29.698404631348176,95.5675378015,536,-0.14995174814315063,0.12137637663634836,84.55272349222713,106.25830989905319,0.04314511131264042,0.18750573218388425,data/metadata/20260915T175358573019Z/pass_plus_manifest.json
100,31,2025,00-0040743,T.Shough,375,11,1.1195352224291515,0.002985427259811071,0.448,31,20,4,0,19734,0.04314511131264041,-0.04015968405282934,-15.059881519811002,-7.605767907641034,-0.020282047753709422,-0.01729662049389835,-22.665649427452035,95.16480927522277,375,-0.15419883528027337,0.1361292931213384,84.2129669081758,107.43850713727858,0.04314511131264042,0.18750573218388425,data/metadata/20260915T175358573019Z/pass_plus_manifest.json
100,32,2025,00-0029604,K.Cousins,281,10,-4.625408477052758,-0.01646052838808811,0.44483985765124556,13,2,6,0,19734,0.04314511131264041,-0.05960563970072852,-16.749184755904714,-2.7468241174936434,-0.009775174795351045,-0.026235703183439152,-19.49600887339836,94.44970452198986,281,-0.21221008718592235,0.13556618258766026,79.57220863134951,107.39345967175956,0.04314511131264042,0.18750573218388425,data/metadata/20260915T175358573019Z/pass_plus_manifest.json
100,33,2025,00-0028118,T.Taylor,169,6,-8.12748063110286,-0.048091601367472536,0.4437869822485207,14,22,1,0,19734,0.04314511131264041,-0.09123671268011295,-15.41900444293909,-0.9448334980270632,-0.005590730757556587,-0.053682332125029125,-16.363837940966153,92.25404133170349,169,-0.24806690950216023,0.09137753940125044,76.70375053953978,103.85847628711232,0.04314511131264042,0.18750573218388425,data/metadata/20260915T175358573019Z/pass_plus_manifest.json
100,34,2025,00-0036898,D.Mills,174,6,-13.239830668582169,-0.0760909808539205,0.40229885057471265,8,7,1,0,19734,0.04314511131264041,-0.11923609216656092,-20.7470800369816,2.436411452877302,0.014002364671708633,-0.06208861618221187,-18.3106685841043,91.5815591660165,174,-0.21380648461305812,0.05469812127319516,79.44450074141922,100.92421254214443,0.04314511131264042,0.18750573218388425,data/metadata/20260915T175358573019Z/pass_plus_manifest.json
100,35,2025,00-0036945,J.Fields,257,9,-14.302402154598754,-0.05565137025135702,0.42412451361867703,27,28,8,0,19734,0.04314511131264041,-0.09879648156399742,-25.39069576194734,-4.520489656920481,-0.017589453917978524,-0.07324082416933554,-29.911185418867824,90.6894098015224,257,-0.38807299363488074,0.17179596114788007,65.50360621578506,110.29175335096477,0.04314511131264042,0.18750573218388425,data/metadata/20260915T175358573019Z/pass_plus_manifest.json
100,36,2025,00-0039376,S.Rattler,288,9,-28.022399114129005,-0.09729999692405905,0.4618055555555556,18,16,10,0,19734,0.04314511131264041,-0.14044510823669948,-40.448191172169444,-1.0082161446691296,-0.0035007505023233665,-0.10080074742638241,-41.45640731683857,88.48468334307852,288,-0.2660520502916434,0.03935359000374042,75.26498326186702,99.69668756804872,0.04314511131264042,0.18750573218388425,data/metadata/20260915T175358573019Z/pass_plus_manifest.json
100,37,2025,00-0026158,J.Flacco,434,12,-46.28485932440055,-0.1066471413004621,0.41013824884792627,18,4,3,0,19734,0.04314511131264041,-0.14979225261310253,-65.0098376340865,-7.154330672550731,-0.016484632886061595,-0.1231317741865237,-72.16416830663722,86.69825581629964,434,-0.3369161880424589,0.08559033371880892,69.59602555117795,103.39551398603722,0.04314511131264042,0.18750573218388425,data/metadata/20260915T175358573019Z/pass_plus_manifest.json
100,38,2025,00-0030565,G.Smith,519,15,-67.66035842402934,-0.13036677923705076,0.4238921001926782,55,18,10,0,19734,0.04314511131264041,-0.17351189054969118,-90.05267119528972,1.2900551495658303,0.0024856553941538157,-0.12788112384289693,-88.76261604572389,86.31831945907011,519,-0.2680089112397609,0.03645004090591783,75.10843917182834,99.46441074130816,0.04314511131264042,0.18750573218388425,data/metadata/20260915T175358573019Z/pass_plus_manifest.json
100,39,2025,00-0040676,C.Ward,615,17,-102.79959729487082,-0.16715381673962734,0.37886178861788616,55,23,2,0,19734,0.04314511131264041,-0.21029892805226774,-129.33384075214468,11.885054199862932,0.019325291381890947,-0.14782852535773638,-117.44878655228175,84.72257612238556,615,-0.24781581013631251,-0.04411425341017218,76.72383787470469,93.01946422865313,0.04314511131264042,0.18750573218388425,data/metadata/20260915T175358573019Z/pass_plus_manifest.json
100,40,2025,00-0029263,R.Wilson,141,6,-17.27690726649073,-0.12253125720915413,0.375886524822695,10,12,4,0,19734,0.04314511131264041,-0.16567636852179454,-23.36036796157303,-5.869971707459173,-0.04163100501744094,-0.16416226222659508,-29.2303396690322,83.41591711959515,141,-0.49687613930215235,0.1857844943490502,56.79962065758063,111.41080179590392,0.04314511131264042,0.18750573218388425,data/metadata/20260915T175358573019Z/pass_plus_manifest.json
100,41,2025,00-0039923,J.McCarthy,287,10,-42.97374360231803,-0.14973429826591647,0.4181184668989547,27,17,5,0,19734,0.04314511131264041,-0.19287940957855687,-55.35639054904583,-4.369899491930655,-0.01522613063390472,-0.16496042889982118,-59.72629004097648,83.35206573777899,287,-0.3759817650524324,0.06330201072723532,66.47087493138282,101.61250265630498,0.04314511131264042,0.18750573218388425,data/metadata/20260915T175358573019Z/pass_plus_manifest.json
100,42,2025,00-0040704,D.Gabriel,214,10,-40.03370915140333,-0.18707340724954827,0.32710280373831774,19,11,5,0,19734,0.04314511131264041,-0.23021851856218867,-49.26676297230838,-1.7216808944969801,-0.008045237824752244,-0.19511864507430052,-50.988443866805355,80.93948220047382,214,-0.3440194724897305,-0.058198314558409535,69.0277801675937,91.8927737815772,0.04314511131264042,0.18750573218388425,data/metadata/20260915T175358573019Z/pass_plus_manifest.json
100,43,2025,00-0040668,S.Sanders,253,8,-60.42563131721639,-0.23883648741982763,0.3675889328063241,23,18,10,0,19734,0.04314511131264041,-0.28198159873246803,-71.34134447931442,-5.3094201479079235,-0.02098585038698784,-0.25982233780681546,-76.65076462722234,75.76334502491316,253,-0.4252409447005121,-0.10763880590484956,62.530261030595085,87.93765538834688,0.04314511131264042,0.18750573218388425,data/metadata/20260915T175358573019Z/pass_plus_manifest.json
100,44,2025,00-0035100,J.Browning,138,5,-49.44162349758261,-0.35827263404045373,0.391304347826087,9,4,2,0,19734,0.04314511131264041,-0.40141774535309416,-55.395648858726986,3.429020181383831,0.02484797232886834,-0.3334246617115854,-51.96662867734315,69.87533911857193,138,-0.7895813042962664,-0.036537485396171,33.3839233144939,93.62558713959733,0.04314511131264042,0.18750573218388425,data/metadata/20260915T175358573019Z/pass_plus_manifest.json
100,45,2025,00-0040398,B.Cook,179,5,-70.83243579265421,-0.3957119318025375,0.3128491620111732,19,7,2,0,19734,0.04314511131264041,-0.4388570431151779,-78.55541071761684,1.4200157563354414,0.007933048918075091,-0.3877788828844624,-77.13539496128139,65.5271343565245,179,-0.5090136482198384,-0.24155972272789208,55.828649628349666,77.22430956713421,0.04314511131264042,0.18750573218388425,data/metadata/20260915T175358573019Z/pass_plus_manifest.json
200,1,2017,00-0032950,C.Wentz,498,13,101.75488501310024,0.2043270783395587,0.4759036144578313,28,30,9,0,19356,0.005665880280425992,0.1986611980591327,98.93327663344809,4.849672884086777,0.009738298964029673,0.21406537730358838,103.78294951753486,115.77131991173971,498,0.08368908360970843,0.34807433971406165,105.9046634844232,125.91289053645659,0.005665880280425988,0.19820740894492533,data/metadata/20260915T175341400908Z/pass_plus_manifest.json
200,2,2017,00-0019596,T.Brady,622,16,137.74321200563813,0.22145210933382337,0.5016077170418006,35,6,9,0,19356,0.005665880280425992,0.21578622905339737,134.21903447121315,-5.416226695562561,-0.008707759960711513,0.21274434937311185,128.8028077756506,115.67134676208488,622,0.10475926595221512,0.3249424729003986,107.49921909069431,124.16231015173767,0.005665880280425988,0.19820740894492533,data/metadata/20260915T175341400908Z/pass_plus_manifest.json
200,3,2017,00-0023436,A.Smith,572,15,107.41035248481285,0.18778033651191056,0.4825174825174825,35,33,10,0,19356,0.005665880280425992,0.18211445623148456,104.16946896440918,-4.411366200139968,-0.00771217867157337,0.1800681578403372,99.75810276426921,113.19846809624342,572,0.031985622193434225,0.32910098043503994,101.99183335676832,124.47701893760829,0.005665880280425988,0.19820740894492533,data/metadata/20260915T175341400908Z/pass_plus_manifest.json
200,4,2017,00-0022942,P.Rivers,593,16,110.19312426912792,0.18582314379279583,0.4806070826306914,18,2,15,0,19356,0.005665880280425992,0.18015726351236983,106.8332572628353,-3.4703470930443574,-0.005852187340715611,0.17997095645208022,103.36291016979095,113.191112060303,593,0.047134021407128295,0.3236167220295701,103.13823847560296,124.0619795779802,0.005665880280425988,0.19820740894492533,data/metadata/20260915T175341400908Z/pass_plus_manifest.json
200,5,2017,00-0033106,J.Goff,510,15,80.31144865146763,0.1574734287283679,0.45098039215686275,25,10,5,0,19356,0.005665880280425992,0.1518075484479419,77.42184970845037,5.173552969883832,0.01014422150957614,0.16761765023794403,82.5954026783342,112.25623483145263,510,0.03222359923181731,0.32400901274622834,102.00984305476473,124.09166747300489,0.005665880280425988,0.19820740894492533,data/metadata/20260915T175341400908Z/pass_plus_manifest.json
200,6,2017,00-0033537,D.Watson,240,7,40.565038295649,0.1690209928985375,0.4791666666666667,19,19,4,0,19356,0.005665880280425992,0.1633551126181115,39.20522702834676,-0.6655531277835848,-0.002773138032431603,0.1662478548661059,38.53967390056318,112.15257104468026,240,-0.08322047965439945,0.3746014190032555,93.27323127768217,127.92041483363596,0.005665880280425988,0.19820740894492533,data/metadata/20260915T175341400908Z/pass_plus_manifest.json
200,7,2017,00-0022924,B.Roethlisberger,589,15,89.28733463321483,0.1515914000563919,0.499151103565365,21,10,9,0,19356,0.005665880280425992,0.1459255197759659,85.95013114804392,1.466638337223712,0.002490048110736353,0.15408144816712827,87.41676948526764,111.23183805363766,589,0.04107673995858753,0.24970108615448994,102.67983370551003,118.46816982067551,0.005665880280425988,0.19820740894492533,data/metadata/20260915T175341400908Z/pass_plus_manifest.json
200,8,2017,00-0020531,D.Brees,558,16,86.2590147924858,0.15458604801520753,0.496415770609319,20,5,6,0,19356,0.005665880280425992,0.14892016773478153,83.0974535960081,-0.931950344027008,-0.0016701619068584374,0.1529158861083491,82.1655032519811,111.143630297052,558,0.046483489775732786,0.25540252181085804,103.08900734684306,118.89964478571723,0.005665880280425988,0.19820740894492533,data/metadata/20260915T175341400908Z/pass_plus_manifest.json
200,9,2017,00-0026143,M.Ryan,567,16,86.3780429307491,0.1523422273910919,0.49559082892416223,24,17,6,0,19356,0.005665880280425992,0.1466763471106659,83.16548881174757,-1.8358724545245062,-0.0032378702901666775,0.14910435710092523,81.32961635722306,110.85518025668422,567,0.0383728140096219,0.26291118040524075,102.47520518304268,119.4678873126504,0.005665880280425988,0.19820740894492533,data/metadata/20260915T175341400908Z/pass_plus_manifest.json
200,10,2017,00-0028986,C.Keenum,522,15,66.21212223120835,0.1268431460367976,0.47509578544061304,22,19,9,0,19356,0.005665880280425992,0.12117726575637162,63.254532724825985,-0.34465571603662515,-0.0006602599924073278,0.1261828860443903,62.90987700878936,109.1205222654506,522,-0.008100235548986782,0.2730541480586113,98.95820373950518,120.23548987408056,0.005665880280425988,0.19820740894492533,data/metadata/20260915T175341400908Z/pass_plus_manifest.json
200,11,2017,00-0023459,A.Rodgers,275,7,30.761076316578254,0.11185845933301183,0.49818181818181817,22,16,7,0,19356,0.005665880280425992,0.10619257905258585,29.202959239461105,3.3528221993244594,0.012192080724816215,0.12405054005782805,32.555781438785566,108.95914994355459,275,0.012327988959707612,0.25668709136958767,100.50417706745257,118.99685882773268,0.005665880280425988,0.19820740894492533,data/metadata/20260915T175341400908Z/pass_plus_manifest.json
200,12,2017,00-0031503,J.Winston,495,13,41.790160613991134,0.08442456689695178,0.509090909090909,33,23,8,0,19356,0.005665880280425992,0.0787586866165258,38.98554987518027,4.954654330641516,0.010009402688164679,0.09443396958511646,43.940204205821786,106.7178182019439,495,-0.029935096640311448,0.21144431608677206,97.30577854453743,115.57296245143321,0.005665880280425988,0.19820740894492533,data/metadata/20260915T175341400908Z/pass_plus_manifest.json
200,13,2017,00-0026498,M.Stafford,629,16,39.56135359757686,0.06289563370044016,0.4562798092209857,47,17,8,0,19356,0.005665880280425992,0.057229753420014164,35.997514901188914,5.5887995504109655,0.008885213911623157,0.07178084761206331,41.58631445159988,105.0034684134846,629,-0.06094649867264129,0.22679714556373773,94.9588883199939,116.73483850531208,0.005665880280425988,0.19820740894492533,data/metadata/20260915T175341400908Z/pass_plus_manifest.json
200,14,2017,00-0029263,R.Wilson,645,16,43.2427592978866,0.06704303767114202,0.462015503875969,43,53,17,0,19356,0.005665880280425992,0.061377157390716024,39.58826651701183,-0.7569621827587947,-0.0011735847794709995,0.06586945289167102,38.83130433425303,104.55610410314985,645,-0.05411878691265937,0.17081582112935623,95.47559794727219,112.4982669715555,0.005665880280425988,0.19820740894492533,data/metadata/20260915T175341400908Z/pass_plus_manifest.json
200,15,2017,00-0031407,B.Bortles,570,16,37.51422856605333,0.06581443608079532,0.45789473684210524,24,24,12,0,19356,0.005665880280425992,0.060148555800369326,34.28467680621052,-3.766642430055922,-0.006608144614133196,0.05920629146666212,30.5180343761546,104.05184736568901,570,-0.09576688215522777,0.23449061518279884,92.32374084988128,117.31706721664136,0.005665880280425988,0.19820740894492533,data/metadata/20260915T175341400908Z/pass_plus_manifest.json
200,16,2017,00-0021206,J.McCown,445,13,20.59488341657055,0.04628063689116978,0.451685393258427,39,14,8,0,19356,0.005665880280425992,0.040614756610743784,18.073566691780982,-3.4593926522313936,-0.007773916072430098,0.03850672081873968,14.614174039549589,102.48533902287974,445,-0.10285817399944866,0.1846233985577505,91.78708392958993,113.54320097542748,0.005665880280425988,0.19820740894492533,data/metadata/20260915T175341400908Z/pass_plus_manifest.json
200,17,2017,00-0028118,T.Taylor,506,15,20.148580788835716,0.03981932962220497,0.42292490118577075,46,40,12,0,19356,0.005665880280425992,0.034153449341778976,17.281645366940165,-4.8482306616094535,-0.009581483520967299,0.03023784610123767,12.433414705330712,101.85956463118183,506,-0.08889820103656794,0.14829976695376548,92.84355096862677,110.79429024116139,0.005665880280425988,0.19820740894492533,data/metadata/20260915T175341400908Z/pass_plus_manifest.json
200,18,2017,00-0027939,C.Newton,556,16,12.487611400783075,0.02245973273522136,0.43345323741007197,35,31,5,0,19356,0.005665880280425992,0.016793852454795366,9.337381964866225,0.8120128230840922,0.0014604547177771443,0.023920187452998502,10.149394787950317,101.3814549569369,556,-0.1267403916292266,0.187084691845414,89.97971826978147,113.72946747026478,0.005665880280425988,0.19820740894492533,data/metadata/20260915T175341400908Z/pass_plus_manifest.json
200,19,2017,00-0029604,K.Cousins,604,16,6.629619877272887,0.010976191849789547,0.44867549668874174,41,23,11,0,19356,0.005665880280425992,0.005310311569363555,3.2074281878955877,2.8017797905398556,0.0046387082624832045,0.015614900112272751,6.009207978435443,100.75292491977012,604,-0.1276855404238558,0.15829744753911282,89.90819101459508,111.55089772409298,0.005665880280425988,0.19820740894492533,data/metadata/20260915T175341400908Z/pass_plus_manifest.json
200,20,2017,00-0031280,D.Carr,544,15,-2.081771549096741,-0.003826785935839597,0.4319852941176471,20,9,13,0,19356,0.005665880280425992,-0.009492666216265589,-5.164010421648481,-1.0474973756600687,-0.00192554664643395,-0.005752332582273547,-6.211507797308549,99.13588904747711,544,-0.170811770034075,0.16319102935145396,86.6444712192718,111.92123568257722,0.005665880280425988,0.19820740894492533,data/metadata/20260915T175341400908Z/pass_plus_manifest.json
200,21,2017,00-0032268,M.Mariota,501,15,-13.04414180332061,-0.026036211184272674,0.437125748502994,27,22,9,0,19356,0.005665880280425992,-0.03170209146469866,-15.882747823814032,-0.1400590652835838,-0.00027955901254208344,-0.026315770196814758,-16.022806889097616,97.5796830213753,501,-0.11523177828350992,0.06124122888348111,90.85067057728939,104.20584797250169,0.005665880280425988,0.19820740894492533,data/metadata/20260915T175341400908Z/pass_plus_manifest.json
200,22,2017,00-0033077,D.Prescott,552,16,-17.364624514324973,-0.03145765310566118,0.4329710144927536,32,32,4,0,19356,0.005665880280425992,-0.037123533386087176,-20.49219042912012,-0.08187927160542596,-0.0001483320137779456,-0.03160598511943913,-20.57406970072555,97.17932854289354,552,-0.20675273453037404,0.14996070886436078,83.92452008165168,110.91998750339567,0.005665880280425988,0.19820740894492533,data/metadata/20260915T175341400908Z/pass_plus_manifest.json
200,23,2017,00-0021429,C.Palmer,290,7,-17.149788699920492,-0.05913720241351894,0.43448275862068964,22,1,4,0,19356,0.005665880280425992,-0.06480308269394493,-18.79289398124403,-2.9230384467182384,-0.010079442919718063,-0.069216645333237,-21.71593242796227,94.3330176698034,290,-0.127445106270144,-0.014608143550979714,89.92638666290547,98.46569631735821,0.005665880280425988,0.19820740894492533,data/metadata/20260915T175341400908Z/pass_plus_manifest.json
200,24,2017,00-0033119,J.Brissett,558,16,-45.71843504841408,-0.08193267929823311,0.3978494623655914,52,40,9,0,19356,0.005665880280425992,-0.0875985595786591,-48.879996244891785,3.405710913463687,0.006103424576099798,-0.07582925472213331,-45.4742853314281,93.83258662455924,558,-0.14177141059280993,-0.00475024962413491,88.84219628887308,99.21172498343981,0.005665880280425988,0.19820740894492533,data/metadata/20260915T175341400908Z/pass_plus_manifest.json
200,25,2017,00-0027973,A.Dalton,545,16,-42.87063929918327,-0.07866172348473995,0.4091743119266055,39,11,10,0,19356,0.005665880280425992,-0.08432760376516593,-45.958544052015434,-2.32570463682451,-0.0042673479574761655,-0.08292907144221612,-48.284248688839945,93.29528455614447,545,-0.2468300148639125,0.06496124017014102,80.8915395881217,104.48737210722969,0.005665880280425988,0.19820740894492533,data/metadata/20260915T175341400908Z/pass_plus_manifest.json
200,26,2017,00-0022803,E.Manning,608,15,-58.72597830470636,-0.09658878010642494,0.43585526315789475,32,5,12,0,19356,0.005665880280425992,-0.10225466038685092,-62.17083351520536,4.251861199719005,0.006993192762695732,-0.0895955873437292,-57.91897231548636,92.79077395760028,608,-0.22282241144688936,0.0362226657642084,82.70839423130717,102.31248561643876,0.005665880280425988,0.19820740894492533,data/metadata/20260915T175341400908Z/pass_plus_manifest.json
200,27,2017,00-0033869,M.Trubisky,380,12,-37.40414667986182,-0.09843196494700478,0.3973684210526316,31,20,10,0,19356,0.005665880280425992,-0.10409784522743076,-39.5571811864237,2.8262752540259495,0.007437566457963025,-0.09099439848904176,-36.73090593239775,92.6849143063825,380,-0.21985155967268105,0.043240496489926304,82.93322324678311,102.84358312407542,0.005665880280425988,0.19820740894492533,data/metadata/20260915T175341400908Z/pass_plus_manifest.json
200,28,2017,00-0024226,J.Cutler,455,14,-42.5162460952361,-0.09344229911040901,0.4197802197802198,20,6,16,0,19356,0.005665880280425992,-0.099108179390835,-45.09422162282993,-2.252728882274464,-0.0049510524885153055,-0.09839335159892432,-47.34695050510439,92.12497410415183,455,-0.24831912781816273,0.035622704369942096,80.7788460494056,102.26708155731757,0.005665880280425988,0.19820740894492533,data/metadata/20260915T175341400908Z/pass_plus_manifest.json
200,29,2017,00-0026158,J.Flacco,579,16,-55.04462715724735,-0.09506844068609213,0.4162348877374784,27,6,8,0,19356,0.005665880280425992,-0.10073432096651812,-58.325171839614,-2.230704390860488,-0.0038526846128851266,-0.09892112529897726,-60.55587623047449,92.08503308709835,579,-0.2544801045490922,0.044312816715237534,80.31259379649602,102.92473449710072,0.005665880280425988,0.19820740894492533,data/metadata/20260915T175341400908Z/pass_plus_manifest.json
200,30,2017,00-0026625,B.Hoyer,228,8,-27.315075943360302,-0.11980296466386098,0.38596491228070173,16,1,3,0,19356,0.005665880280425992,-0.12546884494428698,-28.60689664729743,2.4378681146806507,0.01069240401175724,-0.10911056065210374,-26.169028532616778,91.31391392908864,228,-0.39459706846959686,0.10795095146054763,69.70877999359438,107.74076042802287,0.005665880280425988,0.19820740894492533,data/metadata/20260915T175341400908Z/pass_plus_manifest.json
200,31,2017,00-0032156,T.Siemian,406,11,-53.20905136642753,-0.13105677676459984,0.4014778325123153,33,24,2,0,19356,0.005665880280425992,-0.13672265704502584,-55.50939876028048,-7.277611712083596,-0.0179251520002059,-0.14898192876480573,-62.78701047236408,88.29651652263392,406,-0.31588762355514427,0.025457642754371543,75.6653770754161,101.4978069623607,0.005665880280425988,0.19820740894492533,data/metadata/20260915T175341400908Z/pass_plus_manifest.json
200,32,2017,00-0031589,B.Hundley,366,11,-58.759835894020824,-0.16054599971043942,0.40437158469945356,29,21,10,0,19356,0.005665880280425992,-0.16621187999086542,-60.83354807665674,3.881168247249554,0.010604284828550694,-0.14994171488188873,-56.952379829407185,88.22388153974967,366,-0.35359680944906796,0.07718051355503577,72.81160994622658,105.4121059592541,0.005665880280425988,0.19820740894492533,data/metadata/20260915T175341400908Z/pass_plus_manifest.json
200,33,2017,00-0033936,C.Beathard,254,6,-49.23751685349909,-0.193848491549209,0.38976377952755903,19,12,3,0,19356,0.005665880280425992,-0.199514371829635,-50.67665044472729,5.4132540065588906,0.021312023647869646,-0.17253646790133936,-45.2633964381684,86.51394901454354,254,-0.36456357231371694,0.12581153855581215,71.9816639626461,109.09241931834927,0.005665880280425988,0.19820740894492533,data/metadata/20260915T175341400908Z/pass_plus_manifest.json
200,34,2017,00-0033899,D.Kizer,558,15,-114.09525850450014,-0.20447178943458805,0.35663082437275984,38,45,11,0,19356,0.005665880280425992,-0.21013766971501405,-117.25681970097784,4.798191114005953,0.008598908806462281,-0.19587288062812577,-112.45862858697188,84.74788894259608,558,-0.32925809621935026,-0.0624216346406139,74.6535224175571,94.84725253585559,0.005665880280425988,0.19820740894492533,data/metadata/20260915T175341400908Z/pass_plus_manifest.json
200,35,2017,00-0031064,T.Savage,245,8,-49.35567426553748,-0.20145173169607136,0.3877551020408163,21,2,6,0,19356,0.005665880280425992,-0.20711761197649736,-50.74381493424185,-0.6951660422163756,-0.002837412417209696,-0.20428914411328106,-51.438980976458225,84.1109604193419,245,-0.4985776792299057,0.007011059742975986,61.83970401047601,100.10180089657423,0.005665880280425988,0.19820740894492533,data/metadata/20260915T175341400908Z/pass_plus_manifest.json
200,36,2017,00-0027948,B.Gabbert,207,5,-54.478998889458495,-0.2631835695142922,0.37681159420289856,23,14,2,0,19356,0.005665880280425992,-0.2688494497947182,-55.651836107506675,1.8461192248544789,0.00891845036161584,-0.2542651191526764,-53.8057168826522,80.32886352608587,207,-0.3978207099723087,-0.09765902007671393,69.4648202808971,92.1805470662918,0.005665880280425988,0.19820740894492533,data/metadata/20260915T175341400908Z/pass_plus_manifest.json
200,1,2018,00-0033873,P.Mahomes,633,16,227.56737504000847,0.3595061217061745,0.5229067930489731,26,28,24,0,19669,0.056297614668360245,0.30320850703781427,191.93098495493643,3.279534087391061,0.00518093852668414,0.3646870602328587,195.2105190423275,121.58159294459446,633,0.2853687169050115,0.46273184287298597,116.03076679486111,128.4429256513843,0.05629761466836027,0.21434199483528435,data/metadata/20260915T175343345511Z/pass_plus_manifest.json
200,2,2018,00-0020531,D.Brees,510,15,145.64495959630452,0.2855783521496167,0.5588235294117647,17,4,11,0,19669,0.056297614668360245,0.22928073748125644,116.93317611544079,0.28532170457006045,0.000559454322686393,0.2861378064723031,117.21849782001085,116.08458892858829,510,0.11456812834283338,0.4622716543224626,104.0778649363079,128.4107209111832,0.05629761466836027,0.21434199483528435,data/metadata/20260915T175343345511Z/pass_plus_manifest.json
200,3,2018,00-0022942,P.Rivers,545,16,121.74126488126754,0.22337846767205052,0.5064220183486239,32,5,8,0,19669,0.056297614668360245,0.16708085300369027,91.0590648870112,0.07667214872144745,0.00014068284169072926,0.22351915051374124,91.13573703573265,111.70243395191076,545,0.07613661771652618,0.3550500599201735,101.38836556947776,120.90718005223819,0.05629761466836027,0.21434199483528435,data/metadata/20260915T175343345511Z/pass_plus_manifest.json
200,4,2018,00-0033106,J.Goff,612,16,118.33803940116023,0.19336280947902,0.5081699346405228,33,20,8,0,19669,0.056297614668360245,0.13706519481065974,83.88389922412375,2.9079755895653956,0.004751594100597052,0.19811440357961704,86.79187481368915,109.92456860963519,612,0.052063467097079354,0.34840104937826394,99.70368749428678,120.44187152412971,0.05629761466836027,0.21434199483528435,data/metadata/20260915T175343345511Z/pass_plus_manifest.json
200,5,2018,00-0022924,B.Roethlisberger,708,16,132.31729358377106,0.18688883274543935,0.4985875706214689,24,12,13,0,19669,0.056297614668360245,0.1305912180770791,92.458582398572,4.098386234682718,0.005788681122433218,0.19267751386787257,96.55696863325473,109.54408626067301,708,0.07193549746076101,0.33141812068012017,101.09436436880355,119.25337866407249,0.05629761466836027,0.21434199483528435,data/metadata/20260915T175343345511Z/pass_plus_manifest.json
200,6,2018,00-0026143,M.Ryan,666,16,117.93066693370383,0.17707307347402979,0.512012012012012,42,17,10,0,19669,0.056297614668360245,0.12077545880566953,80.43645556457591,-3.0088917225390968,-0.004517855439247893,0.17255521803478188,77.42756384203682,108.135895403215,666,0.05230302215317733,0.2888425086250946,99.72045194515526,116.27386836644669,0.05629761466836027,0.21434199483528435,data/metadata/20260915T175343345511Z/pass_plus_manifest.json
200,7,2018,00-0029263,R.Wilson,499,16,85.68150419707808,0.17170642123662944,0.4729458917835671,51,29,18,0,19669,0.056297614668360245,0.11540880656826918,57.58899447756632,-0.6336346454510713,-0.0012698089087195817,0.17043661232790985,56.95535983211524,107.98763194402913,499,0.01750764556057747,0.3246397855202188,97.28541512798797,118.77901978971073,0.05629761466836027,0.21434199483528435,data/metadata/20260915T175343345511Z/pass_plus_manifest.json
200,8,2018,00-0023682,R.Fitzpatrick,283,8,47.07578827408998,0.16634554160455822,0.5017667844522968,14,23,9,0,19669,0.056297614668360245,0.11004792693619797,31.143563322944033,0.726830707449699,0.002568306386748053,0.16891384799130627,31.870394030393733,107.88106642910702,283,-0.04492003203542379,0.44482578145263096,92.91662512647835,127.18983046809214,0.05629761466836027,0.21434199483528435,data/metadata/20260915T175343345511Z/pass_plus_manifest.json
200,9,2018,00-0019596,T.Brady,594,16,89.89089284390145,0.15133146943417752,0.5134680134680135,21,5,7,0,19669,0.056297614668360245,0.09503385476581727,56.45010973089547,1.7008523526353994,0.002863387799049494,0.154194857233227,58.15096208353087,106.8510076133306,594,0.01879533103097237,0.2674123473541307,97.3755294430608,114.77415096710325,0.05629761466836027,0.21434199483528435,data/metadata/20260915T175343345511Z/pass_plus_manifest.json
200,10,2018,00-0033869,M.Trubisky,493,14,71.55504261787542,0.14514207427560935,0.48884381338742394,24,36,6,0,19669,0.056297614668360245,0.0888444596072491,43.80031858637382,-1.1749696153970035,-0.0023833055079046724,0.14275876876770469,42.625348970976816,106.05069161778964,493,0.0013511261670765108,0.3067730486112463,96.15475572972703,117.52867659942486,0.05629761466836027,0.21434199483528435,data/metadata/20260915T175343345511Z/pass_plus_manifest.json
200,11,2018,00-0029668,A.Luck,676,16,95.03378133932615,0.14058251677415112,0.5059171597633136,18,21,13,0,19669,0.056297614668360245,0.08428490210579087,56.97659382351463,-0.021296767399670402,-0.00003150409378649468,0.14055101268036463,56.95529705611496,105.89618927056856,676,0.03007627174820926,0.26841036429181736,98.16498794786098,114.8439938090382,0.05629761466836027,0.21434199483528435,data/metadata/20260915T175343345511Z/pass_plus_manifest.json
200,12,2018,00-0031503,J.Winston,440,11,62.12153886107468,0.14118531559335154,0.5,27,36,11,0,19669,0.056297614668360245,0.08488770092499129,37.350588406996174,-2.114993289796253,-0.00480680293135512,0.1363785126619964,35.23559511719992,105.60419096046783,440,0.0049965947337617,0.28522027271712685,96.4098715251282,116.02037843013593,0.05629761466836027,0.21434199483528435,data/metadata/20260915T175343345511Z/pass_plus_manifest.json
200,13,2018,00-0023459,A.Rodgers,677,16,75.5808557154709,0.11164085039212837,0.465288035450517,49,33,9,0,19669,0.056297614668360245,0.055343235723768126,37.467370584991016,8.107930659606902,0.011976263898976222,0.1236171142911046,45.57530124459792,104.71112763094867,677,0.04908200666859852,0.18855218636024912,99.49504006398932,109.2553891592865,0.05629761466836027,0.21434199483528435,data/metadata/20260915T175343345511Z/pass_plus_manifest.json
200,14,2018,00-0033537,D.Watson,619,16,70.21507913774101,0.11343308422898386,0.4894991922455573,62,58,7,0,19669,0.056297614668360245,0.05713546956062362,35.366855658026026,2.23091863917032,0.0036040688839585142,0.11703715311294238,37.597774297196345,104.25065128916468,619,0.008659257844181903,0.21647338116095804,96.66619062255249,111.20935959952843,0.05629761466836027,0.21434199483528435,data/metadata/20260915T175343345511Z/pass_plus_manifest.json
200,15,2018,00-0033319,N.Mullens,288,8,30.729899975592094,0.106701041581917,0.4652777777777778,17,1,6,0,19669,0.056297614668360245,0.05040342691355675,14.516186951104345,-0.40269690375581035,-0.0013982531380410082,0.10530278844387599,14.113490047348535,103.42946144173764,288,-0.04224848273574975,0.28167502443521963,93.10358447397302,115.77227621260515,0.05629761466836027,0.21434199483528435,data/metadata/20260915T175343345511Z/pass_plus_manifest.json
200,16,2018,00-0032950,C.Wentz,446,11,39.37635166931369,0.0882877840119141,0.5,31,16,8,0,19669,0.056297614668360245,0.03199016934355386,14.267615527225022,-0.40289500922074784,-0.0009033520386115422,0.08738443197330256,13.864720518004274,102.1755058309151,446,-0.06830425157394196,0.23495813235259,91.28015956429431,112.50295243040394,0.05629761466836027,0.21434199483528435,data/metadata/20260915T175343345511Z/pass_plus_manifest.json
200,17,2018,00-0029567,N.Foles,204,5,18.075983196400458,0.08860776076666892,0.45098039215686275,9,2,4,0,19669,0.056297614668360245,0.03231014609830867,6.591269804054967,-0.6353554897772133,-0.0031144876949863397,0.08549327307168257,5.955914314277754,102.04315946758999,204,-0.15890414307128234,0.3048414598090623,84.93983239926789,117.39350088616797,0.05629761466836027,0.21434199483528435,data/metadata/20260915T175343345511Z/pass_plus_manifest.json
200,18,2018,00-0027973,A.Dalton,395,11,26.435326648635726,0.06692487759148286,0.4759493670886076,21,12,4,0,19669,0.056297614668360245,0.010627262923122612,4.197768854633431,-0.21334697360635246,-0.0005401189205224112,0.06638475867096044,3.984421881027078,100.70591467694084,395,-0.09331230424003238,0.1931448472050126,89.53005552948011,109.57679100461499,0.05629761466836027,0.21434199483528435,data/metadata/20260915T175343345511Z/pass_plus_manifest.json
200,19,2018,00-0027939,C.Newton,523,14,36.265424190317646,0.0693411552396131,0.4875717017208413,29,26,8,0,19669,0.056297614668360245,0.01304354057125285,6.821771718765238,-3.039402439044919,-0.005811476938900419,0.06352967830071268,3.7823692797203186,100.50611152783499,523,-0.04533817635113316,0.1703206933570228,92.88736270993482,107.97951974667535,0.05629761466836027,0.21434199483528435,data/metadata/20260915T175343345511Z/pass_plus_manifest.json
200,20,2018,00-0034855,B.Mayfield,525,14,34.43300347603078,0.06558667328767767,0.46095238095238095,25,17,6,0,19669,0.056297614668360245,0.009289058619317427,4.87675577514165,-3.274860018728389,-0.0062378286071016935,0.059348844680575975,1.6018957564132608,100.21353001878333,525,-0.10261536201543016,0.2447562388230834,88.87901247681931,113.18863979265109,0.05629761466836027,0.21434199483528435,data/metadata/20260915T175343345511Z/pass_plus_manifest.json
200,21,2018,00-0032268,M.Mariota,407,14,19.307320803981842,0.04743813465351804,0.4668304668304668,42,34,6,0,19669,0.056297614668360245,-0.008859480014842207,-3.6058083660407796,1.809844740852212,0.00444679297506686,0.0518849276285849,-1.7959636251885676,99.69119301307475,407,-0.10025860599028774,0.18195439769670918,89.04394208104503,108.79366522119797,0.05629761466836027,0.21434199483528435,data/metadata/20260915T175343345511Z/pass_plus_manifest.json
200,22,2018,00-0026158,J.Flacco,396,9,15.95601738481078,0.040292973193966616,0.4494949494949495,16,5,1,0,19669,0.056297614668360245,-0.01600464147439363,-6.3378380238598755,4.107638132304395,0.01037282356642524,0.05066579676039186,-2.230199891555481,99.60587626011205,396,-0.0813137464632148,0.1986969863678749,90.36973403854023,109.96533869685297,0.05629761466836027,0.21434199483528435,data/metadata/20260915T175343345511Z/pass_plus_manifest.json
200,23,2018,00-0033077,D.Prescott,611,16,29.912452559508612,0.048956550833892984,0.4500818330605565,56,29,8,0,19669,0.056297614668360245,-0.007341063834467261,-4.4853900028595,-3.505268723261609,-0.005736937353946986,0.043219613479946,-7.990658726121109,99.08478029246221,611,-0.06901710410521039,0.1478670903656899,91.23027298944348,106.40818023792058,0.05629761466836027,0.21434199483528435,data/metadata/20260915T175343345511Z/pass_plus_manifest.json
200,24,2018,00-0022803,E.Manning,626,16,21.61258837426928,0.0345249015563407,0.426517571884984,47,4,3,0,19669,0.056297614668360245,-0.021772713112019546,-13.629718408124234,0.4937520384472373,0.00078874127547482,0.03531364283181552,-13.135966369676996,98.53150766003623,626,-0.08699942532804031,0.17320393586022378,89.97184102164485,108.18129372746363,0.05629761466836027,0.21434199483528435,data/metadata/20260915T175343345511Z/pass_plus_manifest.json
200,25,2018,00-0026498,M.Stafford,607,16,3.5023520457517097,0.0057699374724080885,0.4332784184514003,40,13,9,0,19669,0.056297614668360245,-0.05052767719595216,-30.670300057942956,4.324222403209807,0.0071239248817295,0.01289386235413759,-26.34607765473315,96.96253510557435,607,-0.1162481645394341,0.14985459875875445,87.9249668731232,106.54726929472851,0.05629761466836027,0.21434199483528435,data/metadata/20260915T175343345511Z/pass_plus_manifest.json
200,26,2018,00-0031280,D.Carr,605,16,-1.7414635307997173,-0.002878452117024326,0.47603305785123967,51,8,5,0,19669,0.056297614668360245,-0.05917606678538457,-35.80152040515767,1.5068283872079666,0.002490625433401598,-0.0003878266836227283,-34.2946920179497,96.033060992396,605,-0.12429947065875542,0.12599379996065152,87.3615234290019,104.87745194397282,0.05629761466836027,0.21434199483528435,data/metadata/20260915T175343345511Z/pass_plus_manifest.json
200,27,2018,00-0034857,J.Allen,394,12,-9.953091388090881,-0.025261653269266195,0.4137055837563452,28,47,17,0,19669,0.056297614668360245,-0.08155926793762644,-32.134351567424815,0.37453736734404924,0.0009506024551879423,-0.024311050814078253,-31.759814200080765,94.35887501576273,394,-0.20553334250058514,0.15813410107779377,81.67664549099524,107.12668227854918,0.05629761466836027,0.21434199483528435,data/metadata/20260915T175343345511Z/pass_plus_manifest.json
200,28,2018,00-0023436,A.Smith,369,10,-7.673846503077407,-0.020796331986659637,0.44986449864498645,22,21,10,0,19669,0.056297614668360245,-0.07709394665501988,-28.447666315702335,-2.7139010437782947,-0.007354745376092939,-0.028151077362752575,-31.161567359480628,94.09014373762763,369,-0.1543657719028125,0.10370628292751623,85.25743496510835,103.3177353996067,0.05629761466836027,0.21434199483528435,data/metadata/20260915T175343345511Z/pass_plus_manifest.json
200,29,2018,00-0034796,L.Jackson,203,12,-2.722727256277337,-0.013412449538312004,0.4630541871921182,16,17,4,0,19669,0.056297614668360245,-0.06971006420667225,-14.151143033954465,-3.289225683438048,-0.016203082184423883,-0.029615531722735886,-17.440368717392513,93.9876588493227,203,-0.20395958865417993,0.11025976312434937,81.78677933440852,103.7763585594221,0.05629761466836027,0.21434199483528435,data/metadata/20260915T175343345511Z/pass_plus_manifest.json
200,30,2018,00-0028986,C.Keenum,630,16,-15.001445661682231,-0.023811818510606715,0.4365079365079365,34,12,14,0,19669,0.056297614668360245,-0.08010943317896696,-50.468942902749184,-4.6871823245987105,-0.007439971943807477,-0.03125179045441419,-55.15612522734789,93.8731508127896,630,-0.06636891256956716,0.007158479271237046,91.41559772277525,96.56116370698481,0.05629761466836027,0.21434199483528435,data/metadata/20260915T175343345511Z/pass_plus_manifest.json
200,31,2018,00-0032436,J.Driskel,203,8,-6.510474146700697,-0.03207130121527437,0.39408866995073893,16,12,4,0,19669,0.056297614668360245,-0.08836891588363462,-17.938889924377825,0.16221912135913408,0.0007991089722124831,-0.03127219224306189,-17.776670803018693,93.87172306257224,203,-0.17156278525127813,0.13936297761404032,84.05396011443703,105.8130486521911,0.05629761466836027,0.21434199483528435,data/metadata/20260915T175343345511Z/pass_plus_manifest.json
200,32,2018,00-0029604,K.Cousins,660,16,-22.742758679063922,-0.03445872527130897,0.4772727272727273,40,17,6,0,19669,0.056297614668360245,-0.09075633993966922,-59.89918436018168,-1.9091366312600784,-0.002892631259484967,-0.03735135653079394,-61.808320991441754,93.44629329839535,660,-0.1714460740417475,0.08998280242811266,84.06212775393439,102.35734400430759,0.05629761466836027,0.21434199483528435,data/metadata/20260915T175343345511Z/pass_plus_manifest.json
200,33,2018,00-0034869,S.Darnold,458,13,-22.17282569478209,-0.04841228317638011,0.42139737991266374,30,15,8,0,19669,0.056297614668360245,-0.10470989784474036,-47.95713321289108,-0.45549322638593637,-0.0009945266951657998,-0.049406809871545915,-48.41262643927702,92.60263314560893,458,-0.22008413904630292,0.13627516745544488,80.65835717864891,105.59695869550984,0.05629761466836027,0.21434199483528435,data/metadata/20260915T175343345511Z/pass_plus_manifest.json
200,34,2018,00-0031407,B.Bortles,473,13,-33.53585720693768,-0.07090033236139044,0.4249471458773784,31,39,11,0,19669,0.056297614668360245,-0.12719794702975068,-60.164628945072074,1.3528171859726543,0.002860078617278339,-0.0680402537441121,-58.81181175909942,91.29863456006213,473,-0.2384998273645855,0.10285931701944542,79.36959747952176,103.25846335340397,0.05629761466836027,0.21434199483528435,data/metadata/20260915T175343345511Z/pass_plus_manifest.json
200,35,2018,00-0029701,R.Tannehill,315,11,-52.89331035286671,-0.16791527096148162,0.4095238095238095,35,7,5,0,19669,0.056297614668360245,-0.22421288562984187,-70.62705897340018,1.9192610333061586,0.006092892169225901,-0.16182237879225572,-68.70779794009403,84.7356095364162,315,-0.3657041278816341,0.07152417415260665,70.46763447772165,101.06557929741773,0.05629761466836027,0.21434199483528435,data/metadata/20260915T175343345511Z/pass_plus_manifest.json
200,36,2018,00-0034343,J.Rosen,451,14,-148.45368581977004,-0.329165600487295,0.3614190687361419,45,15,5,0,19669,0.056297614668360245,-0.38546321515565524,-173.8439100352005,-4.751657224366784,-0.010535825331190208,-0.33970142581848517,-178.5955672595673,72.28734568852273,451,-0.49078506338640976,-0.1936163030920635,61.714267999008726,82.51061921259466,0.05629761466836027,0.21434199483528435,data/metadata/20260915T175343345511Z/pass_plus_manifest.json
200,1,2019,00-0034796,L.Jackson,459,15,170.16778299432877,0.37073591066302564,0.5010893246187363,23,37,7,0,19839,0.0422891649790085,0.3284467456840171,150.75705626896388,-0.5925780889974249,-0.0012910198017373092,0.36944489086128834,150.16447817996647,127.58834040440149,459,0.1886129004030693,0.592593525278761,112.33916664987589,146.40598594761838,0.042289164979008496,0.17787716898879768,data/metadata/20260915T175345267639Z/pass_plus_manifest.json
200,2,2019,00-0033873,P.Mahomes,524,14,146.50830187794733,0.2795959959502812,0.5038167938931297,17,23,13,0,19839,0.0422891649790085,0.23730683097127267,124.34877942894687,-0.43853536798908754,-0.0008368995572310831,0.2787590963930501,123.91024406095778,119.9410019361957,524,0.1555922309429264,0.40014752550972,109.554604444856,130.17742770742393,0.042289164979008496,0.17787716898879768,data/metadata/20260915T175345267639Z/pass_plus_manifest.json
200,3,2019,00-0020531,D.Brees,385,11,93.92994223985643,0.24397387594767905,0.5402597402597402,12,0,4,0,19839,0.0422891649790085,0.20168471096867055,77.64861372293815,1.5011642432917858,0.003899127904653989,0.24787300385233305,79.14977796622993,117.33644402275189,385,0.028504004687434605,0.43412030938398477,98.83752701063827,133.04227967808953,0.042289164979008496,0.17787716898879768,data/metadata/20260915T175345267639Z/pass_plus_manifest.json
200,4,2019,00-0029701,R.Tannehill,329,11,74.89469928783812,0.22764346288096693,0.5562310030395137,31,15,7,0,19839,0.0422891649790085,0.18535429790195843,60.981564009744325,-2.6759994818238253,-0.008133737026820138,0.2195097258541468,58.3055645279205,114.94462964662142,329,0.06667023075942805,0.39630181727889785,102.05600296421024,129.85312738383396,0.042289164979008496,0.17787716898879768,data/metadata/20260915T175345267639Z/pass_plus_manifest.json
200,5,2019,00-0026498,M.Stafford,316,8,69.64530322725527,0.2203965292001749,0.4936708860759494,18,9,0,0,19839,0.0422891649790085,0.1781073642211664,56.281927093888584,-4.828268919844484,-0.015279332024824316,0.2051171971753506,51.4536581740441,113.7309385843607,316,0.1539233279414381,0.25683538502404013,109.41386943560981,118.09222239689541,0.042289164979008496,0.17787716898879768,data/metadata/20260915T175345267639Z/pass_plus_manifest.json
200,6,2019,00-0033077,D.Prescott,638,16,126.23104716442583,0.19785430590035397,0.5235109717868338,23,20,16,0,19839,0.0422891649790085,0.15556514092134546,99.2505599078184,-4.6714502301565375,-0.007322022304320591,0.19053228359603339,94.57910967766186,112.50102411622828,638,0.07462646118538432,0.3242838065065234,102.72693480480446,123.78000306030907,0.042289164979008496,0.17787716898879768,data/metadata/20260915T175345267639Z/pass_plus_manifest.json
200,7,2019,00-0029604,K.Cousins,481,15,82.26791267270157,0.17103516148170805,0.4698544698544699,28,9,15,0,19839,0.0422891649790085,0.12874599650269955,61.92682431779848,-0.972178871419028,-0.0020211618948420542,0.169013999586866,60.95464544637945,110.68643339628132,481,-0.021137124606012265,0.36143069771574465,94.65139708944194,126.91252069203173,0.042289164979008496,0.17787716898879768,data/metadata/20260915T175345267639Z/pass_plus_manifest.json
200,8,2019,00-0033537,D.Watson,580,15,87.59971106869462,0.15103398460119763,0.4879310344827586,44,43,9,0,19839,0.0422891649790085,0.10874481962218913,63.07199538086968,6.574143690260905,0.011334730500449836,0.16236871510164747,69.64613907113059,110.12605081404809,580,-0.015702158548054082,0.3551897341991954,95.10971611561503,126.38623362955812,0.042289164979008496,0.17787716898879768,data/metadata/20260915T175345267639Z/pass_plus_manifest.json
200,9,2019,00-0031345,J.Garoppolo,522,16,83.19092197487228,0.15936958232734152,0.5,36,12,10,0,19839,0.0422891649790085,0.11708041734833302,61.11597785582984,-0.5465561918123178,-0.0010470425130504172,0.15832253981429112,60.569421664017526,109.78484553371126,522,-0.007252918487487686,0.3131308201781994,95.82222240087347,122.83949565356372,0.042289164979008496,0.17787716898879768,data/metadata/20260915T175345267639Z/pass_plus_manifest.json
200,10,2019,00-0031280,D.Carr,554,16,85.0393491708188,0.1535006302722361,0.4963898916967509,29,14,7,0,19839,0.0422891649790085,0.11121146529322759,61.61115177244808,-0.5670905583118735,-0.0010236291666279305,0.15247700110560816,61.04406121413621,109.2919037968447,554,0.04524874787780622,0.26745752310565,100.24957527564857,118.98796451000595,0.042289164979008496,0.17787716898879768,data/metadata/20260915T175345267639Z/pass_plus_manifest.json
200,11,2019,00-0029263,R.Wilson,606,16,73.51948935550409,0.1213192893655183,0.4933993399339934,48,45,5,0,19839,0.0422891649790085,0.0790301243865098,47.89225537822494,12.751829945877759,0.02104262367306561,0.14236191303858392,60.6440853241027,108.43892012351606,606,-0.012521325858419974,0.28818251148420887,95.37794891140186,120.73565831155258,0.042289164979008496,0.17787716898879768,data/metadata/20260915T175345267639Z/pass_plus_manifest.json
200,12,2019,00-0033106,J.Goff,657,16,64.49711170669761,0.09816911979710442,0.4657534246575342,22,10,9,0,19839,0.0422891649790085,0.05587995481809592,36.713130315489025,10.002088370090508,0.015223878797702447,0.11339299859480687,46.71521868557953,105.99603372540827,657,-0.0290898527790037,0.2556141772036928,93.98076058632566,117.989240561681,0.042289164979008496,0.17787716898879768,data/metadata/20260915T175345267639Z/pass_plus_manifest.json
200,13,2019,00-0031237,T.Bridgewater,220,7,21.61950605210705,0.09827048205503204,0.45454545454545453,12,12,3,0,19839,0.0422891649790085,0.05598131707602354,12.315889756725179,1.8390147550889395,0.008359157977676997,0.10662964003270904,14.154904511814118,105.42569420961658,220,-0.07397039166358076,0.2713967580470767,90.19608103978389,119.3201517404263,0.042289164979008496,0.17787716898879768,data/metadata/20260915T175345267639Z/pass_plus_manifest.json
200,14,2019,00-0023459,A.Rodgers,630,16,59.66864048876921,0.09471212775995114,0.44285714285714284,36,26,11,0,19839,0.0422891649790085,0.052422962780942634,33.026466551993856,-0.4165552189424664,-0.0006611987602261371,0.094050928999725,32.60991133305139,104.36495849762285,630,-0.05455326538235576,0.25159343567341597,91.83348563686694,117.65018005550692,0.042289164979008496,0.17787716898879768,data/metadata/20260915T175345267639Z/pass_plus_manifest.json
200,15,2019,00-0022942,P.Rivers,628,16,57.00381162094314,0.09077040067029163,0.4984076433121019,34,6,12,0,19839,0.0422891649790085,0.048481235691283125,30.4462160141258,-3.9130044239028083,-0.006230898764176446,0.08453950190611519,26.53321159022299,103.56288025894156,628,-0.05751783048384565,0.24029829407188533,91.58349022275536,116.69768499958646,0.042289164979008496,0.17787716898879768,data/metadata/20260915T175345267639Z/pass_plus_manifest.json
200,16,2019,00-0031503,J.Winston,704,16,46.79328532718872,0.06646773483975671,0.48011363636363635,47,33,15,0,19839,0.0422891649790085,0.024178569860748206,17.02171318196673,-1.3829560804096743,-0.0019644262505819237,0.06450330858917479,15.638757101557058,101.87327106703323,704,-0.06835578679458208,0.21219635072555584,90.66954862145136,114.32790841391632,0.042289164979008496,0.17787716898879768,data/metadata/20260915T175345267639Z/pass_plus_manifest.json
200,17,2019,00-0026143,M.Ryan,685,15,31.027689362705775,0.04529589687986245,0.47007299270072994,48,22,16,0,19839,0.0422891649790085,0.0030067319008539456,2.05961135208495,6.1402255970190796,0.00896383298834902,0.05425972986821147,8.199836949104029,101.00945205255292,685,-0.06582385764763785,0.18632440189480762,90.8830607737982,112.146182480974,0.042289164979008496,0.17787716898879768,data/metadata/20260915T175345267639Z/pass_plus_manifest.json
200,18,2019,00-0023682,R.Fitzpatrick,574,15,26.17929750937587,0.045608532246299426,0.4738675958188153,40,35,8,0,19839,0.0422891649790085,0.003319367267290922,1.905316811424992,4.064834254807928,0.007081592778411024,0.052690125024710446,5.97015106623292,100.87709064391144,574,-0.11351739049071859,0.19328842634843785,86.8611674824154,112.73344372084134,0.042289164979008496,0.17787716898879768,data/metadata/20260915T175345267639Z/pass_plus_manifest.json
200,19,2019,00-0032950,C.Wentz,671,16,25.12992360438544,0.0374514509752391,0.46646795827123694,37,28,9,0,19839,0.0422891649790085,-0.004837714003769401,-3.2461060965292674,-9.322510331316328,-0.013893458019845498,0.023557992955393604,-12.568616427845596,98.42044045364857,671,-0.07598046537970864,0.12336247154895033,90.02657583620255,106.83673798870565,0.042289164979008496,0.17787716898879768,data/metadata/20260915T175345267639Z/pass_plus_manifest.json
200,20,2019,00-0033119,J.Brissett,503,15,7.832444249923789,0.015571459741399183,0.44930417495029823,27,32,12,0,19839,0.0422891649790085,-0.026717705237609322,-13.439005734517487,0.191264333630765,0.0003802471841565905,0.015951706925555774,-13.247741400886722,97.77901867312342,503,-0.10848270893610368,0.154299567285017,87.28573137528902,109.44559689217867,0.042289164979008496,0.17787716898879768,data/metadata/20260915T175345267639Z/pass_plus_manifest.json
200,21,2019,00-0019596,T.Brady,643,16,17.56760879082139,0.02732132004793373,0.4199066874027994,27,3,7,0,19839,0.0422891649790085,-0.014967844931074774,-9.62432429068108,-11.101057739523576,-0.017264475489150194,0.010056844558783536,-20.725382030204656,97.28191757800113,643,-0.1072756239995154,0.12816679006900716,87.38752225801869,107.24187586115173,0.042289164979008496,0.17787716898879768,data/metadata/20260915T175345267639Z/pass_plus_manifest.json
200,22,2019,00-0034857,J.Allen,540,16,4.165615731842167,0.0077141032071151245,0.42962962962962964,38,44,15,0,19839,0.0422891649790085,-0.03457506177189338,-18.670533356822425,-0.2961125853636566,-0.000548356639562327,0.007165746567552797,-18.96664594218608,97.03811748766356,540,-0.12445840733917998,0.13766071932235693,85.9385350070961,108.04247854450799,0.042289164979008496,0.17787716898879768,data/metadata/20260915T175345267639Z/pass_plus_manifest.json
200,23,2019,00-0034855,B.Mayfield,589,16,-4.814147713348387,-0.008173425659335121,0.42614601018675724,40,17,8,0,19839,0.0422891649790085,-0.05046259063834362,-29.722465885984395,7.2473058081178205,0.012304424122441121,0.004130998463106,-22.475160077866576,96.78220369150026,589,-0.12811824620548226,0.12725751955764172,85.62990864820691,107.16519902989779,0.042289164979008496,0.17787716898879768,data/metadata/20260915T175345267639Z/pass_plus_manifest.json
200,24,2019,00-0035228,K.Murray,614,16,-9.273149700868432,-0.015102849675681485,0.4250814332247557,48,28,9,0,19839,0.0422891649790085,-0.05739201465468999,-35.23869699797965,2.708811356128451,0.004411744879688031,-0.010691104795993453,-32.5298856418512,95.53228752659608,614,-0.14663697854684743,0.13287996262602259,84.06826368443996,107.63932759010117,0.042289164979008496,0.17787716898879768,data/metadata/20260915T175345267639Z/pass_plus_manifest.json
200,25,2019,00-0027973,A.Dalton,568,13,-18.42945267090041,-0.03244621949102185,0.426056338028169,37,10,14,0,19839,0.0422891649790085,-0.07473538447003035,-42.44969837897724,4.273520735459939,0.007523804111725244,-0.024922415379296604,-38.1761776435173,94.33219164041188,568,-0.16572933103885892,0.09073548931111486,82.45824656415282,104.08537458243087,0.042289164979008496,0.17787716898879768,data/metadata/20260915T175345267639Z/pass_plus_manifest.json
200,26,2019,00-0035289,G.Minshew II,552,14,-5.924287450795113,-0.01073240480216506,0.427536231884058,33,50,12,0,19839,0.0422891649790085,-0.05302156978117356,-29.267906519207806,-8.001231925818953,-0.014494985372860422,-0.025227390175025483,-37.269138445026755,94.30647377025497,552,-0.144010875256575,0.09449282639125463,84.28971734022963,104.40222275649668,0.042289164979008496,0.17787716898879768,data/metadata/20260915T175345267639Z/pass_plus_manifest.json
200,27,2019,00-0028986,C.Keenum,263,9,-6.103148934947583,-0.02320588948649271,0.467680608365019,15,3,1,0,19839,0.0422891649790085,-0.06549505446550122,-17.225199324426818,-2.2751334481415415,-0.008650697521450729,-0.03185658700794344,-19.50033277256836,93.7474478252219,263,-0.3044228182658536,0.22515682512521368,70.76252237295019,115.42083741149392,0.042289164979008496,0.17787716898879768,data/metadata/20260915T175345267639Z/pass_plus_manifest.json
200,28,2019,00-0034869,S.Darnold,481,13,-12.331006434505976,-0.025636188013525938,0.42411642411642414,33,9,7,0,19839,0.0422891649790085,-0.06792535299253444,-32.672094789409066,-3.667947946940252,-0.007625671407360191,-0.03326185942088613,-36.34004273634932,93.62894421785074,481,-0.2036004413452325,0.12710886335094268,79.26465708988263,107.15266317094995,0.042289164979008496,0.17787716898879768,data/metadata/20260915T175345267639Z/pass_plus_manifest.json
200,29,2019,00-0034577,K.Allen,553,13,-21.108412317851556,-0.03817072751871891,0.4719710669077758,46,19,9,0,19839,0.0422891649790085,-0.08045989249772742,-44.49432055124326,-3.3253081229849015,-0.006013215412269261,-0.04418394293098817,-47.81962867422816,92.70790835033114,553,-0.19563479731719058,0.10344678564945095,79.93638275934251,105.15729092874426,0.042289164979008496,0.17787716898879768,data/metadata/20260915T175345267639Z/pass_plus_manifest.json
200,30,2019,00-0033869,M.Trubisky,573,15,-32.366878729257344,-0.05648669935297966,0.43455497382198954,38,22,8,0,19839,0.0422891649790085,-0.09877586433198816,-56.59857026222922,0.6725248744430237,0.001173690880354317,-0.055313008472625345,-55.926045387786196,91.76941813220162,573,-0.13606893861114638,0.030405673086699697,84.95944381698129,98.99789062644764,0.042289164979008496,0.17787716898879768,data/metadata/20260915T175345267639Z/pass_plus_manifest.json
200,31,2019,00-0035710,D.Jones,524,13,-27.46401235743796,-0.052412237323354885,0.4179389312977099,38,27,8,0,19839,0.0422891649790085,-0.09470140230236339,-49.623534806438414,-2.766651892790691,-0.005279870024409716,-0.0576921073477646,-52.390186699229105,91.56879382875694,524,-0.21419719292938227,0.10679174928455368,78.37105576563255,105.43936453499612,0.042289164979008496,0.17787716898879768,data/metadata/20260915T175345267639Z/pass_plus_manifest.json
200,32,2019,00-0026158,J.Flacco,292,8,-25.419156393135935,-0.08705190545594499,0.4246575342465753,26,5,6,0,19839,0.0422891649790085,-0.1293410704349535,-37.76759256700642,-0.9218167449083237,-0.0031569066606449443,-0.09020881211658993,-38.689409311914744,88.82672988482776,292,-0.26577710281243005,0.06288379643723203,74.02143263724533,101.7367010821541,0.042289164979008496,0.17787716898879768,data/metadata/20260915T175345267639Z/pass_plus_manifest.json
200,33,2019,00-0034771,M.Rudolph,308,10,-29.844508761893124,-0.09689775572043222,0.39285714285714285,15,10,5,0,19839,0.0422891649790085,-0.13918692069944072,-42.86957157542774,-3.8003439910601395,-0.012338779191753699,-0.10923653491218592,-46.66991556648788,87.2221628481671,308,-0.2987677836408961,0.07744092980134323,71.23939930918985,102.96427290434461,0.042289164979008496,0.17787716898879768,data/metadata/20260915T175345267639Z/pass_plus_manifest.json
200,34,2019,00-0035232,D.Haskins,243,9,-45.05386004037534,-0.18540683144187384,0.40329218106995884,29,12,0,0,19839,0.0422891649790085,-0.22769599642088234,-55.330127130274406,-2.2232954831013734,-0.00914936412798919,-0.19455619556986303,-57.55342261337578,80.02733893040082,243,-0.363921336870363,-0.023814868688032315,65.74513996158603,94.42558867648687,0.042289164979008496,0.17787716898879768,data/metadata/20260915T175345267639Z/pass_plus_manifest.json
200,1,2020,00-0023459,A.Rodgers,567,16,193.32127327361033,0.34095462658485065,0.544973544973545,20,24,7,0,19932,0.0778852461675433,0.2630693804173073,149.16033869661328,-4.404690060262713,-0.007768412804696142,0.3331862137801545,144.75564863635057,121.02706341064467,567,0.17613498356896398,0.48361191064656406,108.09203144718833,133.41640410205912,0.07788524616754329,0.1821231257737363,data/metadata/20260915T175347204551Z/pass_plus_manifest.json
200,2,2020,00-0033873,P.Mahomes,649,15,189.00005128878917,0.2912173363463624,0.539291217257319,22,40,15,0,19932,0.0778852461675433,0.21333209017881907,138.45252652605356,-0.6996884893322283,-0.0010781024488940344,0.2901392338974683,137.75283803672133,117.48163393540881,649,0.17737795571804424,0.4120113303206373,108.1944049494934,127.51924688862971,0.07788524616754329,0.1821231257737363,data/metadata/20260915T175347204551Z/pass_plus_manifest.json
200,3,2020,00-0034857,J.Allen,627,16,180.89646756270568,0.28851111254020045,0.5566188197767146,26,29,13,0,19932,0.0778852461675433,0.21062586637265715,132.06241821565604,-0.26076376657571254,-0.000415891174761902,0.2880952213654385,131.80165444908033,117.31328525453597,627,0.17131041146080606,0.4086773577274786,107.6946706984371,127.24465469345999,0.07788524616754329,0.1821231257737363,data/metadata/20260915T175347204551Z/pass_plus_manifest.json
200,4,2020,00-0029701,R.Tannehill,525,16,134.20329110848155,0.2556253163971077,0.5295238095238095,24,20,5,0,19932,0.0778852461675433,0.17774007022956442,93.31353687052132,-1.5390132463329693,-0.0029314538025389894,0.2526938625945687,91.77452362418835,114.3975633806276,525,0.13233661514936698,0.3762018499525106,104.4847162119438,124.56991135949308,0.07788524616754329,0.1821231257737363,data/metadata/20260915T175347204551Z/pass_plus_manifest.json
200,5,2020,00-0033537,D.Watson,653,16,143.29293970287517,0.21943788622186092,0.5298621745788668,49,62,9,0,19932,0.0778852461675433,0.1415526400543176,92.4338739554694,-3.4204451195744188,-0.005238047656316108,0.2141998385655448,89.01342883589497,111.22712383330338,653,0.12130037690492869,0.31005679744652337,103.57575106562713,119.122081582936,0.07788524616754329,0.1821231257737363,data/metadata/20260915T175347204551Z/pass_plus_manifest.json
200,6,2020,00-0019596,T.Brady,631,16,120.17124336652603,0.19044571056501747,0.4896988906497623,21,4,15,0,19932,0.0778852461675433,0.11256046439747416,71.0256530348062,3.4974400488165847,0.005542694213655443,0.1959884047786729,74.52309308362278,109.7271962121266,631,0.0316028281077997,0.35520981815893377,96.18809380770979,122.84096850522398,0.07788524616754329,0.1821231257737363,data/metadata/20260915T175347204551Z/pass_plus_manifest.json
200,7,2020,00-0023682,R.Fitzpatrick,295,9,52.604776646745556,0.178321276768629,0.5389830508474577,14,15,6,0,19932,0.0778852461675433,0.10043603060108569,29.628629027320283,-2.2111139610891617,-0.007495301563014108,0.17082597520561488,27.417515066231122,107.65477162577953,295,-0.011318801254184763,0.39331345051446814,92.6529884349323,125.97925466687869,0.07788524616754329,0.1821231257737363,data/metadata/20260915T175347204551Z/pass_plus_manifest.json
200,8,2020,00-0034855,B.Mayfield,532,16,89.24101033702966,0.16774626003201065,0.5093984962406015,26,25,16,0,19932,0.0778852461675433,0.08986101386446735,47.80605937589662,0.6711034098768249,0.0012614725749564377,0.16900773260696708,48.47716278577345,107.50501777731111,532,0.0017622839297366912,0.33971646680549594,93.73037098547448,121.56490721803581,0.07788524616754329,0.1821231257737363,data/metadata/20260915T175347204551Z/pass_plus_manifest.json
200,9,2020,00-0034796,L.Jackson,451,15,78.81814919481832,0.17476308025458606,0.4811529933481153,29,49,7,0,19932,0.0778852461675433,0.09687783408704276,43.691903173256286,-2.641795773771207,-0.005857640296610215,0.16890543995797586,41.05010739948508,107.49659276413198,451,0.028426726421460952,0.31358934584362613,95.92650415459639,119.41302885133713,0.07788524616754329,0.1821231257737363,data/metadata/20260915T175347204551Z/pass_plus_manifest.json
200,10,2020,00-0020531,D.Brees,403,12,62.17233549014979,0.1542737853353593,0.4987593052109181,13,2,6,0,19932,0.0778852461675433,0.07638853916781599,30.78458128462984,1.6271850850489513,0.004037680111783998,0.15831146544714328,32.411766369678794,106.62405328301242,403,0.06399515788533852,0.2609958951637993,98.85598644681774,115.08133425271977,0.07788524616754329,0.1821231257737363,data/metadata/20260915T175347204551Z/pass_plus_manifest.json
200,11,2020,00-0029604,K.Cousins,569,16,91.37338785571981,0.16058591890284676,0.5166959578207382,39,17,11,0,19932,0.0778852461675433,0.08270067273530346,47.056682786387675,-7.371980226174821,-0.0129560285170032,0.14762989038584357,39.684702560212855,105.74429885732485,569,0.054628838573588176,0.23661376819428992,98.0845589354604,113.07317684278703,0.07788524616754329,0.1821231257737363,data/metadata/20260915T175347204551Z/pass_plus_manifest.json
200,12,2020,00-0022942,P.Rivers,560,16,93.39865056769553,0.16678330458517057,0.49464285714285716,19,1,4,0,19932,0.0778852461675433,0.08889805841762727,49.782912713871276,-12.191137555624698,-0.02176988849218696,0.14501341609298363,37.59177515824658,105.52880115912667,560,0.0327918913514006,0.255223063346807,96.28602727210779,114.60587306739801,0.07788524616754329,0.1821231257737363,data/metadata/20260915T175347204551Z/pass_plus_manifest.json
200,13,2020,00-0029263,R.Wilson,657,16,86.62786133626427,0.13185367022262445,0.502283105022831,47,53,8,0,19932,0.0778852461675433,0.05396842405508115,35.45725460418832,6.096158716625371,0.009278780390601782,0.14113245061322624,41.55341332081369,105.20915761057104,657,0.035342500525231496,0.25275247408501605,96.4961001963722,114.40239073219526,0.07788524616754329,0.1821231257737363,data/metadata/20260915T175347204551Z/pass_plus_manifest.json
200,14,2020,00-0036355,J.Herbert,648,15,90.16748691885496,0.13914735635625766,0.47685185185185186,32,25,9,0,19932,0.0778852461675433,0.06126211018871436,39.697847402286904,0.1438753621414537,0.00022202987984792235,0.1393693862361056,39.841722764428354,105.06394834324458,648,-0.009608740484552432,0.2800263973639606,92.79383222638113,116.64872187463585,0.07788524616754329,0.1821231257737363,data/metadata/20260915T175347204551Z/pass_plus_manifest.json
200,15,2020,00-0026498,M.Stafford,575,16,68.73773843868788,0.1195438929368485,0.48869565217391303,38,16,9,0,19932,0.0778852461675433,0.041658646769305196,23.953721892350487,1.1518726142706166,0.0020032567204706377,0.12154714965731914,25.105594506621102,103.59607572934092,575,0.012237331220275845,0.2317425306506744,94.59311539912623,112.67197264181691,0.07788524616754329,0.1821231257737363,data/metadata/20260915T175347204551Z/pass_plus_manifest.json
200,16,2020,00-0033077,D.Prescott,239,5,29.138769271747343,0.12191953670187172,0.5439330543933054,10,8,6,0,19932,0.0778852461675433,0.04403429053432842,10.524195437704492,-2.3782270178350373,-0.009950740660397646,0.11196879604147408,8.145968419869455,102.80718467760171,239,0.04708484076016901,0.17122264882153887,97.46322121834986,107.6874424039335,0.07788524616754329,0.1821231257737363,data/metadata/20260915T175347204551Z/pass_plus_manifest.json
200,17,2020,00-0031237,T.Bridgewater,558,15,53.2862674447437,0.09549510294756935,0.4838709677419355,31,37,9,0,19932,0.0778852461675433,0.01760985678002605,9.826300083254537,7.496630010904894,0.013434820808073285,0.10892992375564264,17.32293009415943,102.5568974936221,558,-0.011988276402378331,0.230724876304803,92.59784921425266,112.58815673363272,0.07788524616754329,0.1821231257737363,data/metadata/20260915T175347204551Z/pass_plus_manifest.json
200,18,2020,00-0026143,M.Ryan,682,16,70.16199765409974,0.10287682940483832,0.47214076246334313,41,16,10,0,19932,0.0778852461675433,0.024991583237295015,17.0442597678352,0.5629435067389704,0.0008254303617873467,0.10370225976662567,17.60720327457417,102.1263373464573,682,-0.0170267889595873,0.23222990706150334,92.1828679314691,112.71211387117137,0.07788524616754329,0.1821231257737363,data/metadata/20260915T175347204551Z/pass_plus_manifest.json
200,19,2020,00-0031280,D.Carr,562,16,51.545567367025384,0.09171809140040103,0.4928825622775801,26,23,8,0,19932,0.0778852461675433,0.01383284523285773,7.774059020866048,2.5779984295936007,0.004587185817782208,0.09630527721818324,10.352057450459649,101.51710808051288,562,-0.05549864979703064,0.22850083814721225,89.0142537859015,112.4049808067858,0.07788524616754329,0.1821231257737363,data/metadata/20260915T175347204551Z/pass_plus_manifest.json
200,20,2020,00-0035228,K.Murray,627,16,50.62905242390264,0.08074808999027534,0.49282296650717705,27,50,10,0,19932,0.0778852461675433,0.002862843822732039,1.7950030768529928,0.5139744607902761,0.0008197359821216525,0.08156782597239699,2.308977537643269,100.30330413470628,627,-0.014629545035850235,0.17178095713355737,92.38030940796084,107.73342571684172,0.07788524616754329,0.1821231257737363,data/metadata/20260915T175347204551Z/pass_plus_manifest.json
200,21,2020,00-0033869,M.Trubisky,332,9,35.32017573149905,0.10638607148041883,0.536144578313253,18,17,3,0,19932,0.0778852461675433,0.028500825312875525,9.462274003874672,-8.355873423141452,-0.025168293443197143,0.08121777803722169,1.1064005807332205,100.2744735344993,332,-0.024345788728139514,0.19793704143210894,91.58006147258658,109.88768955791869,0.07788524616754329,0.1821231257737363,data/metadata/20260915T175347204551Z/pass_plus_manifest.json
200,22,2020,00-0036442,J.Burrow,449,10,30.703103448135412,0.06838107672190515,0.46770601336302897,32,16,9,0,19932,0.0778852461675433,-0.009504169445638158,-4.267372081091533,1.7190183466053932,0.0038285486561367332,0.07220962537804188,-2.54835373448614,99.5325452960417,449,-0.12317144797133682,0.2368396327977348,83.44059602935877,113.09177947239422,0.07788524616754329,0.1821231257737363,data/metadata/20260915T175347204551Z/pass_plus_manifest.json
200,23,2020,00-0022924,B.Roethlisberger,624,15,46.09074790126722,0.0738633780469026,0.46634615384615385,13,3,10,0,19932,0.0778852461675433,-0.004021868120640704,-2.5096457072798017,-2.5515100013889964,-0.004088958335559289,0.06977441971134331,-5.061155708668798,99.3319772196632,624,-0.03547423421629145,0.16876501200550045,90.6635019658622,107.48502685629802,0.07788524616754329,0.1821231257737363,data/metadata/20260915T175347204551Z/pass_plus_manifest.json
200,24,2020,00-0035289,G.Minshew II,377,9,30.91853510515437,0.08201202945664289,0.46949602122015915,27,24,6,0,19932,0.0778852461675433,0.0041267832890995865,1.5557972999905445,-6.905650193396591,-0.018317374518293343,0.06369465493834955,-5.349852893406046,98.83123646415802,377,-0.04028591285807087,0.17513579469550972,90.26720314702708,108.00973638972026,0.07788524616754329,0.1821231257737363,data/metadata/20260915T175347204551Z/pass_plus_manifest.json
200,25,2020,00-0033319,N.Mullens,347,10,3.1547247839122416,0.009091425890237008,0.47262247838616717,19,2,9,0,19932,0.0778852461675433,-0.0687938202773063,-23.871455636225285,5.182019405784684,0.014933773503702258,0.024025199393939267,-18.689436230440602,95.56398618697239,347,-0.20945067528468606,0.2747526024157502,76.33447809841519,116.21436229571322,0.07788524616754329,0.1821231257737363,data/metadata/20260915T175347204551Z/pass_plus_manifest.json
200,26,2020,00-0033106,J.Goff,595,15,10.060175637567955,0.016907858214399923,0.47394957983193275,23,22,7,0,19932,0.0778852461675433,-0.06097738795314338,-36.281545832120315,3.7378304072424537,0.006282067911331855,0.02318992612573178,-32.54371542487786,95.49519152418651,595,-0.1471223326566374,0.19959465698500212,81.46795653751386,110.02421386359246,0.07788524616754329,0.1821231257737363,data/metadata/20260915T175347204551Z/pass_plus_manifest.json
200,27,2020,00-0027973,A.Dalton,372,11,-8.629204971103277,-0.02319678755672924,0.46774193548387094,24,15,4,0,19932,0.0778852461675433,-0.10108203372427255,-37.60251654542938,1.6262258466611266,0.004371574856615931,-0.01882521270011331,-35.97629069876825,92.03474640108529,372,-0.17125148832733147,0.1569658510191122,79.48063431512861,106.51322597135325,0.07788524616754329,0.1821231257737363,data/metadata/20260915T175347204551Z/pass_plus_manifest.json
200,28,2020,00-0035710,D.Jones,513,14,-23.752184278278307,-0.04630055414869066,0.4346978557504873,45,22,4,0,19932,0.0778852461675433,-0.12418580031623397,-63.70731556222802,9.553495202361853,0.018622797665422717,-0.02767775648326794,-54.15382035986617,91.30563439961279,513,-0.11984141531509591,0.05650152031535559,83.7148637239824,98.23879649319598,0.07788524616754329,0.1821231257737363,data/metadata/20260915T175347204551Z/pass_plus_manifest.json
200,29,2020,00-0027939,C.Newton,417,15,-12.73727898610486,-0.030545033539819806,0.46522781774580335,31,20,7,0,19932,0.0778852461675433,-0.1084302797073631,-45.21542663797042,-1.4300639730568017,-0.0034294100073304595,-0.03397444354715026,-46.64549061102722,90.7870275200253,417,-0.24102794061030755,0.14146901768759598,73.73371568632712,105.23687790196236,0.07788524616754329,0.1821231257737363,data/metadata/20260915T175347204551Z/pass_plus_manifest.json
200,30,2020,00-0036212,T.Tagovailoa,323,10,-9.924372633139523,-0.030725611867305026,0.4582043343653251,20,16,2,0,19932,0.0778852461675433,-0.10861085803484832,-35.081307145256005,-1.3165197014512293,-0.004075912388393899,-0.03480152425569893,-36.39782684670723,90.71890761171863,323,-0.1808259105084645,0.12099844939490614,78.69206706367797,103.55088375330148,0.07788524616754329,0.1821231257737363,data/metadata/20260915T175347204551Z/pass_plus_manifest.json
200,31,2020,00-0035704,D.Lock,481,13,-40.960404890806025,-0.08515676692475264,0.4095634095634096,19,21,7,0,19932,0.0778852461675433,-0.16304201309229593,-78.42320829739435,-1.458643464354832,-0.003032522794916491,-0.08818928971966913,-79.88185176174919,86.32179176738342,481,-0.2245819659171642,0.037986624213997885,75.08823680685538,96.71387515033807,0.07788524616754329,0.1821231257737363,data/metadata/20260915T175347204551Z/pass_plus_manifest.json
200,32,2020,00-0029567,N.Foles,332,9,-43.679687281635445,-0.13156532313745617,0.4006024096385542,18,3,6,0,19932,0.0778852461675433,-0.20945056930499947,-69.53758900925982,4.205915474082964,0.01266842010265953,-0.11889690303479664,-65.33167353517686,83.79265551535596,332,-0.25148749687680766,-0.005345456837328673,72.8722471422806,93.14496421160635,0.07788524616754329,0.1821231257737363,data/metadata/20260915T175347204551Z/pass_plus_manifest.json
200,33,2020,00-0032950,C.Wentz,508,12,-71.27326927327758,-0.14030171116786924,0.38976377952755903,50,22,7,0,19932,0.0778852461675433,-0.21818695733541255,-110.83897432638958,1.7550495334303737,0.003454821916201523,-0.1368468892516677,-109.0839247929592,82.31426120321586,508,-0.2467345322909202,-0.02795690954976514,73.26371016206693,91.2826428328929,0.07788524616754329,0.1821231257737363,data/metadata/20260915T175347204551Z/pass_plus_manifest.json
200,34,2020,00-0023436,A.Smith,277,8,-37.97345533115853,-0.13708828639407414,0.4151624548736462,22,3,1,0,19932,0.0778852461675433,-0.21497353256161744,-59.54766851956803,-2.269423336744995,-0.00819286403157038,-0.14528115042564452,-61.81709185631302,81.61959973684706,277,-0.381219935663932,0.016765512615825047,62.187241745302664,94.96606485650389,0.07788524616754329,0.1821231257737363,data/metadata/20260915T175347204551Z/pass_plus_manifest.json
200,35,2020,00-0035232,D.Haskins,268,7,-39.74927057021687,-0.14831817376946593,0.3843283582089552,20,7,5,0,19932,0.0778852461675433,-0.22620341993700924,-60.62251654311848,-2.6899066904872586,-0.010036965263012159,-0.15835513903247808,-63.312423233605735,80.54280167361733,268,-0.31219715162913686,-0.05754699385721883,67.87208685282735,88.84554835229832,0.07788524616754329,0.1821231257737363,data/metadata/20260915T175347204551Z/pass_plus_manifest.json
200,36,2020,00-0034869,S.Darnold,422,12,-74.62647057495685,-0.17683997766577453,0.41232227488151657,35,26,4,0,19932,0.0778852461675433,-0.25472522383331786,-107.49404445766012,3.613400546544871,0.008562560536836187,-0.16827741712893834,-103.88064391111526,79.72558436079892,422,-0.2881580244569903,-0.058876821853603274,69.85199416031656,88.73602124056542,0.07788524616754329,0.1821231257737363,data/metadata/20260915T175347204551Z/pass_plus_manifest.json
200,1,2021,00-0023459,A.Rodgers,575,16,141.11106048928247,0.2454105399813608,0.5130434782608696,30,17,8,0,20799,0.04047878194474436,0.20493175803661645,117.83576087105446,1.1821856871232708,0.002055975108040471,0.2474665150894013,119.01794655817773,116.78090100127177,575,0.12128298624087891,0.3606264214279955,106.55095513236203,125.95499628088932,0.040478781944744364,0.18502081604167445,data/metadata/20260915T175349423779Z/pass_plus_manifest.json
200,2,2021,00-0033873,P.Mahomes,732,17,158.73680074979345,0.2168535529368763,0.5286885245901639,28,46,14,0,20799,0.04047878194474436,0.17637477099213195,129.10633236624057,4.283945180486333,0.005852384126347449,0.22270593706322375,133.3902775467269,114.7735124363602,732,0.08948321814797537,0.36333935272855655,103.97288563943474,126.1749389358782,0.040478781944744364,0.18502081604167445,data/metadata/20260915T175349423779Z/pass_plus_manifest.json
200,3,2021,00-0019596,T.Brady,749,17,142.0829989999203,0.18969692790376544,0.5126835781041389,22,10,5,0,20799,0.04047878194474436,0.14921814595902108,111.76439132330678,4.610484501358616,0.006155520028516177,0.19585244793228163,116.3748758246654,112.5964474683114,749,0.0784639184700792,0.30578230673823387,103.07952942847082,121.50867646700888,0.040478781944744364,0.18502081604167445,data/metadata/20260915T175349423779Z/pass_plus_manifest.json
200,4,2021,00-0026498,M.Stafford,639,17,120.58315111523592,0.18870602678440676,0.5023474178403756,30,8,8,0,20799,0.04047878194474436,0.1482272448396624,94.71720945254428,0.9530180830123757,0.0014914211001758617,0.19019744788458262,95.67022753555666,112.13798553667459,639,0.04412202975379645,0.342024650290726,100.29536523676056,124.44691425515555,0.040478781944744364,0.18502081604167445,data/metadata/20260915T175349423779Z/pass_plus_manifest.json
200,5,2021,00-0033077,D.Prescott,646,16,112.89745462938158,0.17476386165538946,0.5030959752321982,30,20,8,0,20799,0.04047878194474436,0.1342850797106451,86.74816149307674,-0.9401399939524555,-0.0014553250680378568,0.1733085365873516,85.80802149912428,110.76876841355151,646,0.012086779144219092,0.33761890597579164,97.6982047149119,124.08973193298306,0.040478781944744364,0.18502081604167445,data/metadata/20260915T175349423779Z/pass_plus_manifest.json
200,6,2021,00-0031345,J.Garoppolo,473,15,76.48748823416882,0.16170716328576917,0.4883720930232558,29,6,11,0,20799,0.04047878194474436,0.12122838134102482,57.34102437430474,2.161617742101614,0.004570016368079522,0.1662771796538487,59.50264211640635,110.19872253299077,473,0.0370481083587039,0.3063806258379543,99.7218685719178,121.55718336849063,0.040478781944744364,0.18502081604167445,data/metadata/20260915T175349423779Z/pass_plus_manifest.json
200,7,2021,00-0036442,J.Burrow,589,16,101.24408365070218,0.17189148327793238,0.48896434634974534,51,20,12,0,20799,0.04047878194474436,0.13141270133318803,77.40208108524776,-4.740372858104645,-0.008048171236170874,0.1638433120417615,72.66170822714311,110.00140411789371,589,-0.010010808906160162,0.3344119110679729,95.90670996395896,123.82973457351598,0.040478781944744364,0.18502081604167445,data/metadata/20260915T175349423779Z/pass_plus_manifest.json
200,8,2021,00-0034857,J.Allen,718,17,121.68343800176036,0.1694755403924239,0.5125348189415042,26,46,14,0,20799,0.04047878194474436,0.12899675844767955,92.61967256543392,-5.708723408191959,-0.007950868256534762,0.16152467213588914,86.91094915724196,109.81342743866291,718,0.05315273919147165,0.2806831926838685,101.02750254143344,119.47384212312252,0.040478781944744364,0.18502081604167445,data/metadata/20260915T175349423779Z/pass_plus_manifest.json
200,9,2021,00-0036355,J.Herbert,738,17,124.2103630903322,0.16830672505465066,0.5013550135501355,31,36,6,0,20799,0.04047878194474436,0.1278279431099063,94.33702201511086,-6.1462088162617015,-0.008328196227996885,0.15997852882665378,88.19081319884916,109.68807857179105,738,0.04015169118416258,0.2714085354779877,99.97348211129054,118.72192749500373,0.040478781944744364,0.18502081604167445,data/metadata/20260915T175349423779Z/pass_plus_manifest.json
200,10,2021,00-0035228,K.Murray,541,14,76.6981390468623,0.141771051842629,0.5046210720887245,31,29,5,0,20799,0.04047878194474436,0.10129226989788465,54.79911801475559,1.954698590345894,0.00361312123908668,0.1453841730817157,56.753816605101484,108.50488556217444,541,0.01630322173880619,0.28013679374406664,98.04003997578633,119.42954449071351,0.040478781944744364,0.18502081604167445,data/metadata/20260915T175349423779Z/pass_plus_manifest.json
200,11,2021,00-0029604,K.Cousins,599,16,68.8653018821845,0.11496711499529966,0.4557595993322204,28,15,7,0,20799,0.04047878194474436,0.0744883330505553,44.618511497282626,1.4397253185519863,0.0024035481111051526,0.11737066310640482,46.05823681583461,106.23377543186879,599,-0.0031583661794212037,0.23539514823434107,96.4622509192963,115.80225164332538,0.040478781944744364,0.18502081604167445,data/metadata/20260915T175349423779Z/pass_plus_manifest.json
200,12,2021,00-0031237,T.Bridgewater,472,14,57.56377544773157,0.12195715137231265,0.4788135593220339,31,15,13,0,20799,0.04047878194474436,0.0814783694275683,38.45779036981224,-6.100315103298766,-0.012924396405293996,0.10903275496701866,32.35747526651347,105.55780488559998,472,-0.02557872878163668,0.2477123627125875,94.64458820313206,116.80083234968265,0.040478781944744364,0.18502081604167445,data/metadata/20260915T175349423779Z/pass_plus_manifest.json
200,13,2021,00-0036389,J.Hurts,506,15,39.91354953949655,0.07888053268675208,0.45454545454545453,26,50,6,0,20799,0.04047878194474436,0.03840175074200772,19.431285875455906,-4.1761503720762825,-0.00825326160489384,0.07062727108185823,15.255135503379623,102.44419707323551,506,-0.08179183396260588,0.21189796167578978,90.08728164836789,113.89728869959433,0.040478781944744364,0.18502081604167445,data/metadata/20260915T175349423779Z/pass_plus_manifest.json
200,14,2021,00-0036972,M.Jones,563,17,36.19046351005787,0.06428146271768716,0.4849023090586146,28,15,7,0,20799,0.04047878194474436,0.0238026807729428,13.400909275166793,-3.9358665288404,-0.006990881933997157,0.05729058078369,9.465042746326393,101.3629654650717,563,-0.06831423629444061,0.19789774935794002,91.17993689304558,112.76226406149931,0.040478781944744364,0.18502081604167445,data/metadata/20260915T175349423779Z/pass_plus_manifest.json
200,15,2021,00-0034796,L.Jackson,465,12,27.572024923595052,0.05929467725504312,0.49032258064516127,38,49,4,0,20799,0.04047878194474436,0.018815895310298765,8.749391319288925,-1.1062455770395028,-0.0023790227463215113,0.05691565450872161,7.6431457422494224,101.3325694575043,465,-0.1009237898949615,0.22768811817775111,88.53621650269967,115.17742761907715,0.040478781944744364,0.18502081604167445,data/metadata/20260915T175349423779Z/pass_plus_manifest.json
200,16,2021,00-0036212,T.Tagovailoa,425,13,27.00979545673312,0.06355245989819558,0.4894117647058824,20,18,6,0,20799,0.04047878194474436,0.02307367795345122,9.806313130216768,-4.138789633765966,-0.009738328550037567,0.05381413134815801,5.667523496450802,101.08112289919936,425,-0.0778307870940649,0.1658982788155525,90.40841147742849,110.16800429978849,0.040478781944744364,0.18502081604167445,data/metadata/20260915T175349423779Z/pass_plus_manifest.json
200,17,2021,00-0029701,R.Tannehill,596,17,34.832228441152644,0.058443336310658796,0.4949664429530201,47,19,11,0,20799,0.04047878194474436,0.01796455436591444,10.706874402085006,-8.596071129899686,-0.01442293813741558,0.044020398173243214,2.1108032721853203,100.28712576543559,596,-0.09498441500932135,0.1945955352352855,89.0177332595198,112.49454709375735,0.040478781944744364,0.18502081604167445,data/metadata/20260915T175349423779Z/pass_plus_manifest.json
200,18,2021,00-0031280,D.Carr,680,17,29.989191501149563,0.044101752207572884,0.4661764705882353,40,17,16,0,20799,0.04047878194474436,0.003622970262828526,2.463619778723398,-1.1433048110667947,-0.0016813306045099922,0.04242042160306289,1.3203149676566035,100.15741253064313,680,-0.07603313811004817,0.17250303434844075,90.5541504020378,110.70346476911757,0.040478781944744364,0.18502081604167445,data/metadata/20260915T175349423779Z/pass_plus_manifest.json
200,19,2021,00-0029263,R.Wilson,456,14,14.941937456380883,0.03276740670258965,0.4407894736842105,33,23,8,0,20799,0.04047878194474436,-0.0077113752421547055,-3.516387110422544,1.8646258608355273,0.004089091800077911,0.03685649850266756,-1.6517612495870166,99.70633438553793,456,-0.11485306361440759,0.20648168530535488,87.40694299574125,113.45818056411716,0.040478781944744364,0.18502081604167445,data/metadata/20260915T175349423779Z/pass_plus_manifest.json
200,20,2021,00-0032950,C.Wentz,574,17,13.472786658209527,0.023471753759946912,0.44773519163763065,32,26,7,0,20799,0.04047878194474436,-0.017007028184797445,-9.762034178073735,-2.847935936000945,-0.004961560864113144,0.01851019289583377,-12.609970114074681,98.21896345079661,574,-0.10197003707032673,0.150477814696232,88.45139519466402,108.91783706596921,0.040478781944744364,0.18502081604167445,data/metadata/20260915T175349423779Z/pass_plus_manifest.json
200,21,2021,00-0034855,B.Mayfield,484,14,-9.250747724710623,-0.019113115133699635,0.4297520661157025,43,25,7,0,20799,0.04047878194474436,-0.05959189707844399,-28.84247818596689,-0.33863585165659993,-0.0006996608505301651,-0.0198127759842298,-29.18111403762349,95.11204529153676,484,-0.12328905412196535,0.09839314453522932,86.72302071974791,104.69523082560399,0.040478781944744364,0.18502081604167445,data/metadata/20260915T175349423779Z/pass_plus_manifest.json
200,22,2021,00-0035710,D.Jones,405,11,-12.879230673287157,-0.03180056956367199,0.4222222222222222,22,23,8,0,20799,0.04047878194474436,-0.07227935150841636,-29.27313736090862,3.9228513954548543,0.009686052828283592,-0.0221145167353884,-25.350285965453764,94.92543865988294,405,-0.16834492190950992,0.13486896205011897,83.07025325675639,107.65239680524223,0.040478781944744364,0.18502081604167445,data/metadata/20260915T175349423779Z/pass_plus_manifest.json
200,23,2021,00-0026143,M.Ryan,616,17,-18.645758688513943,-0.030269088780055103,0.461038961038961,40,17,14,0,20799,0.04047878194474436,-0.07074787072479946,-43.580688366476465,4.532685926960489,0.007358256374935858,-0.022910832405119246,-39.048002439515976,94.8608797886083,616,-0.17056145965377942,0.1193464490226851,82.8905541997781,106.39395626653516,0.040478781944744364,0.18502081604167445,data/metadata/20260915T175349423779Z/pass_plus_manifest.json
200,24,2021,00-0032156,T.Siemian,200,6,-5.741915959365184,-0.02870957979682592,0.42,9,3,4,0,20799,0.04047878194474436,-0.06918836174157028,-13.837672348314054,0.9371717275309714,0.004685858637654857,-0.024023721159171063,-12.900500620783083,94.77065571724211,200,-0.12331037476133298,0.11020051627837539,86.72129221374865,105.6524775826786,0.040478781944744364,0.18502081604167445,data/metadata/20260915T175349423779Z/pass_plus_manifest.json
200,25,2021,00-0031800,T.Heinicke,569,16,-26.997724211640474,-0.0474476699677337,0.44815465729349735,38,40,5,0,20799,0.04047878194474436,-0.08792645191247805,-50.03015113820001,8.683027397126674,0.015260153597762168,-0.032187516369971525,-41.34712374107334,94.1088008471694,569,-0.20788958355529968,0.1283398195714731,79.86429007176406,107.12306643434154,0.040478781944744364,0.18502081604167445,data/metadata/20260915T175349423779Z/pass_plus_manifest.json
200,26,2021,00-0035993,T.Huntley,228,6,-13.887236892228072,-0.060908933737842424,0.4298245614035088,18,25,4,0,20799,0.04047878194474436,-0.10138771568258678,-23.116399175629788,2.728490723884839,0.011967064578442276,-0.048941869159400145,-20.38790845174495,92.75049264586505,228,-0.2159503629795462,0.10535197119050428,79.21078689330837,105.25939653442678,0.040478781944744364,0.18502081604167445,data/metadata/20260915T175349423779Z/pass_plus_manifest.json
200,27,2021,00-0033106,J.Goff,535,14,-35.712100593461976,-0.06675158989432145,0.4504672897196262,35,11,12,0,20799,0.04047878194474436,-0.10723037183906581,-57.368248933900205,3.6604473731466847,0.006841957706816233,-0.05990963218750522,-53.70780156075352,91.86131461205657,535,-0.1891815430659441,0.07450336955784655,81.38098756204604,102.7584399697036,0.040478781944744364,0.18502081604167445,data/metadata/20260915T175349423779Z/pass_plus_manifest.json
200,28,2021,00-0022924,B.Roethlisberger,644,16,-44.2604722817656,-0.06872744143131304,0.39596273291925466,38,3,14,0,20799,0.04047878194474436,-0.1092062233760574,-70.32880785418097,3.9099878480124355,0.006071409701882664,-0.06265603172943038,-66.41882000616853,91.63865862117824,644,-0.16054894991552215,0.0374784759527051,83.7022879781008,99.75675931582502,0.040478781944744364,0.18502081604167445,data/metadata/20260915T175349423779Z/pass_plus_manifest.json
200,29,2021,00-0036971,T.Lawrence,663,17,-59.17700039364243,-0.08925641085013941,0.4434389140271493,32,32,8,0,20799,0.04047878194474436,-0.12973519279488377,-86.01443282300794,-6.734634405077735,-0.010157819615501862,-0.09941423046564127,-92.74906722808566,88.65859944276141,663,-0.18931095482138893,-0.007664735080795914,81.37049589752309,96.09691076478418,0.040478781944744364,0.18502081604167445,data/metadata/20260915T175349423779Z/pass_plus_manifest.json
200,30,2021,00-0033119,J.Brissett,256,8,-22.55911069546031,-0.08812152615414183,0.42578125,19,13,5,0,20799,0.04047878194474436,-0.12860030809888617,-32.92167887331486,-3.3552478471608516,-0.013106436902972076,-0.1012279630571139,-36.276926720475714,88.51155658858893,256,-0.21886534243924008,-0.009469532953149288,78.97446379825965,95.95059226579323,0.040478781944744364,0.18502081604167445,data/metadata/20260915T175349423779Z/pass_plus_manifest.json
200,31,2021,00-0027973,A.Dalton,265,8,-28.886753766374234,-0.10900661798631786,0.43018867924528303,18,12,5,0,20799,0.04047878194474436,-0.14948539993106222,-39.61363098173149,1.13789864845078,0.004293957163965208,-0.10471266082235266,-38.47573233328071,88.22904531446933,265,-0.2711909042388293,0.131825945074362,74.73232800086349,107.40569345794927,0.040478781944744364,0.18502081604167445,data/metadata/20260915T175349423779Z/pass_plus_manifest.json
200,32,2021,00-0036945,J.Fields,349,12,-42.966680046449774,-0.12311369640816554,0.42406876790830944,36,45,5,0,20799,0.04047878194474436,-0.1635924783529099,-57.093774945165556,3.085842235235013,0.00884195482875362,-0.11427174157941192,-54.00793270993054,87.45407191188964,349,-0.3357601613181052,0.0852698533211095,69.49757184255651,103.6312998992186,0.040478781944744364,0.18502081604167445,data/metadata/20260915T175349423779Z/pass_plus_manifest.json
200,33,2021,00-0036898,D.Mills,433,13,-56.0132853201117,-0.12936093607416096,0.42494226327944573,31,10,9,0,20799,0.04047878194474436,-0.16983971801890532,-73.54059790218601,1.0037165058856048,0.0023180519766411198,-0.12704288409751985,-72.5368813963004,86.41869037012587,433,-0.34711793331995355,0.09130358354164526,68.57677501724496,104.12046622787457,0.040478781944744364,0.18502081604167445,data/metadata/20260915T175349423779Z/pass_plus_manifest.json
200,34,2021,00-0034869,S.Darnold,464,12,-70.30980523908501,-0.15152975267044183,0.41594827586206895,35,23,7,0,20799,0.04047878194474436,-0.1920085346151862,-89.09196006144639,5.659696848651081,0.012197622518644572,-0.13933213015179727,-83.4322632127953,85.42237711868805,464,-0.31684526635678184,0.037843375417091756,71.0310394300951,99.78634243021669,0.040478781944744364,0.18502081604167445,data/metadata/20260915T175349423779Z/pass_plus_manifest.json
200,35,2021,00-0037013,Z.Wilson,442,13,-85.2503560149462,-0.19287410863110002,0.36877828054298645,44,16,3,0,20799,0.04047878194474436,-0.23335289057584438,-103.14197763452322,1.747715917257347,0.0039541084100844955,-0.18892000022101552,-101.39426171726586,81.40219135282949,442,-0.3409073080602755,-0.02356195540677639,69.08028257324983,94.8080919713572,0.040478781944744364,0.18502081604167445,data/metadata/20260915T175349423779Z/pass_plus_manifest.json
200,1,2022,00-0033873,P.Mahomes,720,17,209.30933992853537,0.2907074165674102,0.5333333333333333,26,46,12,0,20210,0.015473245525922667,0.27523417104148756,198.16860314987105,-1.5354049865869408,-0.0021325069258151955,0.28857490964159505,196.6331981632841,122.66474337460305,720,0.1999405905933548,0.39378847501357894,115.30896946558653,131.39643113785672,0.01547324552592266,0.18074437879254537,data/metadata/20260915T175351369838Z/pass_plus_manifest.json
200,2,2022,00-0036212,T.Tagovailoa,430,13,94.75122796508762,0.22035169294206425,0.4930232558139535,21,10,5,0,20210,0.015473245525922667,0.20487844741614158,88.09773238894087,3.3328547337047567,0.0077508249621040855,0.22810251790416833,91.43058712264562,117.64613155319456,430,0.0625128042044308,0.38597059821738855,103.9038192218829,130.74762450427698,0.01547324552592266,0.18074437879254537,data/metadata/20260915T175351369838Z/pass_plus_manifest.json
200,3,2022,00-0034857,J.Allen,650,16,140.52403189440423,0.21619081829908343,0.5215384615384615,33,51,7,0,20210,0.015473245525922667,0.20071757277316077,130.4664223025545,-0.8010437397567174,-0.0012323749842411036,0.21495844331484232,129.66537856279777,116.55530305740943,650,0.12422847390758064,0.30650446541160115,109.02561084678199,124.15271958911525,0.01547324552592266,0.18074437879254537,data/metadata/20260915T175351369838Z/pass_plus_manifest.json
200,4,2022,00-0031345,J.Garoppolo,329,11,61.50697438111423,0.1869512899122013,0.49848024316109424,18,3,7,0,20210,0.015473245525922667,0.17147804438627864,56.41627660308568,-1.2118157876984972,-0.00368333066169756,0.18326795925050374,55.20446081538718,113.9253055762115,329,0.04439514024092373,0.3376253178098593,102.40023188341009,126.73544326269445,0.01547324552592266,0.18074437879254537,data/metadata/20260915T175351369838Z/pass_plus_manifest.json
200,5,2022,00-0033106,J.Goff,624,17,96.89163248518943,0.15527505205959846,0.4823717948717949,23,15,9,0,20210,0.015473245525922667,0.1398018065336758,87.23632727701369,2.332234296363146,0.0037375549621204264,0.15901260702171888,89.56856157337683,111.91235067347912,624,0.027398837067923048,0.27170414498072115,100.98970642586525,121.26463637485193,0.01547324552592266,0.18074437879254537,data/metadata/20260915T175351369838Z/pass_plus_manifest.json
200,6,2022,00-0036442,J.Burrow,673,16,99.87692525113884,0.1484055352914396,0.5022288261515602,41,27,13,0,20210,0.015473245525922667,0.13293228976551694,89.46343101219288,3.060920324750423,0.004548172845097211,0.1529537081365368,92.52435133694331,111.40952185033743,673,0.020829682863748266,0.2890523451351492,100.4445314460352,122.70436580961959,0.01547324552592266,0.18074437879254537,data/metadata/20260915T175351369838Z/pass_plus_manifest.json
200,7,2022,00-0036971,T.Lawrence,633,17,92.1847540355132,0.14563152296289605,0.5039494470774092,27,24,8,0,20210,0.015473245525922667,0.1301582774369734,82.39018961760415,3.0007330514765282,0.0047404945520956214,0.15037201751499168,85.39092266908068,111.19526700279042,633,0.037098415637486504,0.2586449855172968,101.79467573951925,120.18085499664265,0.01547324552592266,0.18074437879254537,data/metadata/20260915T175351369838Z/pass_plus_manifest.json
200,8,2022,00-0036389,J.Hurts,541,15,68.56420093026351,0.12673604608181796,0.4658040665434381,38,43,7,0,20210,0.015473245525922667,0.1112628005558953,60.193175100739346,-2.405958198980569,-0.0044472425119788704,0.1222888035698391,57.787216901758775,108.86463734785222,541,-0.008811770515297792,0.24412388302147411,97.98458329353404,118.97574677201928,0.01547324552592266,0.18074437879254537,data/metadata/20260915T175351369838Z/pass_plus_manifest.json
200,9,2022,00-0033119,J.Brissett,413,12,32.338193198685545,0.07830070992417808,0.4552058111380145,24,23,5,0,20210,0.015473245525922667,0.06282746439825541,25.947742796479485,2.134203820160816,0.005167563729202945,0.08346827365338103,28.081946616640302,105.64291641447132,413,-0.07846998402574197,0.2636969286901215,92.20363890324711,120.60011643148566,0.01547324552592266,0.18074437879254537,data/metadata/20260915T175351369838Z/pass_plus_manifest.json
200,10,2022,00-0033077,D.Prescott,429,12,34.02608114869815,0.07931487447248985,0.4965034965034965,20,15,5,0,20210,0.015473245525922667,0.06384162894656718,27.388058818077322,-2.00404237458608,-0.004671427446587599,0.07464344702590225,25.38401644349124,104.91054288066357,429,-0.08128299747005595,0.24255726411667194,91.97018654391735,118.84573286105275,0.01547324552592266,0.18074437879254537,data/metadata/20260915T175351369838Z/pass_plus_manifest.json
200,11,2022,00-0029701,R.Tannehill,370,12,24.110114105477276,0.065162470555344,0.46216216216216216,33,13,7,0,20210,0.015473245525922667,0.04968922502942133,18.38501326088589,1.7629468022662782,0.004764721087206158,0.06992719164255015,20.14796006315217,104.51914022005037,370,-0.08508302924148299,0.21868860521256236,91.65482140253816,116.86486968869052,0.01547324552592266,0.18074437879254537,data/metadata/20260915T175351369838Z/pass_plus_manifest.json
200,12,2022,00-0035710,D.Jones,565,16,33.35522648077254,0.05903579908101334,0.4814159292035398,44,54,11,0,20210,0.015473245525922667,0.04356255355509067,24.61284275862623,-0.1813585002831536,-0.000320988496076378,0.058714810584936966,24.431484258343076,103.58862322700332,565,-0.02732535217377231,0.16780842219924194,96.44813869297548,112.64231654320213,0.01547324552592266,0.18074437879254537,data/metadata/20260915T175351369838Z/pass_plus_manifest.json
200,13,2022,00-0034796,L.Jackson,377,12,17.833132920026465,0.047302739840919004,0.4562334217506631,26,26,4,0,20210,0.015473245525922667,0.031829494314996334,11.99971935675362,0.7936473718718919,0.002105165442631013,0.04940790528355002,12.79336672862551,102.81624192002481,377,-0.09524843096062398,0.20050044939526904,90.81119336383645,115.3554322219102,0.01547324552592266,0.18074437879254537,data/metadata/20260915T175351369838Z/pass_plus_manifest.json
200,14,2022,00-0019596,T.Brady,756,17,38.56300232199324,0.05100926233067889,0.47354497354497355,22,4,4,0,20210,0.015473245525922667,0.035536016804756224,26.865228704395705,-2.142498662375366,-0.002833992939649955,0.04817526939102893,24.722730042020338,102.71394530360259,756,-0.027699780343946215,0.12973881430732706,96.4170648494063,109.4829147283653,0.01547324552592266,0.18074437879254537,data/metadata/20260915T175351369838Z/pass_plus_manifest.json
200,15,2022,00-0029604,K.Cousins,698,17,26.44357512390146,0.03788477811447201,0.47707736389684813,46,12,13,0,20210,0.015473245525922667,0.022411532588549343,15.64324974680744,3.8568503097431095,0.0055255735096606156,0.04341035162413263,19.50010005655055,102.31850414531638,698,-0.07431914534767999,0.16603190615994176,92.54811755639733,112.49488324116794,0.01547324552592266,0.18074437879254537,data/metadata/20260915T175351369838Z/pass_plus_manifest.json
200,16,2022,00-0031280,D.Carr,543,15,19.547376166519456,0.035998851135394944,0.4180478821362799,27,14,8,0,20210,0.015473245525922667,0.020525605609472277,11.145403845943449,2.1564278849691596,0.003971322071766408,0.039970173207161355,13.301831730912609,102.03300328161428,543,-0.06397010715023428,0.14177295286722547,93.40698561082165,110.48162948566166,0.01547324552592266,0.18074437879254537,data/metadata/20260915T175351369838Z/pass_plus_manifest.json
200,17,2022,00-0030565,G.Smith,650,17,27.01388867141844,0.04155982872525914,0.49230769230769234,46,33,14,0,20210,0.015473245525922667,0.02608658319933647,16.956279079568706,-2.6403624559533387,-0.004062096086082059,0.03749773263917708,14.315916623615367,101.82781511052139,650,-0.07107766944908309,0.1559751165833661,92.81712807171057,111.66026893860212,0.01547324552592266,0.18074437879254537,data/metadata/20260915T175351369838Z/pass_plus_manifest.json
200,18,2022,00-0036355,J.Herbert,757,17,19.45949943724036,0.02570607587482214,0.4583883751651255,38,22,10,0,20210,0.015473245525922667,0.010232830348899474,7.746252574116902,-5.293347231822922,-0.006992532670836093,0.018713543203986046,2.4529053422939793,100.26891273463468,757,-0.07668622908135043,0.12606072096827314,92.3516729629762,109.17766927368295,0.01547324552592266,0.18074437879254537,data/metadata/20260915T175351369838Z/pass_plus_manifest.json
200,19,2022,00-0027973,A.Dalton,414,14,6.6497028440938335,0.01606208416447786,0.49033816425120774,25,11,3,0,20210,0.015473245525922667,0.0005888386385551926,0.24377919636184942,-1.8618822853574952,-0.004497300206177525,0.011564783958300334,-1.6181030889956458,99.6756362554344,414,-0.08904811419286691,0.11409853793602608,91.32575847583423,108.18492611518255,0.01547324552592266,0.18074437879254537,data/metadata/20260915T175351369838Z/pass_plus_manifest.json
200,20,2022,00-0032268,M.Mariota,351,13,-1.323283240314744,-0.0037700377216944277,0.4672364672364672,28,27,10,0,20210,0.015473245525922667,-0.019243283247617093,-6.7543924199136,0.8575385891982555,0.0024431298837557136,-0.001326907837938714,-5.896853830715345,98.6057530411656,351,-0.11242274174085615,0.13591459178442833,89.38589503132694,109.99544332137259,0.01547324552592266,0.18074437879254537,data/metadata/20260915T175351369838Z/pass_plus_manifest.json
200,21,2022,00-0038102,K.Pickett,443,13,-2.9738923607498995,-0.0067130753064331816,0.44243792325056436,27,28,6,0,20210,0.015473245525922667,-0.022186320832355846,-9.828540128733641,0.08317319243001753,0.00018774987004518628,-0.006525325436387995,-9.745366936303624,98.17433567428726,443,-0.09439548470545298,0.09429423773236228,90.88197948682979,106.54136461114307,0.01547324552592266,0.18074437879254537,data/metadata/20260915T175351369838Z/pass_plus_manifest.json
200,22,2022,00-0023459,A.Rodgers,585,17,-4.8356326597282075,-0.008266038734578133,0.4495726495726496,32,13,8,0,20210,0.015473245525922667,-0.0237392842605008,-13.887481292392966,-2.3755306654931063,-0.004060736180330096,-0.012326774914908228,-16.26301195788607,97.69287261159536,585,-0.09697411837887009,0.07677535994214908,90.6679783358139,105.08747061671454,0.01547324552592266,0.18074437879254537,data/metadata/20260915T175351369838Z/pass_plus_manifest.json
200,23,2022,00-0035228,K.Murray,437,11,-2.248339622101331,-0.005144941927005334,0.4302059496567506,25,25,4,0,20210,0.015473245525922667,-0.020618187452928,-9.010147916929537,-3.3550840941344187,-0.00767753797284764,-0.012822479899852975,-12.365232011063956,97.65173398906201,437,-0.10449615234006704,0.09697766798656803,90.04372373840008,106.76406284431626,0.01547324552592266,0.18074437879254537,data/metadata/20260915T175351369838Z/pass_plus_manifest.json
200,24,2022,00-0031800,T.Heinicke,289,9,-11.74271160420282,-0.04063222008374678,0.43944636678200694,19,13,3,0,20210,0.015473245525922667,-0.05610546560966945,-16.21447956119447,-0.9380842032511383,-0.0032459661012150115,-0.04387818618496179,-17.152563764445606,95.07441680006491,289,-0.16324875184185164,0.05938566339314475,85.1678377030269,103.64429739065002,0.01547324552592266,0.18074437879254537,data/metadata/20260915T175351369838Z/pass_plus_manifest.json
200,25,2022,00-0036972,M.Jones,494,14,-32.57808824816442,-0.06594754706106158,0.39878542510121456,34,20,5,0,20210,0.015473245525922667,-0.08142079258698424,-40.221871537970216,0.8364624310121079,0.0016932437874739028,-0.06425430327358768,-39.38540910695811,93.3834001368015,494,-0.15142446302746398,0.011096135814514768,86.14913700207393,99.63674308374216,0.01547324552592266,0.18074437879254537,data/metadata/20260915T175351369838Z/pass_plus_manifest.json
200,26,2022,00-0036945,J.Fields,439,15,-30.20285127782419,-0.06879920564424645,0.41002277904328016,55,66,7,0,20210,0.015473245525922667,-0.08427245117016911,-36.995606063704244,1.4335474340049315,0.0032654839043392515,-0.0655337217399072,-35.562058629699315,93.2772210283667,439,-0.20706360535596893,0.05901552940406533,81.53163719099823,103.61357992174015,0.01547324552592266,0.18074437879254537,data/metadata/20260915T175351369838Z/pass_plus_manifest.json
200,27,2022,00-0026498,M.Stafford,337,9,-27.85441916713951,-0.082654062810503,0.4688427299703264,29,5,6,0,20210,0.015473245525922667,-0.09812730833642566,-33.06890290937545,2.83669852025104,0.008417503027451157,-0.07423655978305184,-30.232204389124412,92.55497134337371,337,-0.197843793614799,0.0876926233342783,82.29679059184774,105.99349575550957,0.01547324552592266,0.18074437879254537,data/metadata/20260915T175351369838Z/pass_plus_manifest.json
200,28,2022,00-0029263,R.Wilson,565,15,-41.626520419344146,-0.07367525737937017,0.3787610619469027,55,28,2,0,20210,0.015473245525922667,-0.08914850290529283,-50.368904141490454,-2.458044635852831,-0.004350521479385541,-0.07802577885875571,-52.82694877734328,92.24050354904858,565,-0.17062549086829992,0.022553243688708983,84.55564115154395,100.58756998779856,0.01547324552592266,0.18074437879254537,data/metadata/20260915T175351369838Z/pass_plus_manifest.json
200,29,2022,00-0026143,M.Ryan,508,12,-39.7217517862795,-0.07819242477614075,0.4389763779527559,38,10,3,0,20210,0.015473245525922667,-0.09366567030206341,-47.582160513448216,-1.8664155941858112,-0.0036740464452476597,-0.0818664712213884,-49.448576107634025,91.92176397980523,508,-0.22910834863319168,0.05914757952297507,79.70214101873896,103.62453877864557,0.01547324552592266,0.18074437879254537,data/metadata/20260915T175351369838Z/pass_plus_manifest.json
200,30,2022,00-0033537,D.Watson,200,6,-20.533105462922798,-0.102665527314614,0.42,20,12,1,0,20210,0.015473245525922667,-0.11813877284053666,-23.62775456810733,2.3662381492939746,0.011831190746469872,-0.09083433656814412,-21.261516418813358,91.17751964368824,200,-0.28587012526403766,0.07499598052924077,74.99147363781897,104.93979968292433,0.01547324552592266,0.18074437879254537,data/metadata/20260915T175351369838Z/pass_plus_manifest.json
200,31,2022,00-0037013,Z.Wilson,278,9,-28.859558128400195,-0.10381136017410142,0.38489208633093525,23,13,2,0,20210,0.015473245525922667,-0.11928460570002408,-33.1611203846067,2.5692658919358418,0.009241963640056985,-0.09456939653404443,-30.591854492670855,90.8675465210784,278,-0.2150980998199021,0.0010786177570894261,80.86485342840429,98.80538792976613,0.01547324552592266,0.18074437879254537,data/metadata/20260915T175351369838Z/pass_plus_manifest.json
200,32,2022,00-0032950,C.Wentz,314,8,-32.429697400324976,-0.1032792910838375,0.3980891719745223,26,12,4,0,20210,0.015473245525922667,-0.11875253660976016,-37.28829649546469,0.4138504905865188,0.0013179951929506968,-0.1019612958908868,-36.87444600487817,90.25409181176265,314,-0.2650158656420833,0.06756226904256644,76.7221714134237,104.32287497940092,0.01547324552592266,0.18074437879254537,data/metadata/20260915T175351369838Z/pass_plus_manifest.json
200,33,2022,00-0036898,D.Mills,526,15,-70.32367440536191,-0.13369519848928121,0.3745247148288973,31,17,4,0,20210,0.015473245525922667,-0.14916844401520388,-78.46260155199724,-2.1392882722289874,-0.004067087970017086,-0.1377622864592983,-80.60188982422622,87.28296284989021,526,-0.25086214115145783,-0.02546137658864208,77.89679088860561,96.60283027433329,0.01547324552592266,0.18074437879254537,data/metadata/20260915T175351369838Z/pass_plus_manifest.json
200,34,2022,00-0034855,B.Mayfield,385,12,-53.57472661446462,-0.1391551340635445,0.36103896103896105,36,15,11,0,20210,0.015473245525922667,-0.15462837958946715,-59.53192614194485,0.3658020024415241,0.000950135071276686,-0.1382049989922678,-59.166124139503324,87.24622207798403,385,-0.28203095404728795,0.04510816852227279,75.31008696696345,102.45940619517394,0.01547324552592266,0.18074437879254537,data/metadata/20260915T175351369838Z/pass_plus_manifest.json
200,35,2022,00-0026158,J.Flacco,202,5,-28.72121762627415,-0.1421842456746245,0.39603960396039606,10,1,3,0,20210,0.015473245525922667,-0.15765749120054717,-31.84681322251053,0.07283615162706492,0.0003605750080547768,-0.14182367066656973,-31.773977070883465,86.94590803515102,202,-0.4314208627980125,0.12343378397879168,62.91219859980783,108.95965942405189,0.01547324552592266,0.18074437879254537,data/metadata/20260915T175351369838Z/pass_plus_manifest.json
200,1,2023,00-0037834,B.Purdy,486,16,151.3882111909916,0.3114983769361967,0.5473251028806584,28,17,10,0,20693,-0.001131078581726837,0.31262945551792354,151.93791538171084,1.0733208918029196,0.002208479201240575,0.31370685613743726,153.01123627351376,125.99738874570406,486,0.12807625294496536,0.49600662016375074,110.66915023912465,141.05058695026497,-0.0011310785817268275,0.18165551421266662,data/metadata/20260915T175353868767Z/pass_plus_manifest.json
200,2,2023,00-0033077,D.Prescott,656,17,134.09053333977207,0.20440630082282327,0.5045731707317073,39,27,10,0,20693,-0.001131078581726837,0.2055373794045501,134.83252088938488,-5.69308012806889,-0.008678475804983064,0.1957278250178402,129.139440761316,116.25540279793833,656,0.08534857597514066,0.30353900320709193,107.14096031697869,125.15778971334754,-0.0011310785817268275,0.18165551421266662,data/metadata/20260915T175353868767Z/pass_plus_manifest.json
200,3,2023,00-0036212,T.Tagovailoa,603,17,107.32645789852464,0.17798749236902925,0.49917081260364843,29,16,7,0,20693,-0.001131078581726837,0.1791185709507561,108.00849828330593,3.9348277116045853,0.006525419090554868,0.18451291145958412,111.94332599491051,115.32934391058245,603,0.040527088671533575,0.3398537912908539,103.4398763588721,128.1564425404713,-0.0011310785817268275,0.18165551421266662,data/metadata/20260915T175353868767Z/pass_plus_manifest.json
200,4,2023,00-0034857,J.Allen,649,17,107.55426885015937,0.16572306448406685,0.5069337442218799,24,48,12,0,20693,-0.001131078581726837,0.1668541430657937,108.2883388497001,0.779344693877067,0.0012008392817828457,0.1669239037658497,109.06768354357716,113.8769513611488,649,0.0709250175491214,0.26355714921279666,105.94995118451162,121.85633303853216,-0.0011310785817268275,0.18165551421266662,data/metadata/20260915T175353868767Z/pass_plus_manifest.json
200,5,2023,00-0035100,J.Browning,283,9,32.8855805179244,0.11620346472764807,0.47703180212014135,24,16,5,0,20693,-0.001131078581726837,0.11733454330937491,33.2056757565531,7.948479556559434,0.028086500199856656,0.14428996492750473,41.15415531311253,112.00797929032188,283,-0.020469255977878596,0.3084562079005721,98.40317172754423,125.56382236653666,-0.0011310785817268275,0.18165551421266662,data/metadata/20260915T175353868767Z/pass_plus_manifest.json
200,6,2023,00-0036264,J.Love,631,17,81.34746318189104,0.12891832516939944,0.4611727416798732,30,24,4,0,20693,-0.001131078581726837,0.13004940375112628,82.06117376696068,-1.8565692840117072,-0.0029422651093687913,0.12597606006003065,80.20460448294897,110.49572917117325,631,-0.004269990397203884,0.25809437669113267,99.74080788333772,121.40525073486462,-0.0011310785817268275,0.18165551421266662,data/metadata/20260915T175353868767Z/pass_plus_manifest.json
200,7,2023,00-0039163,C.Stroud,554,15,63.09531897185094,0.1138904674582147,0.4693140794223827,38,23,10,0,20693,-0.001131078581726837,0.11502154603994154,63.72193650612761,-1.1575041352964217,-0.0020893576449393892,0.1118011098132753,62.56443237083119,109.32524857980289,554,-0.019734495465714624,0.2421625277213575,98.46384375134835,120.08969620527928,-0.0011310785817268275,0.18165551421266662,data/metadata/20260915T175353868767Z/pass_plus_manifest.json
200,8,2023,00-0033106,J.Goff,638,17,67.97552858622187,0.10654471565238538,0.49216300940438873,30,7,9,0,20693,-0.001131078581726837,0.10767579423411222,68.6971567213636,-0.02944548653440937,-0.000046152800210672994,0.10649856285217471,68.66771123482918,108.88739672178886,638,-0.0034582525166222356,0.2184095637532668,99.80783622685648,118.12832189156458,-0.0011310785817268275,0.18165551421266662,data/metadata/20260915T175353868767Z/pass_plus_manifest.json
200,9,2023,00-0034796,L.Jackson,559,16,57.04720946100668,0.10205225306083485,0.4883720930232558,37,66,10,0,20693,-0.001131078581726837,0.10318333164256169,57.679482388191985,-1.667653103044129,-0.0029832792541039876,0.09906897380673085,56.011829285147854,108.27390675334678,559,-0.06660611103053293,0.2832201652722827,94.59347275534778,123.47998449866341,-0.0011310785817268275,0.18165551421266662,data/metadata/20260915T175353868767Z/pass_plus_manifest.json
200,10,2023,00-0036389,J.Hurts,622,17,60.293529583101886,0.09693493502106412,0.4646302250803859,36,48,12,0,20693,-0.001131078581726837,0.09806601360279096,60.99706046093598,-1.0591569528426412,-0.0017028246830267544,0.09523211033803737,59.937903508093335,107.95708206305402,622,-0.02863443362065379,0.20717583504377254,97.72894135709568,117.20070936423363,-0.0011310785817268275,0.18165551421266662,data/metadata/20260915T175353868767Z/pass_plus_manifest.json
200,11,2023,00-0026498,M.Stafford,562,15,53.087623723188614,0.09446196392026444,0.45907473309608543,30,14,10,0,20693,-0.001131078581726837,0.09559304250199128,53.7232898861191,0.35160330673715295,0.0006256286596746494,0.0950875925799391,54.07489319285625,107.94514867154167,562,-0.015437574331810412,0.21536087746828086,98.81865718648088,117.87658004671613,-0.0011310785817268275,0.18165551421266662,data/metadata/20260915T175353868767Z/pass_plus_manifest.json
200,12,2023,00-0033873,P.Mahomes,672,16,64.26734389441033,0.09563592841430109,0.4836309523809524,27,50,12,0,20693,-0.001131078581726837,0.09676700699602793,65.02742870133076,-5.977779739746862,-0.008895505565099496,0.0867404228492016,59.0496489615839,107.25589050889388,672,-0.041374240300966286,0.22302677142824848,96.67696613337102,118.50958262799146,-0.0011310785817268275,0.18165551421266662,data/metadata/20260915T175353868767Z/pass_plus_manifest.json
200,13,2023,00-0034855,B.Mayfield,636,17,47.37470162193718,0.0744885245627943,0.4449685534591195,40,30,6,0,20693,-0.001131078581726837,0.07561960314452114,48.09406759991545,1.143317234484373,0.0017976686076798317,0.07628619317047412,49.23738483439982,106.39264423827791,636,-0.03697472492798485,0.19941403710038763,97.04025117253292,116.55978761927372,-0.0011310785817268275,0.18165551421266662,data/metadata/20260915T175353868767Z/pass_plus_manifest.json
200,14,2023,00-0029604,K.Cousins,329,8,22.075340919637323,0.06709830066759065,0.45592705167173253,17,3,8,0,20693,-0.001131078581726837,0.06822937924931749,22.447465773025453,-0.10528455617609556,-0.00032001384855956096,0.06677828681903109,22.342181216849358,105.6075395532383,329,-0.10190818689433961,0.2433546908540342,91.67844350202618,120.18813773659011,-0.0011310785817268275,0.18165551421266662,data/metadata/20260915T175353868767Z/pass_plus_manifest.json
200,15,2023,00-0030565,G.Smith,546,15,40.21732093221288,0.07365809694544483,0.4816849816849817,31,20,10,0,20693,-0.001131078581726837,0.07478917552717167,40.83488983783573,-4.286636729336308,-0.007850983020762469,0.06580711392468236,36.54825310849942,105.52734604257955,546,-0.052572126937555225,0.1724426514389524,95.75231322494243,114.33265575005949,-0.0011310785817268275,0.18165551421266662,data/metadata/20260915T175353868767Z/pass_plus_manifest.json
200,16,2023,00-0036355,J.Herbert,516,13,25.532853876249604,0.0494822749539721,0.45930232558139533,29,31,8,0,20693,-0.001131078581726837,0.050613353535698936,26.11649042442065,4.330397303500284,0.00839224283624086,0.057874517790212965,30.446887727920934,104.87232082887898,516,-0.11053021173628032,0.19699049573815677,90.96648948736465,116.35966641408473,-0.0011310785817268275,0.18165551421266662,data/metadata/20260915T175353868767Z/pass_plus_manifest.json
200,17,2023,00-0031280,D.Carr,588,17,28.015175217448537,0.04764485581198731,0.4557823129251701,31,9,6,0,20693,-0.001131078581726837,0.048775934393714145,28.680249423503916,-4.102710743849236,-0.006977399224233394,0.04066745658775392,24.57753867965468,103.45146708185362,588,-0.07594492741015987,0.15926627608634758,93.82233048476188,113.24463135869591,-0.0011310785817268275,0.18165551421266662,data/metadata/20260915T175353868767Z/pass_plus_manifest.json
200,18,2023,00-0036442,J.Burrow,402,10,3.454267252900063,0.008592704609204136,0.472636815920398,24,14,4,0,20693,-0.001131078581726837,0.009723783190930974,3.9089608427542513,5.839153261956243,0.014525256870537918,0.023117961479742054,9.748114104710494,102.00233723979446,402,-0.13982527777754125,0.16948519846955296,88.54748232139187,114.0884473937469,-0.0011310785817268275,0.18165551421266662,data/metadata/20260915T175353868767Z/pass_plus_manifest.json
200,19,2023,00-0028118,T.Taylor,217,10,3.6822547506835934,0.01696891590176771,0.4377880184331797,17,26,1,0,20693,-0.001131078581726837,0.018099994483494548,3.927698802918317,-1.3288972155525816,-0.0061239503020856295,0.01084496559968208,2.5988015873657355,100.98890839344864,217,-0.16921693524796033,0.12185436118855308,86.12049922667475,110.15538451750211,-0.0011310785817268275,0.18165551421266662,data/metadata/20260915T175353868767Z/pass_plus_manifest.json
200,20,2023,00-0035289,G.Minshew II,545,16,0.24806581725598553,0.00045516663716694595,0.42201834862385323,34,21,8,0,20693,-0.001131078581726837,0.0015862452188937829,0.8645036442971117,3.1861859065507283,0.005846212672570144,0.0063013793097370895,4.05068955084784,100.6137268601791,545,-0.07170327635867503,0.09684177503977691,94.1725800549334,108.08999831737606,-0.0011310785817268275,0.18165551421266662,data/metadata/20260915T175353868767Z/pass_plus_manifest.json
200,21,2023,00-0036971,T.Lawrence,640,16,-5.695762167269545,-0.008899628386358664,0.4671875,35,41,9,0,20693,-0.001131078581726837,-0.007768549804631826,-4.9718718749643696,5.562788254198998,0.008691856647185935,-0.00020777173917272893,0.5909163792346286,100.07624102520828,640,-0.11932577325327297,0.11870522434142883,90.2402058767255,109.89534808033916,-0.0011310785817268275,0.18165551421266662,data/metadata/20260915T175353868767Z/pass_plus_manifest.json
200,22,2023,00-0035228,K.Murray,301,8,-0.7238242729158819,-0.002404731803707249,0.42857142857142855,18,16,3,0,20693,-0.001131078581726837,-0.001273653221980412,-0.38336961981610396,-0.0021750094017112254,-7.225944856183473e-6,-0.0024119577485634323,-0.3855446292178152,99.894232841839,301,-0.14409140663793873,0.1796818861784068,88.19521152364968,114.9304274255435,-0.0011310785817268275,0.18165551421266662,data/metadata/20260915T175353868767Z/pass_plus_manifest.json
200,23,2023,00-0039152,W.Levis,290,9,-6.594618705980238,-0.022740064503380134,0.4068965517241379,28,9,2,0,20693,-0.001131078581726837,-0.021608985921653296,-6.266605917279455,-0.5541317305628941,-0.0019107990709065314,-0.024650863574286665,-6.82073764784235,98.05788017821813,290,-0.17710541457764797,0.11603754926159088,85.46911690856473,109.67506780769783,-0.0011310785817268275,0.18165551421266662,data/metadata/20260915T175353868767Z/pass_plus_manifest.json
200,24,2023,00-0029263,R.Wilson,524,15,-24.984595046162923,-0.047680524897257485,0.4312977099236641,45,36,10,0,20693,-0.001131078581726837,-0.04654944631553065,-24.39190986933806,2.095810466424404,0.003999638294703061,-0.043680886602554425,-22.296099402913658,96.4864974064855,524,-0.1621890752203323,0.07040921887132229,86.7008168728047,105.90735968818122,-0.0011310785817268275,0.18165551421266662,data/metadata/20260915T175353868767Z/pass_plus_manifest.json
200,25,2023,00-0036945,J.Fields,457,13,-16.35451183523658,-0.035786677976447655,0.40043763676148797,44,43,7,0,20693,-0.001131078581726837,-0.03465559939472082,-15.837608923387414,-4.847512392631177,-0.010607248123919425,-0.04639392610036708,-20.68512131601859,96.26247121799587,457,-0.1898775478283189,0.09182225487762036,84.41447235461094,107.67551707931024,-0.0011310785817268275,0.18165551421266662,data/metadata/20260915T175353868767Z/pass_plus_manifest.json
200,26,2023,00-0026158,J.Flacco,212,5,-11.753382880949896,-0.05544048528749951,0.42452830188679247,8,0,3,0,20693,-0.001131078581726837,-0.054309406705772674,-11.513594221623807,0.8272732101367449,0.0039022321232865327,-0.051538253164212976,-10.686321011487061,95.83768419024095,212,-0.26350164049976027,0.2539287022754516,78.33504561737064,121.06127485003645,-0.0011310785817268275,0.18165551421266662,data/metadata/20260915T175353868767Z/pass_plus_manifest.json
200,27,2023,00-0038579,A.O'Connell,366,11,-21.19013295037342,-0.057896538115774374,0.4180327868852459,24,0,3,0,20693,-0.001131078581726837,-0.05676545953404754,-20.7761581894614,0.44678271422379356,0.0012207177984256655,-0.056675820317348705,-20.329375475237605,95.41345535451832,366,-0.25497883290451484,0.14036079596380682,79.03880687935477,111.68353257748238,-0.0011310785817268275,0.18165551421266662,data/metadata/20260915T175353868767Z/pass_plus_manifest.json
200,28,2023,00-0029701,R.Tannehill,268,9,-19.496621936213163,-0.07274858931422822,0.40298507462686567,32,8,4,0,20693,-0.001131078581726837,-0.07161751073250137,-19.19349287631037,0.3663342592886163,0.0013669188779425981,-0.07138167043628561,-18.82715861702175,94.19913630265728,268,-0.24649762995466576,0.09280707868785155,79.73913268448723,107.75683779901146,-0.0011310785817268275,0.18165551421266662,data/metadata/20260915T175353868767Z/pass_plus_manifest.json
200,29,2023,00-0038122,D.Ridder,436,15,-30.368272388380916,-0.06965200089078191,0.46559633027522934,31,19,5,0,20693,-0.001131078581726837,-0.06852092230905507,-29.875122126748014,-4.419698341977824,-0.010136922802701431,-0.07978892369348334,-34.29482046872584,93.5049168103146,436,-0.22171037636619506,0.05778823276972596,81.7859123016024,104.86519594025165,-0.0011310785817268275,0.18165551421266662,data/metadata/20260915T175353868767Z/pass_plus_manifest.json
200,30,2023,00-0033537,D.Watson,204,6,-19.563064396342952,-0.09589737449187721,0.4068627450980392,17,17,1,0,20693,-0.001131078581726837,-0.09476629591015037,-19.332324365670676,2.2960841059553303,0.01125531424487907,-0.08464206024699814,-17.036240259715346,93.10417451180393,204,-0.2987971052970801,0.10108995299887774,75.4205622654368,108.44078683961112,-0.0011310785817268275,0.18165551421266662,data/metadata/20260915T175353868767Z/pass_plus_manifest.json
200,31,2023,00-0038102,K.Pickett,360,12,-41.875441683321405,-0.11632067134255945,0.4083333333333333,23,14,5,0,20693,-0.001131078581726837,-0.11518959276083261,-41.468253393899744,5.852060770028326,0.016255724361189796,-0.10006494698136965,-35.61619262387142,91.83064696699878,360,-0.258697822540291,0.0673625161636001,78.7317154883864,105.65578163499683,-0.0011310785817268275,0.18165551421266662,data/metadata/20260915T175353868767Z/pass_plus_manifest.json
200,32,2023,00-0033949,J.Dobbs,481,13,-54.955599609343196,-0.11425280584063034,0.4074844074844075,30,34,7,0,20693,-0.001131078581726837,-0.1131217272589035,-54.411550811532585,0.06507427836170163,0.00013528956000353768,-0.1141175162806268,-54.346476533170886,90.67027184487569,481,-0.28822751869562657,0.05222969701954402,76.29333400434584,104.4062060955772,-0.0011310785817268275,0.18165551421266662,data/metadata/20260915T175353868767Z/pass_plus_manifest.json
200,33,2023,00-0037077,S.Howell,709,17,-94.45538552904343,-0.13322339284773402,0.4146685472496474,65,32,11,0,20693,-0.001131078581726837,-0.13209231426600718,-93.6534508145991,-0.03175171094698026,-0.00004478379541181983,-0.13326817664314583,-93.68520252554607,89.08892758080074,709,-0.28117080341469286,-0.01207833664892725,76.87603434059923,99.09604246411278,-0.0011310785817268275,0.18165551421266662,data/metadata/20260915T175353868767Z/pass_plus_manifest.json
200,34,2023,00-0036972,M.Jones,379,11,-64.24622303028094,-0.1695151003437492,0.42744063324538256,22,12,8,0,20693,-0.001131078581726837,-0.16838402176202236,-63.817544247806474,-0.10905052778063298,-0.00028773226327343795,-0.16980283260702264,-63.926594775587105,86.07211941049341,379,-0.3239406485513417,-0.020393041718077733,73.34436242945283,98.40946503442218,-0.0011310785817268275,0.18165551421266662,data/metadata/20260915T175353868767Z/pass_plus_manifest.json
200,35,2023,00-0038476,T.DeVito,237,9,-52.24359167202455,-0.22043709566255085,0.3333333333333333,37,22,4,0,20693,-0.001131078581726837,-0.219306017080824,-51.97552604815529,-0.44348677452041063,-0.0018712522131662896,-0.22230834787571713,-52.4190128226757,81.7365354760119,237,-0.39056305889839343,-0.06314544422917384,67.84309174390766,94.87923342848437,-0.0011310785817268275,0.18165551421266662,data/metadata/20260915T175353868767Z/pass_plus_manifest.json
200,36,2023,00-0039150,B.Young,619,16,-142.51092507624213,-0.23022766571283057,0.36995153473344106,62,31,7,0,20693,-0.001131078581726837,-0.22909658713110373,-141.8107874341532,-6.533809154216465,-0.010555426743483788,-0.24078309245631435,-148.34459658836968,80.21100419825211,619,-0.36068561998192683,-0.1168790442352804,70.31018769576701,90.44224177653817,-0.0011310785817268275,0.18165551421266662,data/metadata/20260915T175353868767Z/pass_plus_manifest.json
200,37,2023,00-0035710,D.Jones,210,6,-51.55875695913626,-0.24551789028160123,0.3952380952380952,30,20,3,0,20693,-0.001131078581726837,-0.2443868116998744,-51.32123045697362,-0.8834013735155073,-0.0042066732072167014,-0.24972456348881794,-52.20463183048913,79.47267227329587,210,-0.47623913048407507,0.02118387260726775,60.768486387966234,101.84263202405765,-0.0011310785817268275,0.18165551421266662,data/metadata/20260915T175353868767Z/pass_plus_manifest.json
200,38,2023,00-0037013,Z.Wilson,436,12,-108.69271014196475,-0.2492952067476256,0.3738532110091743,46,25,7,0,20693,-0.001131078581726837,-0.24816412816589875,-108.19955988033185,-0.9012652876675312,-0.002067122219420943,-0.2513623289670465,-109.10082516799937,79.33743562892587,436,-0.3886620169003847,-0.11361943689842742,68.00006815111294,90.7114001902792,-0.0011310785817268275,0.18165551421266662,data/metadata/20260915T175353868767Z/pass_plus_manifest.json
200,39,2023,00-0038108,B.Zappe,246,10,-80.29737538995727,-0.3264120950811271,0.33739837398373984,25,10,2,0,20693,-0.001131078581726837,-0.3252810164994003,-80.01913005885247,1.8921391346904373,0.007691622498741615,-0.3187204725823855,-78.12699092416203,73.77541259533258,246,-0.5210713954128653,-0.12376692871438623,57.066512479568566,89.87348245406787,-0.0011310785817268275,0.18165551421266662,data/metadata/20260915T175353868767Z/pass_plus_manifest.json
200,1,2024,00-0034796,L.Jackson,538,17,191.58730195233042,0.3561102266771941,0.533457249070632,23,46,9,0,20116,0.05235087245648106,0.30375935422071304,163.4225325707436,1.4839146273095434,0.0027582056269694114,0.35886843230416354,164.90644719805314,124.25860978219134,538,0.21117170959243364,0.5323229757924667,112.56950079883381,137.9862607772007,0.052350872456481054,0.18953119898447496,data/metadata/20260915T175356430768Z/pass_plus_manifest.json
200,2,2024,00-0034857,J.Allen,539,16,163.89117417164763,0.3040652582034279,0.49907235621521334,14,43,9,0,20116,0.05235087245648106,0.2517143857469468,135.67405391760434,-3.046123467387728,-0.005651435004429922,0.29841382319899795,132.6279304502166,119.47407224200639,539,0.1673469621550111,0.4284332858810617,109.10109446212729,129.76415614735174,0.052350872456481054,0.18953119898447496,data/metadata/20260915T175356430768Z/pass_plus_manifest.json
200,3,2024,00-0033106,J.Goff,581,17,160.8769769553907,0.2768966901125485,0.5421686746987951,31,14,12,0,20116,0.05235087245648106,0.22454581765606746,130.4611200581752,1.3438083858320595,0.0023129232114149044,0.27920961332396343,131.80492844400726,117.95420031765312,581,0.11381612049215777,0.4501307093126688,104.86452217616517,131.48134758189107,0.052350872456481054,0.18953119898447496,data/metadata/20260915T175356430768Z/pass_plus_manifest.json
200,4,2024,00-0036212,T.Tagovailoa,425,11,93.42606781184945,0.219826041910234,0.5341176470588235,21,7,8,0,20116,0.05235087245648106,0.16747516945375293,71.176947017845,-3.182384148183699,-0.007487962701608703,0.2123380792086253,67.9945628696613,112.66181037285972,425,0.044017239991461045,0.369871799454248,99.34045430174513,125.12944533926913,0.052350872456481054,0.18953119898447496,data/metadata/20260915T175356430768Z/pass_plus_manifest.json
200,5,2024,00-0034855,B.Mayfield,651,17,127.90208926871232,0.19647018320846746,0.522273425499232,40,42,10,0,20116,0.05235087245648106,0.1441193107519864,93.82167129954314,-2.469006794866413,-0.0037926371656934145,0.19267754604277404,91.35266450467672,111.10582381725351,651,0.04750465540628514,0.33968881471720636,99.61645757457117,122.7406841565115,0.052350872456481054,0.18953119898447496,data/metadata/20260915T175356430768Z/pass_plus_manifest.json
200,6,2024,00-0037834,B.Purdy,525,15,97.75480343629614,0.18619962559294503,0.5066666666666667,31,44,7,0,20116,0.05235087245648106,0.13384875313646397,70.27059539664359,0.7006427842727606,0.001334557684329068,0.1875341832772741,70.97123818091634,110.69876449458853,525,0.041544081342943,0.32917770338284635,99.14472198998567,121.90880702567398,0.052350872456481054,0.18953119898447496,data/metadata/20260915T175356430768Z/pass_plus_manifest.json
200,7,2024,00-0036442,J.Burrow,721,17,121.2865044348199,0.1682198397154229,0.5187239944521498,48,22,9,0,20116,0.05235087245648106,0.11586896725894183,83.54152539369706,4.5954355206180955,0.006373696977278912,0.1745935366927018,88.13696091431515,109.67460752302586,721,0.08005284229122964,0.26311405747997935,102.19240710631111,116.68035548918485,0.052350872456481054,0.18953119898447496,data/metadata/20260915T175356430768Z/pass_plus_manifest.json
200,8,2024,00-0039910,J.Daniels,597,17,105.35591726046684,0.17647557330061447,0.48576214405360135,47,72,11,0,20116,0.05235087245648106,0.1241247008441334,74.10244640394765,-2.326660047035812,-0.003897253010110238,0.17257832029050424,71.77578635691184,109.51511797093664,597,0.057411977445065744,0.2872443824772535,100.40054922480066,118.59009318355126,0.052350872456481054,0.18953119898447496,data/metadata/20260915T175356430768Z/pass_plus_manifest.json
200,9,2024,00-0033873,P.Mahomes,652,16,103.48635474333672,0.1587214029805778,0.5076687116564417,36,37,7,0,20116,0.05235087245648106,0.10637053052409673,69.35358590171106,2.2695541623784408,0.0034809112919914737,0.16220231427256926,71.6231400640895,108.6939334319111,652,0.0776301723193782,0.24803160852347217,102.00067060185968,115.48669061733365,0.052350872456481054,0.18953119898447496,data/metadata/20260915T175356430768Z/pass_plus_manifest.json
200,10,2024,00-0036389,J.Hurts,437,15,75.21001991794212,0.17210530873670965,0.482837528604119,38,39,8,0,20116,0.05235087245648106,0.11975443628022858,52.3326886544599,-6.521479013715504,-0.014923292937564081,0.15718201579914556,45.811209640744394,108.29661374256791,437,0.02396741211403514,0.29046848142115084,97.75365793379716,118.84525689494858,0.052350872456481054,0.18953119898447496,data/metadata/20260915T175356430768Z/pass_plus_manifest.json
200,11,2024,00-0036264,J.Love,451,15,59.050819980180414,0.13093308199596543,0.4745011086474501,14,12,12,0,20116,0.05235087245648106,0.07858220953948436,35.44057650230745,6.554095940126138,0.014532363503605627,0.14546544549957105,41.99467244243359,107.3693334033135,451,0.03725397969445163,0.2731589854652937,98.8051920072062,117.47533763770204,0.052350872456481054,0.18953119898447496,data/metadata/20260915T175356430768Z/pass_plus_manifest.json
200,12,2024,00-0036355,J.Herbert,573,17,74.45434490888152,0.1299377747100899,0.4537521815008726,41,31,5,0,20116,0.05235087245648106,0.07758690225360884,44.45729499131788,1.8189358947084373,0.003174408193208442,0.13311218290329835,46.27623088602632,106.39166355298312,573,0.005900193846838368,0.25897371886683107,96.32377053024545,116.35267814883146,0.052350872456481054,0.18953119898447496,data/metadata/20260915T175356430768Z/pass_plus_manifest.json
200,13,2024,00-0031280,D.Carr,295,10,41.81055309713359,0.14173068846485964,0.43728813559322033,8,8,6,0,20116,0.05235087245648106,0.08937981600837858,26.36704572247168,-4.296386663445632,-0.014564022587951295,0.12716666587690834,22.07065905902605,105.92111962209628,295,0.03477121623239887,0.26027741812580507,98.60869954511905,116.45585635373592,0.052350872456481054,0.18953119898447496,data/metadata/20260915T175356430768Z/pass_plus_manifest.json
200,14,2024,00-0035228,K.Murray,611,17,67.89961298659588,0.11112866282585251,0.49918166939443537,30,41,10,0,20116,0.05235087245648106,0.05877779036937145,35.91322991568596,5.232804203361383,0.008564327665075913,0.11969299049092842,41.14603411904734,105.32963319985885,611,0.014135663663577663,0.24486474210284315,96.97554737708114,115.23605643908775,0.052350872456481054,0.18953119898447496,data/metadata/20260915T175356430768Z/pass_plus_manifest.json
200,15,2024,00-0034869,S.Darnold,620,17,52.99291552288842,0.08547244439175551,0.49516129032258066,48,28,10,0,20116,0.05235087245648106,0.03312157193527445,20.53537459987016,0.3113141532559023,0.0005021196020256488,0.08597456399378116,20.846688753126063,102.66106781238067,620,-0.050650740147007454,0.21070027833809402,91.84818015540077,112.53219048341882,0.052350872456481054,0.18953119898447496,data/metadata/20260915T175356430768Z/pass_plus_manifest.json
200,16,2024,00-0026498,M.Stafford,547,16,38.756686665390454,0.07085317489102459,0.48811700182815354,28,3,7,0,20116,0.05235087245648106,0.01850230243454353,10.120759431695312,7.535132557308769,0.013775379446633946,0.08462855433765853,17.655891989004083,102.55454105082363,547,-0.048564514085657956,0.23473735667145068,92.01328959958683,114.434548390361,0.052350872456481054,0.18953119898447496,data/metadata/20260915T175356430768Z/pass_plus_manifest.json
200,17,2024,00-0039732,B.Nix,640,17,38.95707177327177,0.060870424645737144,0.4375,24,50,8,0,20116,0.05235087245648106,0.008519552189256083,5.452513401123895,-2.3733046337482744,-0.0037082884902316787,0.057162136155505465,3.0792087673756203,100.38077612483883,640,-0.09440719423654217,0.21468243108938778,88.38517873473872,112.84734857659532,0.052350872456481054,0.18953119898447496,data/metadata/20260915T175356430768Z/pass_plus_manifest.json
200,18,2024,00-0029604,K.Cousins,480,14,17.133125602520035,0.03569401167191674,0.48125,28,3,4,0,20116,0.05235087245648106,-0.01665686078456432,-7.995293176590874,3.1113521571836875,0.006481983660799349,0.04217599533271609,-4.883941019407186,99.19473333322301,480,-0.11110862485683233,0.1920075785911739,87.06338337520599,111.0528008224756,0.052350872456481054,0.18953119898447496,data/metadata/20260915T175356430768Z/pass_plus_manifest.json
200,19,2024,00-0030565,G.Smith,650,17,23.897968278163194,0.036766105043327994,0.47384615384615386,50,24,9,0,20116,0.05235087245648106,-0.015584767413153067,-10.130098818549495,0.6516063386803322,0.0010024712902774343,0.037768576333605426,-9.478492479869162,98.84591854525728,650,-0.02376734475162338,0.09908417898293799,93.97580311716862,103.69859739004909,0.052350872456481054,0.18953119898447496,data/metadata/20260915T175356430768Z/pass_plus_manifest.json
200,20,2024,00-0038579,A.O'Connell,255,9,6.957532488460273,0.027284441131216756,0.45098039215686275,10,3,2,0,20116,0.05235087245648106,-0.025066431325264305,-6.391939987942398,-1.4160971590236169,-0.005553322192249478,0.02173111893896728,-7.808037146966015,97.57667178161877,255,-0.11895532280185718,0.1561771146189552,86.4423749617837,108.21708320731238,0.052350872456481054,0.18953119898447496,data/metadata/20260915T175356430768Z/pass_plus_manifest.json
200,21,2024,00-0036971,T.Lawrence,314,10,0.8311977563876098,0.0026471266126993943,0.43312101910828027,18,13,2,0,20116,0.05235087245648106,-0.04970374584378166,-15.606976194947443,2.6322711601612565,0.008383029172488078,0.011030155785187472,-12.974705034786187,96.72976927603263,314,-0.1646317896119776,0.1922625231596395,82.82741866000919,111.07297780941747,0.052350872456481054,0.18953119898447496,data/metadata/20260915T175356430768Z/pass_plus_manifest.json
200,22,2024,00-0029263,R.Wilson,387,11,3.1340429312891853,0.008098302148034071,0.42377260981912146,33,20,6,0,20116,0.05235087245648106,-0.04425257030844699,-17.125744709368988,0.20020458105451844,0.0005173244988488848,0.008615626646882956,-16.92554012831447,96.53867705866352,387,-0.1310628771222493,0.16151995103032163,85.48415111378938,108.63992940150051,0.052350872456481054,0.18953119898447496,data/metadata/20260915T175356430768Z/pass_plus_manifest.json
200,23,2024,00-0023459,A.Rodgers,640,17,3.2855196257955948,0.005133624415305617,0.4328125,40,16,12,0,20116,0.05235087245648106,-0.04721724804117544,-30.219038746352282,-0.13358087409954633,-0.00020872011578054115,0.004924904299525076,-30.35261962045183,96.24658353787646,640,-0.13993797861237955,0.14382921774700547,84.78175212583774,107.239838014586,0.052350872456481054,0.18953119898447496,data/metadata/20260915T175356430768Z/pass_plus_manifest.json
200,24,2024,00-0036972,M.Jones,290,10,-1.204768958323846,-0.004154375718358089,0.4206896551724138,14,14,1,0,20116,0.05235087245648106,-0.05650524817483915,-16.386521970703352,0.5213022099070425,0.0017975938272656636,-0.0023567818910924256,-15.86521976079631,95.67029164796863,290,-0.2145484143708236,0.17093763509156884,78.87688505185098,109.38526980812284,0.052350872456481054,0.18953119898447496,data/metadata/20260915T175356430768Z/pass_plus_manifest.json
200,25,2024,00-0034771,M.Rudolph,249,8,2.9692487740900413,0.011924693871847556,0.4819277108433735,11,13,0,0,20116,0.05235087245648106,-0.0404261785846335,-10.066118467573745,-3.572595708543096,-0.014347773929891951,-0.002423080058044395,-13.63871417611684,95.66504463581649,249,-0.14042910910439746,0.14912626496295092,84.74288276068974,107.65906033083216,0.052350872456481054,0.18953119898447496,data/metadata/20260915T175356430768Z/pass_plus_manifest.json
200,26,2024,00-0039851,D.Maye,416,13,1.2279524613559243,0.0029518088013363564,0.4807692307692308,34,45,8,0,20116,0.05235087245648106,-0.0493990636551447,-20.550010480540195,-2.2842199638005,-0.005490913374520433,-0.0025391045731840765,-22.834230444340694,95.65586214904692,416,-0.142248608863787,0.12465403928712296,84.59888274097224,105.72226371315504,0.052350872456481054,0.18953119898447496,data/metadata/20260915T175356430768Z/pass_plus_manifest.json
200,27,2024,00-0026158,J.Flacco,269,7,4.050267898661813,0.015056757987590383,0.46096654275092935,18,3,3,0,20116,0.05235087245648106,-0.03729411446889068,-10.032116792131593,-6.395457847358357,-0.023774936235532926,-0.008718178247942543,-16.42757463948995,95.1668339277409,269,-0.16613063754511712,0.139863087563791,82.70879587327246,106.92594798979336,0.052350872456481054,0.18953119898447496,data/metadata/20260915T175356430768Z/pass_plus_manifest.json
200,28,2024,00-0039163,C.Stroud,620,17,-4.369104051435761,-0.007046942018444775,0.42258064516129035,52,37,8,0,20116,0.05235087245648106,-0.059397814474925835,-36.82664497445402,-5.1543600329348855,-0.008313483924088524,-0.015360425942533298,-41.9810050073889,94.64114889038183,620,-0.12409833380272245,0.08676139702073185,86.0353434787016,102.72333985765606,0.052350872456481054,0.18953119898447496,data/metadata/20260915T175356430768Z/pass_plus_manifest.json
200,29,2024,00-0039150,B.Young,450,14,-11.356573473976056,-0.025236829942169012,0.4066666666666667,29,37,8,0,20116,0.05235087245648106,-0.07758770239865007,-34.91446607939253,2.3062265745734423,0.005124947943496538,-0.020111881998672473,-32.60823950481909,94.26510610046667,450,-0.20860118228750665,0.14618291450257975,79.34756471687574,107.42611579641182,0.052350872456481054,0.18953119898447496,data/metadata/20260915T175356430768Z/pass_plus_manifest.json
200,30,2024,00-0039918,C.Williams,676,17,-30.44836130489553,-0.04504195459304073,0.40532544378698226,68,50,4,0,20116,0.05235087245648106,-0.09739282704952179,-65.83755108547673,4.854416158334128,0.007181088991618532,-0.0378608656014222,-60.98313492714261,92.86040462932232,676,-0.17460003269909638,0.10209438128748964,82.03850555700588,103.93683275610074,0.052350872456481054,0.18953119898447496,data/metadata/20260915T175356430768Z/pass_plus_manifest.json
200,31,2024,00-0033077,D.Prescott,311,8,-15.198715209329077,-0.04887046691102597,0.4212218649517685,21,6,3,0,20116,0.05235087245648106,-0.10122133936750703,-31.479836543294688,1.3685719824462286,0.004400552998219384,-0.04446991391280659,-30.11126456084846,92.33734707889292,311,-0.24194246474356998,0.1322229243752227,76.70884750556365,106.32128528284815,0.052350872456481054,0.18953119898447496,data/metadata/20260915T175356430768Z/pass_plus_manifest.json
200,32,2024,00-0031503,J.Winston,327,9,-23.95938729454834,-0.07327029753684508,0.42201834862385323,24,8,4,0,20116,0.05235087245648106,-0.12562116999332615,-41.078122587817646,3.5820855868268815,0.010954390173782512,-0.06231590736306257,-37.49603700099077,90.92496799202941,327,-0.26814940630689893,0.13656008885870266,74.63476088786577,106.66453994277106,0.052350872456481054,0.18953119898447496,data/metadata/20260915T175356430768Z/pass_plus_manifest.json
200,33,2024,00-0035710,D.Jones,381,10,-27.942026890727288,-0.07333865325650207,0.4304461942257218,29,15,4,0,20116,0.05235087245648106,-0.12568952571298314,-47.88770929664658,-0.796583443251984,-0.002090770192262425,-0.0754294234487645,-48.68429273989856,89.88712967127019,381,-0.24551431194172946,0.10038756729617321,76.42616207825951,103.80175098588599,0.052350872456481054,0.18953119898447496,data/metadata/20260915T175356430768Z/pass_plus_manifest.json
200,34,2024,00-0039164,A.Richardson,297,11,-34.007927177258786,-0.11450480531063564,0.367003367003367,14,21,3,0,20116,0.05235087245648106,-0.1668556777671167,-49.55613629683366,3.254524547859895,0.010957995110639378,-0.10354681019999626,-46.30161174897376,87.66184537228243,297,-0.24054796743309284,0.05253788547529812,76.81921170823443,100.01480070456624,0.052350872456481054,0.18953119898447496,data/metadata/20260915T175356430768Z/pass_plus_manifest.json
200,35,2024,00-0033662,C.Rush,324,11,-34.90090198894915,-0.10771883329922577,0.404320987654321,13,4,4,0,20116,0.05235087245648106,-0.16006970575570684,-51.86258466484901,-0.07844122178438395,-0.00024210253637155541,-0.10796093583559732,-51.94102588663339,87.31249980337986,324,-0.28943005097004965,0.07117593835130451,72.95055442656749,101.48986546771903,0.052350872456481054,0.18953119898447496,data/metadata/20260915T175356430768Z/pass_plus_manifest.json
200,36,2024,00-0035289,G.Minshew II,343,10,-42.38802869492164,-0.12358025858577737,0.4489795918367347,29,11,4,0,20116,0.05235087245648106,-0.17593113104225844,-60.34437794749464,1.3095544316083891,0.003817942949295595,-0.11976231563648178,-59.03482351588625,86.3785074160486,343,-0.288167535342484,0.023140291326639736,73.05047325003801,97.68819740868356,0.052350872456481054,0.18953119898447496,data/metadata/20260915T175356430768Z/pass_plus_manifest.json
200,37,2024,00-0035704,D.Lock,202,7,-25.175172898342595,-0.12462956880367622,0.4306930693069307,12,10,1,0,20116,0.05235087245648106,-0.17698044126015727,-35.75004913455177,-0.35458815733861027,-0.0017553869175178725,-0.1263849557211941,-36.104637291890384,85.85437417675631,202,-0.4379060454770792,0.3897442068154798,61.199771813791045,126.70220017866046,0.052350872456481054,0.18953119898447496,data/metadata/20260915T175356430768Z/pass_plus_manifest.json
200,38,2024,00-0039152,W.Levis,362,12,-59.634115467870984,-0.16473512560185355,0.3674033149171271,41,20,3,0,20116,0.05235087245648106,-0.21708599805833462,-78.58513129711713,3.6694473872041735,0.010136594992276723,-0.15459853060957682,-74.91568390991296,83.62147729437862,362,-0.30740227334096126,-0.019943642135244702,71.52818524931264,94.2784210478998,0.052350872456481054,0.18953119898447496,data/metadata/20260915T175356430768Z/pass_plus_manifest.json
200,39,2024,00-0033537,D.Watson,270,7,-57.021373468227715,-0.2111902721045471,0.34444444444444444,33,21,5,0,20116,0.05235087245648106,-0.2635411445610282,-71.1561090314776,-4.219744856365771,-0.01562868465320656,-0.22681895675775365,-75.37585388784336,77.90576189750936,270,-0.3443076250650248,-0.07174876101653874,68.60739817664553,90.17842702378633,0.052350872456481054,0.18953119898447496,data/metadata/20260915T175356430768Z/pass_plus_manifest.json
200,40,2024,00-0039376,S.Rattler,263,7,-72.93719525641929,-0.2773277386175638,0.38022813688212925,22,14,9,0,20116,0.05235087245648106,-0.3296786110740449,-86.7054747124738,2.071376077422674,0.007875954667006364,-0.26945178395055747,-84.63409863505113,74.53168727909026,263,-0.4304160220204391,-0.056121910195765845,61.79255206554687,91.41517729797624,0.052350872456481054,0.18953119898447496,data/metadata/20260915T175356430768Z/pass_plus_manifest.json
200,1,2025,00-0039851,D.Maye,601,17,190.20665555794244,0.31648361989674284,0.5524126455906821,47,62,5,0,19734,0.04314511131264041,0.2733385085841024,164.27644365904555,-11.690085714604598,-0.01945105776140532,0.2970325621353375,152.58635794444095,120.31037514418865,601,0.17675823420198275,0.44660783976689766,110.68872305927505,132.27603154488529,0.04314511131264042,0.18750573218388425,data/metadata/20260915T175358573019Z/pass_plus_manifest.json
200,2,2025,00-0036264,J.Love,483,15,125.08711844334718,0.2589795412905739,0.5031055900621118,21,24,7,0,19734,0.04314511131264041,0.21583442997793345,104.24802967934187,-2.3948951654580415,-0.004958375083764061,0.2540211662068098,101.85313451388383,116.86956866102895,483,0.1461420125118693,0.36340160633497864,108.23950020084357,125.6197363642409,0.04314511131264042,0.18750573218388425,data/metadata/20260915T175358573019Z/pass_plus_manifest.json
200,3,2025,00-0026498,M.Stafford,624,17,139.23713701684244,0.22313643752699108,0.5272435897435898,23,7,9,0,19734,0.04314511131264041,0.17999132621435066,112.31458755775482,-1.655811703482815,-0.002653544396607075,0.220482893130384,110.65877585427201,114.18658883802797,624,0.10602894155672717,0.3252113611948322,105.03055262724588,122.56461015327041,0.04314511131264042,0.18750573218388425,data/metadata/20260915T175358573019Z/pass_plus_manifest.json
200,4,2025,00-0037834,B.Purdy,313,9,64.60992821492869,0.20642149589434086,0.5335463258785943,11,18,1,0,19734,0.04314511131264041,0.16327638458170046,51.10550837407224,4.140601002162251,0.013228757195406553,0.21965025308974742,55.246109376234486,114.119979671129,313,0.01915669474257888,0.39993369229038495,98.08098534183453,128.5422138957208,0.04314511131264042,0.18750573218388425,data/metadata/20260915T175358573019Z/pass_plus_manifest.json
200,5,2025,00-0033873,P.Mahomes,586,14,98.04011201882213,0.16730394542461113,0.49829351535836175,34,52,13,0,19734,0.04314511131264041,0.12415883411197072,72.75707678961484,9.07892478653123,0.015493045710804147,0.18279699113541528,81.83600157614607,111.17180884522135,586,0.05903684867154557,0.2919497653000811,101.27130012297333,119.90376382814591,0.04314511131264042,0.18750573218388425,data/metadata/20260915T175358573019Z/pass_plus_manifest.json
200,6,2025,00-0033106,J.Goff,619,17,109.3703506834146,0.17668877331730953,0.4862681744749596,38,5,6,0,19734,0.04314511131264041,0.1335436620046691,82.66352678089018,1.5443338252253045,0.0024948850165190705,0.1791836583338286,84.20786060611549,110.88275105806716,619,0.038655080865271994,0.3190270557646754,99.64080854528503,122.06988084354788,0.04314511131264042,0.18750573218388425,data/metadata/20260915T175358573019Z/pass_plus_manifest.json
200,7,2025,00-0034857,J.Allen,547,16,93.89419151296364,0.1716530009377763,0.48811700182815354,40,48,13,0,19734,0.04314511131264041,0.12850788962513587,70.29381562494933,-2.237327105542112,-0.004090177523842983,0.1675628234139333,68.05648851940722,109.95311268505206,547,0.03752615803553173,0.2895057462329052,99.55049747986385,119.70824828000423,0.04314511131264042,0.18750573218388425,data/metadata/20260915T175358573019Z/pass_plus_manifest.json
200,8,2025,00-0033077,D.Prescott,654,17,110.75132310238685,0.16934453073759456,0.4847094801223242,31,26,12,0,19734,0.04314511131264041,0.12619941942495416,82.53442030392002,-4.463357117057088,-0.006824705071952734,0.16251982566564183,78.07106318686293,109.54968519863161,654,0.056585675061241125,0.2683089165872748,101.07521222887894,118.01255374852909,0.04314511131264042,0.18750573218388425,data/metadata/20260915T175358573019Z/pass_plus_manifest.json
200,9,2025,00-0035710,D.Jones,426,13,67.82943711503373,0.15922403078646416,0.5070422535211268,22,22,6,0,19734,0.04314511131264041,0.11607891947382375,49.44961969584891,-0.32519796425844305,-0.0007633755029540916,0.15846065528351008,49.124421731590466,109.22496149539961,426,0.004011154591111916,0.30976354740684175,96.86937917051381,121.32882283028545,0.04314511131264042,0.18750573218388425,data/metadata/20260915T175358573019Z/pass_plus_manifest.json
200,10,2025,00-0036972,M.Jones,310,8,40.583557674090585,0.13091470217448575,0.5225806451612903,16,8,4,0,19734,0.04314511131264041,0.08776959086184534,27.208573167172055,3.7650255346654786,0.01214524366021122,0.14305994583469697,30.973598701837535,107.99294240434779,310,0.01785625465663542,0.2745193108581226,97.97695331538948,118.50937010170254,0.04314511131264042,0.18750573218388425,data/metadata/20260915T175358573019Z/pass_plus_manifest.json
200,11,2025,00-0034869,S.Darnold,514,17,67.08923651525515,0.13052380644991274,0.5233463035019456,27,14,11,0,19734,0.04314511131264041,0.08737869513727232,44.91264930055798,2.0074324909066092,0.003905510682697683,0.13442931713261042,46.92008179146459,107.30251321573856,514,-0.03522128262334486,0.32233439704993666,93.73088014244286,122.33446005774633,0.04314511131264042,0.18750573218388425,data/metadata/20260915T175358573019Z/pass_plus_manifest.json
200,12,2025,00-0039163,C.Stroud,468,14,55.36744336172861,0.11830650290967652,0.4636752136752137,23,25,9,0,19734,0.04314511131264041,0.07516139159703611,35.17553126741289,1.8687195392751903,0.003992990468536731,0.12229949337821325,37.04425080668808,106.33215698077544,468,-0.007713624907506161,0.2703742885085285,95.93142548541368,118.17777845103804,0.04314511131264042,0.18750573218388425,data/metadata/20260915T175358573019Z/pass_plus_manifest.json
200,13,2025,00-0039732,B.Nix,669,17,76.09520346887987,0.11374469875766798,0.4484304932735426,22,36,11,0,19734,0.04314511131264041,0.07059958744502756,47.23112400072344,-0.8022981347664584,-0.0011992498277525537,0.11254544892991541,46.42882586595698,105.55185727995892,669,0.018885913743685586,0.205594822119852,98.05932352416052,112.99557956830083,0.04314511131264042,0.18750573218388425,data/metadata/20260915T175358573019Z/pass_plus_manifest.json
200,14,2025,00-0039918,C.Williams,633,17,70.56154048219744,0.1114716279339612,0.4486571879936809,24,43,10,0,19734,0.04314511131264041,0.06832651662132079,43.250685021296064,-2.041612498749406,-0.0032252962065551435,0.10824633172740605,41.209072522546656,105.20793841792435,633,0.036199831709529035,0.19004001111542707,99.44439461752293,111.7512327296796,0.04314511131264042,0.18750573218388425,data/metadata/20260915T175358573019Z/pass_plus_manifest.json
200,15,2025,00-0036442,J.Burrow,284,8,26.16398726625015,0.09212671572623292,0.4859154929577465,17,8,2,0,19734,0.04314511131264041,0.048981604413592505,13.910775653460272,1.2763846916377015,0.004494312294498949,0.09662102802073187,15.187160345097974,104.27794255289606,284,-0.13434801508257924,0.33589400257824786,85.8009839756935,123.41919533786674,0.04314511131264042,0.18750573218388425,data/metadata/20260915T175358573019Z/pass_plus_manifest.json
200,16,2025,00-0036971,T.Lawrence,641,17,53.16949418214086,0.08294772883329307,0.4711388455538221,41,43,10,0,19734,0.04314511131264041,0.03980261752065266,25.513477830738353,3.9127689025348658,0.00610416365450057,0.08905189248779365,29.426246733273217,103.67243022177048,641,-0.02253799945647278,0.2182429862703039,94.74551177683207,114.0074017672655,0.04314511131264042,0.18750573218388425,data/metadata/20260915T175358573019Z/pass_plus_manifest.json
200,17,2025,00-0036389,J.Hurts,524,16,45.38151167233306,0.08660593830597912,0.4446564885496183,32,40,6,0,19734,0.04314511131264041,0.04346082699333871,22.773473344509487,0.10979747031824638,0.00020953715709589004,0.08681547546307501,22.883270814827732,103.493522329302,524,-0.0403257049179347,0.23306445185054436,93.3225388425419,115.19308276546336,0.04314511131264042,0.18750573218388425,data/metadata/20260915T175358573019Z/pass_plus_manifest.json
200,18,2025,00-0034855,B.Mayfield,620,17,38.88631993968265,0.06271987087045588,0.45,36,42,9,0,19734,0.04314511131264041,0.01957475955781547,12.136350925845594,5.9672405766439915,0.009624581575232244,0.07234445244568813,18.103591502489586,102.33587587907012,620,-0.08688158553974132,0.22899772945181582,89.59818225251378,114.86775491937327,0.04314511131264042,0.18750573218388425,data/metadata/20260915T175358573019Z/pass_plus_manifest.json
200,19,2025,00-0034796,L.Jackson,366,13,22.266072399064488,0.0608362633854221,0.4644808743169399,36,30,4,0,19734,0.04314511131264041,0.017691152072781685,6.474961658638096,-0.6627554795920685,-0.0018108073212898047,0.059025456064132294,5.8122061790460275,101.27038874224269,366,-0.13538538356545216,0.2509872882730946,85.71799703411119,116.6268658461566,0.04314511131264042,0.18750573218388425,data/metadata/20260915T175358573019Z/pass_plus_manifest.json
200,20,2025,00-0036355,J.Herbert,615,16,33.479670393680934,0.05443848844500965,0.4666666666666667,54,49,12,0,19734,0.04314511131264041,0.011293377132369234,6.945426936407081,0.6357259067170246,0.0010337006613284952,0.055472189106338145,7.581152843124106,100.98613607569143,615,-0.09209943288503271,0.21176380345934856,89.18076722595546,113.48908298824801,0.04314511131264042,0.18750573218388425,data/metadata/20260915T175358573019Z/pass_plus_manifest.json
200,21,2025,00-0040691,J.Dart,411,13,20.469719441998897,0.0498046701751798,0.44525547445255476,35,38,12,0,19734,0.04314511131264041,0.006659558862539383,2.7370786925036867,1.779023317818794,0.004328523887636968,0.05413319406281676,4.516102010322481,100.87901974693236,411,-0.10228851098557372,0.187171586147656,88.3656658969026,111.52176574744159,0.04314511131264042,0.18750573218388425,data/metadata/20260915T175358573019Z/pass_plus_manifest.json
200,22,2025,00-0032268,M.Mariota,259,10,7.92205341212053,0.030587078811276175,0.4826254826254826,16,18,6,0,19734,0.04314511131264041,-0.012558032501364239,-3.252530417853338,3.8748303577944365,0.014960734972179292,0.04554781378345547,0.6222999399410987,100.19221032147904,259,-0.22415690668406496,0.24403748228235192,78.6164922893211,116.07089836373902,0.04314511131264042,0.18750573218388425,data/metadata/20260915T175358573019Z/pass_plus_manifest.json
200,23,2025,00-0023459,A.Rodgers,536,16,18.54329392032405,0.03459569761254487,0.43097014925373134,29,12,5,0,19734,0.04314511131264041,-0.008549413700095543,-4.582485743251212,1.0959562053728045,0.0020446944130089635,0.03664039202555383,-3.4865295378784076,99.47963836534548,536,-0.10217309759787342,0.16500087522960746,88.37489868565706,109.74816309595256,0.04314511131264042,0.18750573218388425,data/metadata/20260915T175358573019Z/pass_plus_manifest.json
200,24,2025,00-0039910,J.Daniels,242,7,4.658640498833239,0.01925058057369107,0.4628099173553719,18,38,6,0,19734,0.04314511131264041,-0.023894530738949343,-5.782476438825742,1.5345115595521945,0.006340956857653696,0.025591537431344766,-4.247964879273548,98.59575701951759,242,-0.1748010702056588,0.24915583236746403,82.5648385001455,116.48035385281916,0.04314511131264042,0.18750573218388425,data/metadata/20260915T175358573019Z/pass_plus_manifest.json
200,25,2025,00-0039917,M.Penix,302,9,9.411865906110542,0.031165118894405767,0.4602649006622517,13,13,6,0,19734,0.04314511131264041,-0.011979992418234647,-3.6179577103068628,-2.3444184316119356,-0.00776297493911237,0.023402143955293397,-5.962376141918798,98.420610895939,302,-0.2128356810024373,0.27219904194727984,79.52216265601622,118.32375426341709,0.04314511131264042,0.18750573218388425,data/metadata/20260915T175358573019Z/pass_plus_manifest.json
200,26,2025,00-0036212,T.Tagovailoa,423,14,7.675573918918266,0.018145564820137745,0.4444444444444444,30,11,6,0,19734,0.04314511131264041,-0.024999546492502668,-10.574808166328628,-2.08346269694457,-0.004925443728001347,0.013220121092136397,-12.658270863273199,97.60607396862217,423,-0.17572997161868759,0.17635859184544272,82.49052865887745,110.65675264813999,0.04314511131264042,0.18750573218388425,data/metadata/20260915T175358573019Z/pass_plus_manifest.json
200,27,2025,00-0033119,J.Brissett,549,13,0.22407575398072188,0.0004081525573419342,0.453551912568306,43,22,7,0,19734,0.04314511131264041,-0.04273695875529848,-23.462590356658865,3.250639590053417,0.005921019289714785,0.006329171847056719,-20.211950766605447,97.05481488191421,549,-0.0468647659082765,0.05943844661400256,92.799429955615,101.30342697619906,0.04314511131264042,0.18750573218388425,data/metadata/20260915T175358573019Z/pass_plus_manifest.json
200,28,2025,00-0039150,B.Young,536,16,-5.591317618576004,-0.010431562721223888,0.43843283582089554,27,33,5,0,19734,0.04314511131264041,-0.053576674033864305,-28.717097282151265,-0.9813073491969094,-0.0018307972932778162,-0.012262360014501704,-29.698404631348176,95.5675378015,536,-0.14995174814315063,0.12137637663634836,84.55272349222713,106.25830989905319,0.04314511131264042,0.18750573218388425,data/metadata/20260915T175358573019Z/pass_plus_manifest.json
200,29,2025,00-0040743,T.Shough,375,11,1.1195352224291515,0.002985427259811071,0.448,31,20,4,0,19734,0.04314511131264041,-0.04015968405282934,-15.059881519811002,-7.605767907641034,-0.020282047753709422,-0.01729662049389835,-22.665649427452035,95.16480927522277,375,-0.15419883528027337,0.1361292931213384,84.2129669081758,107.43850713727858,0.04314511131264042,0.18750573218388425,data/metadata/20260915T175358573019Z/pass_plus_manifest.json
200,30,2025,00-0029604,K.Cousins,281,10,-4.625408477052758,-0.01646052838808811,0.44483985765124556,13,2,6,0,19734,0.04314511131264041,-0.05960563970072852,-16.749184755904714,-2.7468241174936434,-0.009775174795351045,-0.026235703183439152,-19.49600887339836,94.44970452198986,281,-0.21221008718592235,0.13556618258766026,79.57220863134951,107.39345967175956,0.04314511131264042,0.18750573218388425,data/metadata/20260915T175358573019Z/pass_plus_manifest.json
200,31,2025,00-0036945,J.Fields,257,9,-14.302402154598754,-0.05565137025135702,0.42412451361867703,27,28,8,0,19734,0.04314511131264041,-0.09879648156399742,-25.39069576194734,-4.520489656920481,-0.017589453917978524,-0.07324082416933554,-29.911185418867824,90.6894098015224,257,-0.38807299363488074,0.17179596114788007,65.50360621578506,110.29175335096477,0.04314511131264042,0.18750573218388425,data/metadata/20260915T175358573019Z/pass_plus_manifest.json
200,32,2025,00-0039376,S.Rattler,288,9,-28.022399114129005,-0.09729999692405905,0.4618055555555556,18,16,10,0,19734,0.04314511131264041,-0.14044510823669948,-40.448191172169444,-1.0082161446691296,-0.0035007505023233665,-0.10080074742638241,-41.45640731683857,88.48468334307852,288,-0.2660520502916434,0.03935359000374042,75.26498326186702,99.69668756804872,0.04314511131264042,0.18750573218388425,data/metadata/20260915T175358573019Z/pass_plus_manifest.json
200,33,2025,00-0026158,J.Flacco,434,12,-46.28485932440055,-0.1066471413004621,0.41013824884792627,18,4,3,0,19734,0.04314511131264041,-0.14979225261310253,-65.0098376340865,-7.154330672550731,-0.016484632886061595,-0.1231317741865237,-72.16416830663722,86.69825581629964,434,-0.3369161880424589,0.08559033371880892,69.59602555117795,103.39551398603722,0.04314511131264042,0.18750573218388425,data/metadata/20260915T175358573019Z/pass_plus_manifest.json
200,34,2025,00-0030565,G.Smith,519,15,-67.66035842402934,-0.13036677923705076,0.4238921001926782,55,18,10,0,19734,0.04314511131264041,-0.17351189054969118,-90.05267119528972,1.2900551495658303,0.0024856553941538157,-0.12788112384289693,-88.76261604572389,86.31831945907011,519,-0.2680089112397609,0.03645004090591783,75.10843917182834,99.46441074130816,0.04314511131264042,0.18750573218388425,data/metadata/20260915T175358573019Z/pass_plus_manifest.json
200,35,2025,00-0040676,C.Ward,615,17,-102.79959729487082,-0.16715381673962734,0.37886178861788616,55,23,2,0,19734,0.04314511131264041,-0.21029892805226774,-129.33384075214468,11.885054199862932,0.019325291381890947,-0.14782852535773638,-117.44878655228175,84.72257612238556,615,-0.24781581013631251,-0.04411425341017218,76.72383787470469,93.01946422865313,0.04314511131264042,0.18750573218388425,data/metadata/20260915T175358573019Z/pass_plus_manifest.json
200,36,2025,00-0039923,J.McCarthy,287,10,-42.97374360231803,-0.14973429826591647,0.4181184668989547,27,17,5,0,19734,0.04314511131264041,-0.19287940957855687,-55.35639054904583,-4.369899491930655,-0.01522613063390472,-0.16496042889982118,-59.72629004097648,83.35206573777899,287,-0.3759817650524324,0.06330201072723532,66.47087493138282,101.61250265630498,0.04314511131264042,0.18750573218388425,data/metadata/20260915T175358573019Z/pass_plus_manifest.json
200,37,2025,00-0040704,D.Gabriel,214,10,-40.03370915140333,-0.18707340724954827,0.32710280373831774,19,11,5,0,19734,0.04314511131264041,-0.23021851856218867,-49.26676297230838,-1.7216808944969801,-0.008045237824752244,-0.19511864507430052,-50.988443866805355,80.93948220047382,214,-0.3440194724897305,-0.058198314558409535,69.0277801675937,91.8927737815772,0.04314511131264042,0.18750573218388425,data/metadata/20260915T175358573019Z/pass_plus_manifest.json
200,38,2025,00-0040668,S.Sanders,253,8,-60.42563131721639,-0.23883648741982763,0.3675889328063241,23,18,10,0,19734,0.04314511131264041,-0.28198159873246803,-71.34134447931442,-5.3094201479079235,-0.02098585038698784,-0.25982233780681546,-76.65076462722234,75.76334502491316,253,-0.4252409447005121,-0.10763880590484956,62.530261030595085,87.93765538834688,0.04314511131264042,0.18750573218388425,data/metadata/20260915T175358573019Z/pass_plus_manifest.json
300,1,2017,00-0032950,C.Wentz,498,13,101.75488501310024,0.2043270783395587,0.4759036144578313,28,30,9,0,19356,0.005665880280425992,0.1986611980591327,98.93327663344809,4.849672884086777,0.009738298964029673,0.21406537730358838,103.78294951753486,115.77131991173971,498,0.08368908360970843,0.34807433971406165,105.9046634844232,125.91289053645659,0.005665880280425988,0.19820740894492533,data/metadata/20260915T175341400908Z/pass_plus_manifest.json
300,2,2017,00-0019596,T.Brady,622,16,137.74321200563813,0.22145210933382337,0.5016077170418006,35,6,9,0,19356,0.005665880280425992,0.21578622905339737,134.21903447121315,-5.416226695562561,-0.008707759960711513,0.21274434937311185,128.8028077756506,115.67134676208488,622,0.10475926595221512,0.3249424729003986,107.49921909069431,124.16231015173767,0.005665880280425988,0.19820740894492533,data/metadata/20260915T175341400908Z/pass_plus_manifest.json
300,3,2017,00-0023436,A.Smith,572,15,107.41035248481285,0.18778033651191056,0.4825174825174825,35,33,10,0,19356,0.005665880280425992,0.18211445623148456,104.16946896440918,-4.411366200139968,-0.00771217867157337,0.1800681578403372,99.75810276426921,113.19846809624342,572,0.031985622193434225,0.32910098043503994,101.99183335676832,124.47701893760829,0.005665880280425988,0.19820740894492533,data/metadata/20260915T175341400908Z/pass_plus_manifest.json
300,4,2017,00-0022942,P.Rivers,593,16,110.19312426912792,0.18582314379279583,0.4806070826306914,18,2,15,0,19356,0.005665880280425992,0.18015726351236983,106.8332572628353,-3.4703470930443574,-0.005852187340715611,0.17997095645208022,103.36291016979095,113.191112060303,593,0.047134021407128295,0.3236167220295701,103.13823847560296,124.0619795779802,0.005665880280425988,0.19820740894492533,data/metadata/20260915T175341400908Z/pass_plus_manifest.json
300,5,2017,00-0033106,J.Goff,510,15,80.31144865146763,0.1574734287283679,0.45098039215686275,25,10,5,0,19356,0.005665880280425992,0.1518075484479419,77.42184970845037,5.173552969883832,0.01014422150957614,0.16761765023794403,82.5954026783342,112.25623483145263,510,0.03222359923181731,0.32400901274622834,102.00984305476473,124.09166747300489,0.005665880280425988,0.19820740894492533,data/metadata/20260915T175341400908Z/pass_plus_manifest.json
300,6,2017,00-0022924,B.Roethlisberger,589,15,89.28733463321483,0.1515914000563919,0.499151103565365,21,10,9,0,19356,0.005665880280425992,0.1459255197759659,85.95013114804392,1.466638337223712,0.002490048110736353,0.15408144816712827,87.41676948526764,111.23183805363766,589,0.04107673995858753,0.24970108615448994,102.67983370551003,118.46816982067551,0.005665880280425988,0.19820740894492533,data/metadata/20260915T175341400908Z/pass_plus_manifest.json
300,7,2017,00-0020531,D.Brees,558,16,86.2590147924858,0.15458604801520753,0.496415770609319,20,5,6,0,19356,0.005665880280425992,0.14892016773478153,83.0974535960081,-0.931950344027008,-0.0016701619068584374,0.1529158861083491,82.1655032519811,111.143630297052,558,0.046483489775732786,0.25540252181085804,103.08900734684306,118.89964478571723,0.005665880280425988,0.19820740894492533,data/metadata/20260915T175341400908Z/pass_plus_manifest.json
300,8,2017,00-0026143,M.Ryan,567,16,86.3780429307491,0.1523422273910919,0.49559082892416223,24,17,6,0,19356,0.005665880280425992,0.1466763471106659,83.16548881174757,-1.8358724545245062,-0.0032378702901666775,0.14910435710092523,81.32961635722306,110.85518025668422,567,0.0383728140096219,0.26291118040524075,102.47520518304268,119.4678873126504,0.005665880280425988,0.19820740894492533,data/metadata/20260915T175341400908Z/pass_plus_manifest.json
300,9,2017,00-0028986,C.Keenum,522,15,66.21212223120835,0.1268431460367976,0.47509578544061304,22,19,9,0,19356,0.005665880280425992,0.12117726575637162,63.254532724825985,-0.34465571603662515,-0.0006602599924073278,0.1261828860443903,62.90987700878936,109.1205222654506,522,-0.008100235548986782,0.2730541480586113,98.95820373950518,120.23548987408056,0.005665880280425988,0.19820740894492533,data/metadata/20260915T175341400908Z/pass_plus_manifest.json
300,10,2017,00-0031503,J.Winston,495,13,41.790160613991134,0.08442456689695178,0.509090909090909,33,23,8,0,19356,0.005665880280425992,0.0787586866165258,38.98554987518027,4.954654330641516,0.010009402688164679,0.09443396958511646,43.940204205821786,106.7178182019439,495,-0.029935096640311448,0.21144431608677206,97.30577854453743,115.57296245143321,0.005665880280425988,0.19820740894492533,data/metadata/20260915T175341400908Z/pass_plus_manifest.json
300,11,2017,00-0026498,M.Stafford,629,16,39.56135359757686,0.06289563370044016,0.4562798092209857,47,17,8,0,19356,0.005665880280425992,0.057229753420014164,35.997514901188914,5.5887995504109655,0.008885213911623157,0.07178084761206331,41.58631445159988,105.0034684134846,629,-0.06094649867264129,0.22679714556373773,94.9588883199939,116.73483850531208,0.005665880280425988,0.19820740894492533,data/metadata/20260915T175341400908Z/pass_plus_manifest.json
300,12,2017,00-0029263,R.Wilson,645,16,43.2427592978866,0.06704303767114202,0.462015503875969,43,53,17,0,19356,0.005665880280425992,0.061377157390716024,39.58826651701183,-0.7569621827587947,-0.0011735847794709995,0.06586945289167102,38.83130433425303,104.55610410314985,645,-0.05411878691265937,0.17081582112935623,95.47559794727219,112.4982669715555,0.005665880280425988,0.19820740894492533,data/metadata/20260915T175341400908Z/pass_plus_manifest.json
300,13,2017,00-0031407,B.Bortles,570,16,37.51422856605333,0.06581443608079532,0.45789473684210524,24,24,12,0,19356,0.005665880280425992,0.060148555800369326,34.28467680621052,-3.766642430055922,-0.006608144614133196,0.05920629146666212,30.5180343761546,104.05184736568901,570,-0.09576688215522777,0.23449061518279884,92.32374084988128,117.31706721664136,0.005665880280425988,0.19820740894492533,data/metadata/20260915T175341400908Z/pass_plus_manifest.json
300,14,2017,00-0021206,J.McCown,445,13,20.59488341657055,0.04628063689116978,0.451685393258427,39,14,8,0,19356,0.005665880280425992,0.040614756610743784,18.073566691780982,-3.4593926522313936,-0.007773916072430098,0.03850672081873968,14.614174039549589,102.48533902287974,445,-0.10285817399944866,0.1846233985577505,91.78708392958993,113.54320097542748,0.005665880280425988,0.19820740894492533,data/metadata/20260915T175341400908Z/pass_plus_manifest.json
300,15,2017,00-0028118,T.Taylor,506,15,20.148580788835716,0.03981932962220497,0.42292490118577075,46,40,12,0,19356,0.005665880280425992,0.034153449341778976,17.281645366940165,-4.8482306616094535,-0.009581483520967299,0.03023784610123767,12.433414705330712,101.85956463118183,506,-0.08889820103656794,0.14829976695376548,92.84355096862677,110.79429024116139,0.005665880280425988,0.19820740894492533,data/metadata/20260915T175341400908Z/pass_plus_manifest.json
300,16,2017,00-0027939,C.Newton,556,16,12.487611400783075,0.02245973273522136,0.43345323741007197,35,31,5,0,19356,0.005665880280425992,0.016793852454795366,9.337381964866225,0.8120128230840922,0.0014604547177771443,0.023920187452998502,10.149394787950317,101.3814549569369,556,-0.1267403916292266,0.187084691845414,89.97971826978147,113.72946747026478,0.005665880280425988,0.19820740894492533,data/metadata/20260915T175341400908Z/pass_plus_manifest.json
300,17,2017,00-0029604,K.Cousins,604,16,6.629619877272887,0.010976191849789547,0.44867549668874174,41,23,11,0,19356,0.005665880280425992,0.005310311569363555,3.2074281878955877,2.8017797905398556,0.0046387082624832045,0.015614900112272751,6.009207978435443,100.75292491977012,604,-0.1276855404238558,0.15829744753911282,89.90819101459508,111.55089772409298,0.005665880280425988,0.19820740894492533,data/metadata/20260915T175341400908Z/pass_plus_manifest.json
300,18,2017,00-0031280,D.Carr,544,15,-2.081771549096741,-0.003826785935839597,0.4319852941176471,20,9,13,0,19356,0.005665880280425992,-0.009492666216265589,-5.164010421648481,-1.0474973756600687,-0.00192554664643395,-0.005752332582273547,-6.211507797308549,99.13588904747711,544,-0.170811770034075,0.16319102935145396,86.6444712192718,111.92123568257722,0.005665880280425988,0.19820740894492533,data/metadata/20260915T175341400908Z/pass_plus_manifest.json
300,19,2017,00-0032268,M.Mariota,501,15,-13.04414180332061,-0.026036211184272674,0.437125748502994,27,22,9,0,19356,0.005665880280425992,-0.03170209146469866,-15.882747823814032,-0.1400590652835838,-0.00027955901254208344,-0.026315770196814758,-16.022806889097616,97.5796830213753,501,-0.11523177828350992,0.06124122888348111,90.85067057728939,104.20584797250169,0.005665880280425988,0.19820740894492533,data/metadata/20260915T175341400908Z/pass_plus_manifest.json
300,20,2017,00-0033077,D.Prescott,552,16,-17.364624514324973,-0.03145765310566118,0.4329710144927536,32,32,4,0,19356,0.005665880280425992,-0.037123533386087176,-20.49219042912012,-0.08187927160542596,-0.0001483320137779456,-0.03160598511943913,-20.57406970072555,97.17932854289354,552,-0.20675273453037404,0.14996070886436078,83.92452008165168,110.91998750339567,0.005665880280425988,0.19820740894492533,data/metadata/20260915T175341400908Z/pass_plus_manifest.json
300,21,2017,00-0033119,J.Brissett,558,16,-45.71843504841408,-0.08193267929823311,0.3978494623655914,52,40,9,0,19356,0.005665880280425992,-0.0875985595786591,-48.879996244891785,3.405710913463687,0.006103424576099798,-0.07582925472213331,-45.4742853314281,93.83258662455924,558,-0.14177141059280993,-0.00475024962413491,88.84219628887308,99.21172498343981,0.005665880280425988,0.19820740894492533,data/metadata/20260915T175341400908Z/pass_plus_manifest.json
300,22,2017,00-0027973,A.Dalton,545,16,-42.87063929918327,-0.07866172348473995,0.4091743119266055,39,11,10,0,19356,0.005665880280425992,-0.08432760376516593,-45.958544052015434,-2.32570463682451,-0.0042673479574761655,-0.08292907144221612,-48.284248688839945,93.29528455614447,545,-0.2468300148639125,0.06496124017014102,80.8915395881217,104.48737210722969,0.005665880280425988,0.19820740894492533,data/metadata/20260915T175341400908Z/pass_plus_manifest.json
300,23,2017,00-0022803,E.Manning,608,15,-58.72597830470636,-0.09658878010642494,0.43585526315789475,32,5,12,0,19356,0.005665880280425992,-0.10225466038685092,-62.17083351520536,4.251861199719005,0.006993192762695732,-0.0895955873437292,-57.91897231548636,92.79077395760028,608,-0.22282241144688936,0.0362226657642084,82.70839423130717,102.31248561643876,0.005665880280425988,0.19820740894492533,data/metadata/20260915T175341400908Z/pass_plus_manifest.json
300,24,2017,00-0033869,M.Trubisky,380,12,-37.40414667986182,-0.09843196494700478,0.3973684210526316,31,20,10,0,19356,0.005665880280425992,-0.10409784522743076,-39.5571811864237,2.8262752540259495,0.007437566457963025,-0.09099439848904176,-36.73090593239775,92.6849143063825,380,-0.21985155967268105,0.043240496489926304,82.93322324678311,102.84358312407542,0.005665880280425988,0.19820740894492533,data/metadata/20260915T175341400908Z/pass_plus_manifest.json
300,25,2017,00-0024226,J.Cutler,455,14,-42.5162460952361,-0.09344229911040901,0.4197802197802198,20,6,16,0,19356,0.005665880280425992,-0.099108179390835,-45.09422162282993,-2.252728882274464,-0.0049510524885153055,-0.09839335159892432,-47.34695050510439,92.12497410415183,455,-0.24831912781816273,0.035622704369942096,80.7788460494056,102.26708155731757,0.005665880280425988,0.19820740894492533,data/metadata/20260915T175341400908Z/pass_plus_manifest.json
300,26,2017,00-0026158,J.Flacco,579,16,-55.04462715724735,-0.09506844068609213,0.4162348877374784,27,6,8,0,19356,0.005665880280425992,-0.10073432096651812,-58.325171839614,-2.230704390860488,-0.0038526846128851266,-0.09892112529897726,-60.55587623047449,92.08503308709835,579,-0.2544801045490922,0.044312816715237534,80.31259379649602,102.92473449710072,0.005665880280425988,0.19820740894492533,data/metadata/20260915T175341400908Z/pass_plus_manifest.json
300,27,2017,00-0032156,T.Siemian,406,11,-53.20905136642753,-0.13105677676459984,0.4014778325123153,33,24,2,0,19356,0.005665880280425992,-0.13672265704502584,-55.50939876028048,-7.277611712083596,-0.0179251520002059,-0.14898192876480573,-62.78701047236408,88.29651652263392,406,-0.31588762355514427,0.025457642754371543,75.6653770754161,101.4978069623607,0.005665880280425988,0.19820740894492533,data/metadata/20260915T175341400908Z/pass_plus_manifest.json
300,28,2017,00-0031589,B.Hundley,366,11,-58.759835894020824,-0.16054599971043942,0.40437158469945356,29,21,10,0,19356,0.005665880280425992,-0.16621187999086542,-60.83354807665674,3.881168247249554,0.010604284828550694,-0.14994171488188873,-56.952379829407185,88.22388153974967,366,-0.35359680944906796,0.07718051355503577,72.81160994622658,105.4121059592541,0.005665880280425988,0.19820740894492533,data/metadata/20260915T175341400908Z/pass_plus_manifest.json
300,29,2017,00-0033899,D.Kizer,558,15,-114.09525850450014,-0.20447178943458805,0.35663082437275984,38,45,11,0,19356,0.005665880280425992,-0.21013766971501405,-117.25681970097784,4.798191114005953,0.008598908806462281,-0.19587288062812577,-112.45862858697188,84.74788894259608,558,-0.32925809621935026,-0.0624216346406139,74.6535224175571,94.84725253585559,0.005665880280425988,0.19820740894492533,data/metadata/20260915T175341400908Z/pass_plus_manifest.json
300,1,2018,00-0033873,P.Mahomes,633,16,227.56737504000847,0.3595061217061745,0.5229067930489731,26,28,24,0,19669,0.056297614668360245,0.30320850703781427,191.93098495493643,3.279534087391061,0.00518093852668414,0.3646870602328587,195.2105190423275,121.58159294459446,633,0.2853687169050115,0.46273184287298597,116.03076679486111,128.4429256513843,0.05629761466836027,0.21434199483528435,data/metadata/20260915T175343345511Z/pass_plus_manifest.json
300,2,2018,00-0020531,D.Brees,510,15,145.64495959630452,0.2855783521496167,0.5588235294117647,17,4,11,0,19669,0.056297614668360245,0.22928073748125644,116.93317611544079,0.28532170457006045,0.000559454322686393,0.2861378064723031,117.21849782001085,116.08458892858829,510,0.11456812834283338,0.4622716543224626,104.0778649363079,128.4107209111832,0.05629761466836027,0.21434199483528435,data/metadata/20260915T175343345511Z/pass_plus_manifest.json
300,3,2018,00-0022942,P.Rivers,545,16,121.74126488126754,0.22337846767205052,0.5064220183486239,32,5,8,0,19669,0.056297614668360245,0.16708085300369027,91.0590648870112,0.07667214872144745,0.00014068284169072926,0.22351915051374124,91.13573703573265,111.70243395191076,545,0.07613661771652618,0.3550500599201735,101.38836556947776,120.90718005223819,0.05629761466836027,0.21434199483528435,data/metadata/20260915T175343345511Z/pass_plus_manifest.json
300,4,2018,00-0033106,J.Goff,612,16,118.33803940116023,0.19336280947902,0.5081699346405228,33,20,8,0,19669,0.056297614668360245,0.13706519481065974,83.88389922412375,2.9079755895653956,0.004751594100597052,0.19811440357961704,86.79187481368915,109.92456860963519,612,0.052063467097079354,0.34840104937826394,99.70368749428678,120.44187152412971,0.05629761466836027,0.21434199483528435,data/metadata/20260915T175343345511Z/pass_plus_manifest.json
300,5,2018,00-0022924,B.Roethlisberger,708,16,132.31729358377106,0.18688883274543935,0.4985875706214689,24,12,13,0,19669,0.056297614668360245,0.1305912180770791,92.458582398572,4.098386234682718,0.005788681122433218,0.19267751386787257,96.55696863325473,109.54408626067301,708,0.07193549746076101,0.33141812068012017,101.09436436880355,119.25337866407249,0.05629761466836027,0.21434199483528435,data/metadata/20260915T175343345511Z/pass_plus_manifest.json
300,6,2018,00-0026143,M.Ryan,666,16,117.93066693370383,0.17707307347402979,0.512012012012012,42,17,10,0,19669,0.056297614668360245,0.12077545880566953,80.43645556457591,-3.0088917225390968,-0.004517855439247893,0.17255521803478188,77.42756384203682,108.135895403215,666,0.05230302215317733,0.2888425086250946,99.72045194515526,116.27386836644669,0.05629761466836027,0.21434199483528435,data/metadata/20260915T175343345511Z/pass_plus_manifest.json
300,7,2018,00-0029263,R.Wilson,499,16,85.68150419707808,0.17170642123662944,0.4729458917835671,51,29,18,0,19669,0.056297614668360245,0.11540880656826918,57.58899447756632,-0.6336346454510713,-0.0012698089087195817,0.17043661232790985,56.95535983211524,107.98763194402913,499,0.01750764556057747,0.3246397855202188,97.28541512798797,118.77901978971073,0.05629761466836027,0.21434199483528435,data/metadata/20260915T175343345511Z/pass_plus_manifest.json
300,8,2018,00-0019596,T.Brady,594,16,89.89089284390145,0.15133146943417752,0.5134680134680135,21,5,7,0,19669,0.056297614668360245,0.09503385476581727,56.45010973089547,1.7008523526353994,0.002863387799049494,0.154194857233227,58.15096208353087,106.8510076133306,594,0.01879533103097237,0.2674123473541307,97.3755294430608,114.77415096710325,0.05629761466836027,0.21434199483528435,data/metadata/20260915T175343345511Z/pass_plus_manifest.json
300,9,2018,00-0033869,M.Trubisky,493,14,71.55504261787542,0.14514207427560935,0.48884381338742394,24,36,6,0,19669,0.056297614668360245,0.0888444596072491,43.80031858637382,-1.1749696153970035,-0.0023833055079046724,0.14275876876770469,42.625348970976816,106.05069161778964,493,0.0013511261670765108,0.3067730486112463,96.15475572972703,117.52867659942486,0.05629761466836027,0.21434199483528435,data/metadata/20260915T175343345511Z/pass_plus_manifest.json
300,10,2018,00-0029668,A.Luck,676,16,95.03378133932615,0.14058251677415112,0.5059171597633136,18,21,13,0,19669,0.056297614668360245,0.08428490210579087,56.97659382351463,-0.021296767399670402,-0.00003150409378649468,0.14055101268036463,56.95529705611496,105.89618927056856,676,0.03007627174820926,0.26841036429181736,98.16498794786098,114.8439938090382,0.05629761466836027,0.21434199483528435,data/metadata/20260915T175343345511Z/pass_plus_manifest.json
300,11,2018,00-0031503,J.Winston,440,11,62.12153886107468,0.14118531559335154,0.5,27,36,11,0,19669,0.056297614668360245,0.08488770092499129,37.350588406996174,-2.114993289796253,-0.00480680293135512,0.1363785126619964,35.23559511719992,105.60419096046783,440,0.0049965947337617,0.28522027271712685,96.4098715251282,116.02037843013593,0.05629761466836027,0.21434199483528435,data/metadata/20260915T175343345511Z/pass_plus_manifest.json
300,12,2018,00-0023459,A.Rodgers,677,16,75.5808557154709,0.11164085039212837,0.465288035450517,49,33,9,0,19669,0.056297614668360245,0.055343235723768126,37.467370584991016,8.107930659606902,0.011976263898976222,0.1236171142911046,45.57530124459792,104.71112763094867,677,0.04908200666859852,0.18855218636024912,99.49504006398932,109.2553891592865,0.05629761466836027,0.21434199483528435,data/metadata/20260915T175343345511Z/pass_plus_manifest.json
300,13,2018,00-0033537,D.Watson,619,16,70.21507913774101,0.11343308422898386,0.4894991922455573,62,58,7,0,19669,0.056297614668360245,0.05713546956062362,35.366855658026026,2.23091863917032,0.0036040688839585142,0.11703715311294238,37.597774297196345,104.25065128916468,619,0.008659257844181903,0.21647338116095804,96.66619062255249,111.20935959952843,0.05629761466836027,0.21434199483528435,data/metadata/20260915T175343345511Z/pass_plus_manifest.json
300,14,2018,00-0032950,C.Wentz,446,11,39.37635166931369,0.0882877840119141,0.5,31,16,8,0,19669,0.056297614668360245,0.03199016934355386,14.267615527225022,-0.40289500922074784,-0.0009033520386115422,0.08738443197330256,13.864720518004274,102.1755058309151,446,-0.06830425157394196,0.23495813235259,91.28015956429431,112.50295243040394,0.05629761466836027,0.21434199483528435,data/metadata/20260915T175343345511Z/pass_plus_manifest.json
300,15,2018,00-0027973,A.Dalton,395,11,26.435326648635726,0.06692487759148286,0.4759493670886076,21,12,4,0,19669,0.056297614668360245,0.010627262923122612,4.197768854633431,-0.21334697360635246,-0.0005401189205224112,0.06638475867096044,3.984421881027078,100.70591467694084,395,-0.09331230424003238,0.1931448472050126,89.53005552948011,109.57679100461499,0.05629761466836027,0.21434199483528435,data/metadata/20260915T175343345511Z/pass_plus_manifest.json
300,16,2018,00-0027939,C.Newton,523,14,36.265424190317646,0.0693411552396131,0.4875717017208413,29,26,8,0,19669,0.056297614668360245,0.01304354057125285,6.821771718765238,-3.039402439044919,-0.005811476938900419,0.06352967830071268,3.7823692797203186,100.50611152783499,523,-0.04533817635113316,0.1703206933570228,92.88736270993482,107.97951974667535,0.05629761466836027,0.21434199483528435,data/metadata/20260915T175343345511Z/pass_plus_manifest.json
300,17,2018,00-0034855,B.Mayfield,525,14,34.43300347603078,0.06558667328767767,0.46095238095238095,25,17,6,0,19669,0.056297614668360245,0.009289058619317427,4.87675577514165,-3.274860018728389,-0.0062378286071016935,0.059348844680575975,1.6018957564132608,100.21353001878333,525,-0.10261536201543016,0.2447562388230834,88.87901247681931,113.18863979265109,0.05629761466836027,0.21434199483528435,data/metadata/20260915T175343345511Z/pass_plus_manifest.json
300,18,2018,00-0032268,M.Mariota,407,14,19.307320803981842,0.04743813465351804,0.4668304668304668,42,34,6,0,19669,0.056297614668360245,-0.008859480014842207,-3.6058083660407796,1.809844740852212,0.00444679297506686,0.0518849276285849,-1.7959636251885676,99.69119301307475,407,-0.10025860599028774,0.18195439769670918,89.04394208104503,108.79366522119797,0.05629761466836027,0.21434199483528435,data/metadata/20260915T175343345511Z/pass_plus_manifest.json
300,19,2018,00-0026158,J.Flacco,396,9,15.95601738481078,0.040292973193966616,0.4494949494949495,16,5,1,0,19669,0.056297614668360245,-0.01600464147439363,-6.3378380238598755,4.107638132304395,0.01037282356642524,0.05066579676039186,-2.230199891555481,99.60587626011205,396,-0.0813137464632148,0.1986969863678749,90.36973403854023,109.96533869685297,0.05629761466836027,0.21434199483528435,data/metadata/20260915T175343345511Z/pass_plus_manifest.json
300,20,2018,00-0033077,D.Prescott,611,16,29.912452559508612,0.048956550833892984,0.4500818330605565,56,29,8,0,19669,0.056297614668360245,-0.007341063834467261,-4.4853900028595,-3.505268723261609,-0.005736937353946986,0.043219613479946,-7.990658726121109,99.08478029246221,611,-0.06901710410521039,0.1478670903656899,91.23027298944348,106.40818023792058,0.05629761466836027,0.21434199483528435,data/metadata/20260915T175343345511Z/pass_plus_manifest.json
300,21,2018,00-0022803,E.Manning,626,16,21.61258837426928,0.0345249015563407,0.426517571884984,47,4,3,0,19669,0.056297614668360245,-0.021772713112019546,-13.629718408124234,0.4937520384472373,0.00078874127547482,0.03531364283181552,-13.135966369676996,98.53150766003623,626,-0.08699942532804031,0.17320393586022378,89.97184102164485,108.18129372746363,0.05629761466836027,0.21434199483528435,data/metadata/20260915T175343345511Z/pass_plus_manifest.json
300,22,2018,00-0026498,M.Stafford,607,16,3.5023520457517097,0.0057699374724080885,0.4332784184514003,40,13,9,0,19669,0.056297614668360245,-0.05052767719595216,-30.670300057942956,4.324222403209807,0.0071239248817295,0.01289386235413759,-26.34607765473315,96.96253510557435,607,-0.1162481645394341,0.14985459875875445,87.9249668731232,106.54726929472851,0.05629761466836027,0.21434199483528435,data/metadata/20260915T175343345511Z/pass_plus_manifest.json
300,23,2018,00-0031280,D.Carr,605,16,-1.7414635307997173,-0.002878452117024326,0.47603305785123967,51,8,5,0,19669,0.056297614668360245,-0.05917606678538457,-35.80152040515767,1.5068283872079666,0.002490625433401598,-0.0003878266836227283,-34.2946920179497,96.033060992396,605,-0.12429947065875542,0.12599379996065152,87.3615234290019,104.87745194397282,0.05629761466836027,0.21434199483528435,data/metadata/20260915T175343345511Z/pass_plus_manifest.json
300,24,2018,00-0034857,J.Allen,394,12,-9.953091388090881,-0.025261653269266195,0.4137055837563452,28,47,17,0,19669,0.056297614668360245,-0.08155926793762644,-32.134351567424815,0.37453736734404924,0.0009506024551879423,-0.024311050814078253,-31.759814200080765,94.35887501576273,394,-0.20553334250058514,0.15813410107779377,81.67664549099524,107.12668227854918,0.05629761466836027,0.21434199483528435,data/metadata/20260915T175343345511Z/pass_plus_manifest.json
300,25,2018,00-0023436,A.Smith,369,10,-7.673846503077407,-0.020796331986659637,0.44986449864498645,22,21,10,0,19669,0.056297614668360245,-0.07709394665501988,-28.447666315702335,-2.7139010437782947,-0.007354745376092939,-0.028151077362752575,-31.161567359480628,94.09014373762763,369,-0.1543657719028125,0.10370628292751623,85.25743496510835,103.3177353996067,0.05629761466836027,0.21434199483528435,data/metadata/20260915T175343345511Z/pass_plus_manifest.json
300,26,2018,00-0028986,C.Keenum,630,16,-15.001445661682231,-0.023811818510606715,0.4365079365079365,34,12,14,0,19669,0.056297614668360245,-0.08010943317896696,-50.468942902749184,-4.6871823245987105,-0.007439971943807477,-0.03125179045441419,-55.15612522734789,93.8731508127896,630,-0.06636891256956716,0.007158479271237046,91.41559772277525,96.56116370698481,0.05629761466836027,0.21434199483528435,data/metadata/20260915T175343345511Z/pass_plus_manifest.json
300,27,2018,00-0029604,K.Cousins,660,16,-22.742758679063922,-0.03445872527130897,0.4772727272727273,40,17,6,0,19669,0.056297614668360245,-0.09075633993966922,-59.89918436018168,-1.9091366312600784,-0.002892631259484967,-0.03735135653079394,-61.808320991441754,93.44629329839535,660,-0.1714460740417475,0.08998280242811266,84.06212775393439,102.35734400430759,0.05629761466836027,0.21434199483528435,data/metadata/20260915T175343345511Z/pass_plus_manifest.json
300,28,2018,00-0034869,S.Darnold,458,13,-22.17282569478209,-0.04841228317638011,0.42139737991266374,30,15,8,0,19669,0.056297614668360245,-0.10470989784474036,-47.95713321289108,-0.45549322638593637,-0.0009945266951657998,-0.049406809871545915,-48.41262643927702,92.60263314560893,458,-0.22008413904630292,0.13627516745544488,80.65835717864891,105.59695869550984,0.05629761466836027,0.21434199483528435,data/metadata/20260915T175343345511Z/pass_plus_manifest.json
300,29,2018,00-0031407,B.Bortles,473,13,-33.53585720693768,-0.07090033236139044,0.4249471458773784,31,39,11,0,19669,0.056297614668360245,-0.12719794702975068,-60.164628945072074,1.3528171859726543,0.002860078617278339,-0.0680402537441121,-58.81181175909942,91.29863456006213,473,-0.2384998273645855,0.10285931701944542,79.36959747952176,103.25846335340397,0.05629761466836027,0.21434199483528435,data/metadata/20260915T175343345511Z/pass_plus_manifest.json
300,30,2018,00-0029701,R.Tannehill,315,11,-52.89331035286671,-0.16791527096148162,0.4095238095238095,35,7,5,0,19669,0.056297614668360245,-0.22421288562984187,-70.62705897340018,1.9192610333061586,0.006092892169225901,-0.16182237879225572,-68.70779794009403,84.7356095364162,315,-0.3657041278816341,0.07152417415260665,70.46763447772165,101.06557929741773,0.05629761466836027,0.21434199483528435,data/metadata/20260915T175343345511Z/pass_plus_manifest.json
300,31,2018,00-0034343,J.Rosen,451,14,-148.45368581977004,-0.329165600487295,0.3614190687361419,45,15,5,0,19669,0.056297614668360245,-0.38546321515565524,-173.8439100352005,-4.751657224366784,-0.010535825331190208,-0.33970142581848517,-178.5955672595673,72.28734568852273,451,-0.49078506338640976,-0.1936163030920635,61.714267999008726,82.51061921259466,0.05629761466836027,0.21434199483528435,data/metadata/20260915T175343345511Z/pass_plus_manifest.json
300,1,2019,00-0034796,L.Jackson,459,15,170.16778299432877,0.37073591066302564,0.5010893246187363,23,37,7,0,19839,0.0422891649790085,0.3284467456840171,150.75705626896388,-0.5925780889974249,-0.0012910198017373092,0.36944489086128834,150.16447817996647,127.58834040440149,459,0.1886129004030693,0.592593525278761,112.33916664987589,146.40598594761838,0.042289164979008496,0.17787716898879768,data/metadata/20260915T175345267639Z/pass_plus_manifest.json
300,2,2019,00-0033873,P.Mahomes,524,14,146.50830187794733,0.2795959959502812,0.5038167938931297,17,23,13,0,19839,0.0422891649790085,0.23730683097127267,124.34877942894687,-0.43853536798908754,-0.0008368995572310831,0.2787590963930501,123.91024406095778,119.9410019361957,524,0.1555922309429264,0.40014752550972,109.554604444856,130.17742770742393,0.042289164979008496,0.17787716898879768,data/metadata/20260915T175345267639Z/pass_plus_manifest.json
300,3,2019,00-0020531,D.Brees,385,11,93.92994223985643,0.24397387594767905,0.5402597402597402,12,0,4,0,19839,0.0422891649790085,0.20168471096867055,77.64861372293815,1.5011642432917858,0.003899127904653989,0.24787300385233305,79.14977796622993,117.33644402275189,385,0.028504004687434605,0.43412030938398477,98.83752701063827,133.04227967808953,0.042289164979008496,0.17787716898879768,data/metadata/20260915T175345267639Z/pass_plus_manifest.json
300,4,2019,00-0029701,R.Tannehill,329,11,74.89469928783812,0.22764346288096693,0.5562310030395137,31,15,7,0,19839,0.0422891649790085,0.18535429790195843,60.981564009744325,-2.6759994818238253,-0.008133737026820138,0.2195097258541468,58.3055645279205,114.94462964662142,329,0.06667023075942805,0.39630181727889785,102.05600296421024,129.85312738383396,0.042289164979008496,0.17787716898879768,data/metadata/20260915T175345267639Z/pass_plus_manifest.json
300,5,2019,00-0026498,M.Stafford,316,8,69.64530322725527,0.2203965292001749,0.4936708860759494,18,9,0,0,19839,0.0422891649790085,0.1781073642211664,56.281927093888584,-4.828268919844484,-0.015279332024824316,0.2051171971753506,51.4536581740441,113.7309385843607,316,0.1539233279414381,0.25683538502404013,109.41386943560981,118.09222239689541,0.042289164979008496,0.17787716898879768,data/metadata/20260915T175345267639Z/pass_plus_manifest.json
300,6,2019,00-0033077,D.Prescott,638,16,126.23104716442583,0.19785430590035397,0.5235109717868338,23,20,16,0,19839,0.0422891649790085,0.15556514092134546,99.2505599078184,-4.6714502301565375,-0.007322022304320591,0.19053228359603339,94.57910967766186,112.50102411622828,638,0.07462646118538432,0.3242838065065234,102.72693480480446,123.78000306030907,0.042289164979008496,0.17787716898879768,data/metadata/20260915T175345267639Z/pass_plus_manifest.json
300,7,2019,00-0029604,K.Cousins,481,15,82.26791267270157,0.17103516148170805,0.4698544698544699,28,9,15,0,19839,0.0422891649790085,0.12874599650269955,61.92682431779848,-0.972178871419028,-0.0020211618948420542,0.169013999586866,60.95464544637945,110.68643339628132,481,-0.021137124606012265,0.36143069771574465,94.65139708944194,126.91252069203173,0.042289164979008496,0.17787716898879768,data/metadata/20260915T175345267639Z/pass_plus_manifest.json
300,8,2019,00-0033537,D.Watson,580,15,87.59971106869462,0.15103398460119763,0.4879310344827586,44,43,9,0,19839,0.0422891649790085,0.10874481962218913,63.07199538086968,6.574143690260905,0.011334730500449836,0.16236871510164747,69.64613907113059,110.12605081404809,580,-0.015702158548054082,0.3551897341991954,95.10971611561503,126.38623362955812,0.042289164979008496,0.17787716898879768,data/metadata/20260915T175345267639Z/pass_plus_manifest.json
300,9,2019,00-0031345,J.Garoppolo,522,16,83.19092197487228,0.15936958232734152,0.5,36,12,10,0,19839,0.0422891649790085,0.11708041734833302,61.11597785582984,-0.5465561918123178,-0.0010470425130504172,0.15832253981429112,60.569421664017526,109.78484553371126,522,-0.007252918487487686,0.3131308201781994,95.82222240087347,122.83949565356372,0.042289164979008496,0.17787716898879768,data/metadata/20260915T175345267639Z/pass_plus_manifest.json
300,10,2019,00-0031280,D.Carr,554,16,85.0393491708188,0.1535006302722361,0.4963898916967509,29,14,7,0,19839,0.0422891649790085,0.11121146529322759,61.61115177244808,-0.5670905583118735,-0.0010236291666279305,0.15247700110560816,61.04406121413621,109.2919037968447,554,0.04524874787780622,0.26745752310565,100.24957527564857,118.98796451000595,0.042289164979008496,0.17787716898879768,data/metadata/20260915T175345267639Z/pass_plus_manifest.json
300,11,2019,00-0029263,R.Wilson,606,16,73.51948935550409,0.1213192893655183,0.4933993399339934,48,45,5,0,19839,0.0422891649790085,0.0790301243865098,47.89225537822494,12.751829945877759,0.02104262367306561,0.14236191303858392,60.6440853241027,108.43892012351606,606,-0.012521325858419974,0.28818251148420887,95.37794891140186,120.73565831155258,0.042289164979008496,0.17787716898879768,data/metadata/20260915T175345267639Z/pass_plus_manifest.json
300,12,2019,00-0033106,J.Goff,657,16,64.49711170669761,0.09816911979710442,0.4657534246575342,22,10,9,0,19839,0.0422891649790085,0.05587995481809592,36.713130315489025,10.002088370090508,0.015223878797702447,0.11339299859480687,46.71521868557953,105.99603372540827,657,-0.0290898527790037,0.2556141772036928,93.98076058632566,117.989240561681,0.042289164979008496,0.17787716898879768,data/metadata/20260915T175345267639Z/pass_plus_manifest.json
300,13,2019,00-0023459,A.Rodgers,630,16,59.66864048876921,0.09471212775995114,0.44285714285714284,36,26,11,0,19839,0.0422891649790085,0.052422962780942634,33.026466551993856,-0.4165552189424664,-0.0006611987602261371,0.094050928999725,32.60991133305139,104.36495849762285,630,-0.05455326538235576,0.25159343567341597,91.83348563686694,117.65018005550692,0.042289164979008496,0.17787716898879768,data/metadata/20260915T175345267639Z/pass_plus_manifest.json
300,14,2019,00-0022942,P.Rivers,628,16,57.00381162094314,0.09077040067029163,0.4984076433121019,34,6,12,0,19839,0.0422891649790085,0.048481235691283125,30.4462160141258,-3.9130044239028083,-0.006230898764176446,0.08453950190611519,26.53321159022299,103.56288025894156,628,-0.05751783048384565,0.24029829407188533,91.58349022275536,116.69768499958646,0.042289164979008496,0.17787716898879768,data/metadata/20260915T175345267639Z/pass_plus_manifest.json
300,15,2019,00-0031503,J.Winston,704,16,46.79328532718872,0.06646773483975671,0.48011363636363635,47,33,15,0,19839,0.0422891649790085,0.024178569860748206,17.02171318196673,-1.3829560804096743,-0.0019644262505819237,0.06450330858917479,15.638757101557058,101.87327106703323,704,-0.06835578679458208,0.21219635072555584,90.66954862145136,114.32790841391632,0.042289164979008496,0.17787716898879768,data/metadata/20260915T175345267639Z/pass_plus_manifest.json
300,16,2019,00-0026143,M.Ryan,685,15,31.027689362705775,0.04529589687986245,0.47007299270072994,48,22,16,0,19839,0.0422891649790085,0.0030067319008539456,2.05961135208495,6.1402255970190796,0.00896383298834902,0.05425972986821147,8.199836949104029,101.00945205255292,685,-0.06582385764763785,0.18632440189480762,90.8830607737982,112.146182480974,0.042289164979008496,0.17787716898879768,data/metadata/20260915T175345267639Z/pass_plus_manifest.json
300,17,2019,00-0023682,R.Fitzpatrick,574,15,26.17929750937587,0.045608532246299426,0.4738675958188153,40,35,8,0,19839,0.0422891649790085,0.003319367267290922,1.905316811424992,4.064834254807928,0.007081592778411024,0.052690125024710446,5.97015106623292,100.87709064391144,574,-0.11351739049071859,0.19328842634843785,86.8611674824154,112.73344372084134,0.042289164979008496,0.17787716898879768,data/metadata/20260915T175345267639Z/pass_plus_manifest.json
300,18,2019,00-0032950,C.Wentz,671,16,25.12992360438544,0.0374514509752391,0.46646795827123694,37,28,9,0,19839,0.0422891649790085,-0.004837714003769401,-3.2461060965292674,-9.322510331316328,-0.013893458019845498,0.023557992955393604,-12.568616427845596,98.42044045364857,671,-0.07598046537970864,0.12336247154895033,90.02657583620255,106.83673798870565,0.042289164979008496,0.17787716898879768,data/metadata/20260915T175345267639Z/pass_plus_manifest.json
300,19,2019,00-0033119,J.Brissett,503,15,7.832444249923789,0.015571459741399183,0.44930417495029823,27,32,12,0,19839,0.0422891649790085,-0.026717705237609322,-13.439005734517487,0.191264333630765,0.0003802471841565905,0.015951706925555774,-13.247741400886722,97.77901867312342,503,-0.10848270893610368,0.154299567285017,87.28573137528902,109.44559689217867,0.042289164979008496,0.17787716898879768,data/metadata/20260915T175345267639Z/pass_plus_manifest.json
300,20,2019,00-0019596,T.Brady,643,16,17.56760879082139,0.02732132004793373,0.4199066874027994,27,3,7,0,19839,0.0422891649790085,-0.014967844931074774,-9.62432429068108,-11.101057739523576,-0.017264475489150194,0.010056844558783536,-20.725382030204656,97.28191757800113,643,-0.1072756239995154,0.12816679006900716,87.38752225801869,107.24187586115173,0.042289164979008496,0.17787716898879768,data/metadata/20260915T175345267639Z/pass_plus_manifest.json
300,21,2019,00-0034857,J.Allen,540,16,4.165615731842167,0.0077141032071151245,0.42962962962962964,38,44,15,0,19839,0.0422891649790085,-0.03457506177189338,-18.670533356822425,-0.2961125853636566,-0.000548356639562327,0.007165746567552797,-18.96664594218608,97.03811748766356,540,-0.12445840733917998,0.13766071932235693,85.9385350070961,108.04247854450799,0.042289164979008496,0.17787716898879768,data/metadata/20260915T175345267639Z/pass_plus_manifest.json
300,22,2019,00-0034855,B.Mayfield,589,16,-4.814147713348387,-0.008173425659335121,0.42614601018675724,40,17,8,0,19839,0.0422891649790085,-0.05046259063834362,-29.722465885984395,7.2473058081178205,0.012304424122441121,0.004130998463106,-22.475160077866576,96.78220369150026,589,-0.12811824620548226,0.12725751955764172,85.62990864820691,107.16519902989779,0.042289164979008496,0.17787716898879768,data/metadata/20260915T175345267639Z/pass_plus_manifest.json
300,23,2019,00-0035228,K.Murray,614,16,-9.273149700868432,-0.015102849675681485,0.4250814332247557,48,28,9,0,19839,0.0422891649790085,-0.05739201465468999,-35.23869699797965,2.708811356128451,0.004411744879688031,-0.010691104795993453,-32.5298856418512,95.53228752659608,614,-0.14663697854684743,0.13287996262602259,84.06826368443996,107.63932759010117,0.042289164979008496,0.17787716898879768,data/metadata/20260915T175345267639Z/pass_plus_manifest.json
300,24,2019,00-0027973,A.Dalton,568,13,-18.42945267090041,-0.03244621949102185,0.426056338028169,37,10,14,0,19839,0.0422891649790085,-0.07473538447003035,-42.44969837897724,4.273520735459939,0.007523804111725244,-0.024922415379296604,-38.1761776435173,94.33219164041188,568,-0.16572933103885892,0.09073548931111486,82.45824656415282,104.08537458243087,0.042289164979008496,0.17787716898879768,data/metadata/20260915T175345267639Z/pass_plus_manifest.json
300,25,2019,00-0035289,G.Minshew II,552,14,-5.924287450795113,-0.01073240480216506,0.427536231884058,33,50,12,0,19839,0.0422891649790085,-0.05302156978117356,-29.267906519207806,-8.001231925818953,-0.014494985372860422,-0.025227390175025483,-37.269138445026755,94.30647377025497,552,-0.144010875256575,0.09449282639125463,84.28971734022963,104.40222275649668,0.042289164979008496,0.17787716898879768,data/metadata/20260915T175345267639Z/pass_plus_manifest.json
300,26,2019,00-0034869,S.Darnold,481,13,-12.331006434505976,-0.025636188013525938,0.42411642411642414,33,9,7,0,19839,0.0422891649790085,-0.06792535299253444,-32.672094789409066,-3.667947946940252,-0.007625671407360191,-0.03326185942088613,-36.34004273634932,93.62894421785074,481,-0.2036004413452325,0.12710886335094268,79.26465708988263,107.15266317094995,0.042289164979008496,0.17787716898879768,data/metadata/20260915T175345267639Z/pass_plus_manifest.json
300,27,2019,00-0034577,K.Allen,553,13,-21.108412317851556,-0.03817072751871891,0.4719710669077758,46,19,9,0,19839,0.0422891649790085,-0.08045989249772742,-44.49432055124326,-3.3253081229849015,-0.006013215412269261,-0.04418394293098817,-47.81962867422816,92.70790835033114,553,-0.19563479731719058,0.10344678564945095,79.93638275934251,105.15729092874426,0.042289164979008496,0.17787716898879768,data/metadata/20260915T175345267639Z/pass_plus_manifest.json
300,28,2019,00-0033869,M.Trubisky,573,15,-32.366878729257344,-0.05648669935297966,0.43455497382198954,38,22,8,0,19839,0.0422891649790085,-0.09877586433198816,-56.59857026222922,0.6725248744430237,0.001173690880354317,-0.055313008472625345,-55.926045387786196,91.76941813220162,573,-0.13606893861114638,0.030405673086699697,84.95944381698129,98.99789062644764,0.042289164979008496,0.17787716898879768,data/metadata/20260915T175345267639Z/pass_plus_manifest.json
300,29,2019,00-0035710,D.Jones,524,13,-27.46401235743796,-0.052412237323354885,0.4179389312977099,38,27,8,0,19839,0.0422891649790085,-0.09470140230236339,-49.623534806438414,-2.766651892790691,-0.005279870024409716,-0.0576921073477646,-52.390186699229105,91.56879382875694,524,-0.21419719292938227,0.10679174928455368,78.37105576563255,105.43936453499612,0.042289164979008496,0.17787716898879768,data/metadata/20260915T175345267639Z/pass_plus_manifest.json
300,30,2019,00-0034771,M.Rudolph,308,10,-29.844508761893124,-0.09689775572043222,0.39285714285714285,15,10,5,0,19839,0.0422891649790085,-0.13918692069944072,-42.86957157542774,-3.8003439910601395,-0.012338779191753699,-0.10923653491218592,-46.66991556648788,87.2221628481671,308,-0.2987677836408961,0.07744092980134323,71.23939930918985,102.96427290434461,0.042289164979008496,0.17787716898879768,data/metadata/20260915T175345267639Z/pass_plus_manifest.json
300,1,2020,00-0023459,A.Rodgers,567,16,193.32127327361033,0.34095462658485065,0.544973544973545,20,24,7,0,19932,0.0778852461675433,0.2630693804173073,149.16033869661328,-4.404690060262713,-0.007768412804696142,0.3331862137801545,144.75564863635057,121.02706341064467,567,0.17613498356896398,0.48361191064656406,108.09203144718833,133.41640410205912,0.07788524616754329,0.1821231257737363,data/metadata/20260915T175347204551Z/pass_plus_manifest.json
300,2,2020,00-0033873,P.Mahomes,649,15,189.00005128878917,0.2912173363463624,0.539291217257319,22,40,15,0,19932,0.0778852461675433,0.21333209017881907,138.45252652605356,-0.6996884893322283,-0.0010781024488940344,0.2901392338974683,137.75283803672133,117.48163393540881,649,0.17737795571804424,0.4120113303206373,108.1944049494934,127.51924688862971,0.07788524616754329,0.1821231257737363,data/metadata/20260915T175347204551Z/pass_plus_manifest.json
300,3,2020,00-0034857,J.Allen,627,16,180.89646756270568,0.28851111254020045,0.5566188197767146,26,29,13,0,19932,0.0778852461675433,0.21062586637265715,132.06241821565604,-0.26076376657571254,-0.000415891174761902,0.2880952213654385,131.80165444908033,117.31328525453597,627,0.17131041146080606,0.4086773577274786,107.6946706984371,127.24465469345999,0.07788524616754329,0.1821231257737363,data/metadata/20260915T175347204551Z/pass_plus_manifest.json
300,4,2020,00-0029701,R.Tannehill,525,16,134.20329110848155,0.2556253163971077,0.5295238095238095,24,20,5,0,19932,0.0778852461675433,0.17774007022956442,93.31353687052132,-1.5390132463329693,-0.0029314538025389894,0.2526938625945687,91.77452362418835,114.3975633806276,525,0.13233661514936698,0.3762018499525106,104.4847162119438,124.56991135949308,0.07788524616754329,0.1821231257737363,data/metadata/20260915T175347204551Z/pass_plus_manifest.json
300,5,2020,00-0033537,D.Watson,653,16,143.29293970287517,0.21943788622186092,0.5298621745788668,49,62,9,0,19932,0.0778852461675433,0.1415526400543176,92.4338739554694,-3.4204451195744188,-0.005238047656316108,0.2141998385655448,89.01342883589497,111.22712383330338,653,0.12130037690492869,0.31005679744652337,103.57575106562713,119.122081582936,0.07788524616754329,0.1821231257737363,data/metadata/20260915T175347204551Z/pass_plus_manifest.json
300,6,2020,00-0019596,T.Brady,631,16,120.17124336652603,0.19044571056501747,0.4896988906497623,21,4,15,0,19932,0.0778852461675433,0.11256046439747416,71.0256530348062,3.4974400488165847,0.005542694213655443,0.1959884047786729,74.52309308362278,109.7271962121266,631,0.0316028281077997,0.35520981815893377,96.18809380770979,122.84096850522398,0.07788524616754329,0.1821231257737363,data/metadata/20260915T175347204551Z/pass_plus_manifest.json
300,7,2020,00-0034855,B.Mayfield,532,16,89.24101033702966,0.16774626003201065,0.5093984962406015,26,25,16,0,19932,0.0778852461675433,0.08986101386446735,47.80605937589662,0.6711034098768249,0.0012614725749564377,0.16900773260696708,48.47716278577345,107.50501777731111,532,0.0017622839297366912,0.33971646680549594,93.73037098547448,121.56490721803581,0.07788524616754329,0.1821231257737363,data/metadata/20260915T175347204551Z/pass_plus_manifest.json
300,8,2020,00-0034796,L.Jackson,451,15,78.81814919481832,0.17476308025458606,0.4811529933481153,29,49,7,0,19932,0.0778852461675433,0.09687783408704276,43.691903173256286,-2.641795773771207,-0.005857640296610215,0.16890543995797586,41.05010739948508,107.49659276413198,451,0.028426726421460952,0.31358934584362613,95.92650415459639,119.41302885133713,0.07788524616754329,0.1821231257737363,data/metadata/20260915T175347204551Z/pass_plus_manifest.json
300,9,2020,00-0020531,D.Brees,403,12,62.17233549014979,0.1542737853353593,0.4987593052109181,13,2,6,0,19932,0.0778852461675433,0.07638853916781599,30.78458128462984,1.6271850850489513,0.004037680111783998,0.15831146544714328,32.411766369678794,106.62405328301242,403,0.06399515788533852,0.2609958951637993,98.85598644681774,115.08133425271977,0.07788524616754329,0.1821231257737363,data/metadata/20260915T175347204551Z/pass_plus_manifest.json
300,10,2020,00-0029604,K.Cousins,569,16,91.37338785571981,0.16058591890284676,0.5166959578207382,39,17,11,0,19932,0.0778852461675433,0.08270067273530346,47.056682786387675,-7.371980226174821,-0.0129560285170032,0.14762989038584357,39.684702560212855,105.74429885732485,569,0.054628838573588176,0.23661376819428992,98.0845589354604,113.07317684278703,0.07788524616754329,0.1821231257737363,data/metadata/20260915T175347204551Z/pass_plus_manifest.json
300,11,2020,00-0022942,P.Rivers,560,16,93.39865056769553,0.16678330458517057,0.49464285714285716,19,1,4,0,19932,0.0778852461675433,0.08889805841762727,49.782912713871276,-12.191137555624698,-0.02176988849218696,0.14501341609298363,37.59177515824658,105.52880115912667,560,0.0327918913514006,0.255223063346807,96.28602727210779,114.60587306739801,0.07788524616754329,0.1821231257737363,data/metadata/20260915T175347204551Z/pass_plus_manifest.json
300,12,2020,00-0029263,R.Wilson,657,16,86.62786133626427,0.13185367022262445,0.502283105022831,47,53,8,0,19932,0.0778852461675433,0.05396842405508115,35.45725460418832,6.096158716625371,0.009278780390601782,0.14113245061322624,41.55341332081369,105.20915761057104,657,0.035342500525231496,0.25275247408501605,96.4961001963722,114.40239073219526,0.07788524616754329,0.1821231257737363,data/metadata/20260915T175347204551Z/pass_plus_manifest.json
300,13,2020,00-0036355,J.Herbert,648,15,90.16748691885496,0.13914735635625766,0.47685185185185186,32,25,9,0,19932,0.0778852461675433,0.06126211018871436,39.697847402286904,0.1438753621414537,0.00022202987984792235,0.1393693862361056,39.841722764428354,105.06394834324458,648,-0.009608740484552432,0.2800263973639606,92.79383222638113,116.64872187463585,0.07788524616754329,0.1821231257737363,data/metadata/20260915T175347204551Z/pass_plus_manifest.json
300,14,2020,00-0026498,M.Stafford,575,16,68.73773843868788,0.1195438929368485,0.48869565217391303,38,16,9,0,19932,0.0778852461675433,0.041658646769305196,23.953721892350487,1.1518726142706166,0.0020032567204706377,0.12154714965731914,25.105594506621102,103.59607572934092,575,0.012237331220275845,0.2317425306506744,94.59311539912623,112.67197264181691,0.07788524616754329,0.1821231257737363,data/metadata/20260915T175347204551Z/pass_plus_manifest.json
300,15,2020,00-0031237,T.Bridgewater,558,15,53.2862674447437,0.09549510294756935,0.4838709677419355,31,37,9,0,19932,0.0778852461675433,0.01760985678002605,9.826300083254537,7.496630010904894,0.013434820808073285,0.10892992375564264,17.32293009415943,102.5568974936221,558,-0.011988276402378331,0.230724876304803,92.59784921425266,112.58815673363272,0.07788524616754329,0.1821231257737363,data/metadata/20260915T175347204551Z/pass_plus_manifest.json
300,16,2020,00-0026143,M.Ryan,682,16,70.16199765409974,0.10287682940483832,0.47214076246334313,41,16,10,0,19932,0.0778852461675433,0.024991583237295015,17.0442597678352,0.5629435067389704,0.0008254303617873467,0.10370225976662567,17.60720327457417,102.1263373464573,682,-0.0170267889595873,0.23222990706150334,92.1828679314691,112.71211387117137,0.07788524616754329,0.1821231257737363,data/metadata/20260915T175347204551Z/pass_plus_manifest.json
300,17,2020,00-0031280,D.Carr,562,16,51.545567367025384,0.09171809140040103,0.4928825622775801,26,23,8,0,19932,0.0778852461675433,0.01383284523285773,7.774059020866048,2.5779984295936007,0.004587185817782208,0.09630527721818324,10.352057450459649,101.51710808051288,562,-0.05549864979703064,0.22850083814721225,89.0142537859015,112.4049808067858,0.07788524616754329,0.1821231257737363,data/metadata/20260915T175347204551Z/pass_plus_manifest.json
300,18,2020,00-0035228,K.Murray,627,16,50.62905242390264,0.08074808999027534,0.49282296650717705,27,50,10,0,19932,0.0778852461675433,0.002862843822732039,1.7950030768529928,0.5139744607902761,0.0008197359821216525,0.08156782597239699,2.308977537643269,100.30330413470628,627,-0.014629545035850235,0.17178095713355737,92.38030940796084,107.73342571684172,0.07788524616754329,0.1821231257737363,data/metadata/20260915T175347204551Z/pass_plus_manifest.json
300,19,2020,00-0033869,M.Trubisky,332,9,35.32017573149905,0.10638607148041883,0.536144578313253,18,17,3,0,19932,0.0778852461675433,0.028500825312875525,9.462274003874672,-8.355873423141452,-0.025168293443197143,0.08121777803722169,1.1064005807332205,100.2744735344993,332,-0.024345788728139514,0.19793704143210894,91.58006147258658,109.88768955791869,0.07788524616754329,0.1821231257737363,data/metadata/20260915T175347204551Z/pass_plus_manifest.json
300,20,2020,00-0036442,J.Burrow,449,10,30.703103448135412,0.06838107672190515,0.46770601336302897,32,16,9,0,19932,0.0778852461675433,-0.009504169445638158,-4.267372081091533,1.7190183466053932,0.0038285486561367332,0.07220962537804188,-2.54835373448614,99.5325452960417,449,-0.12317144797133682,0.2368396327977348,83.44059602935877,113.09177947239422,0.07788524616754329,0.1821231257737363,data/metadata/20260915T175347204551Z/pass_plus_manifest.json
300,21,2020,00-0022924,B.Roethlisberger,624,15,46.09074790126722,0.0738633780469026,0.46634615384615385,13,3,10,0,19932,0.0778852461675433,-0.004021868120640704,-2.5096457072798017,-2.5515100013889964,-0.004088958335559289,0.06977441971134331,-5.061155708668798,99.3319772196632,624,-0.03547423421629145,0.16876501200550045,90.6635019658622,107.48502685629802,0.07788524616754329,0.1821231257737363,data/metadata/20260915T175347204551Z/pass_plus_manifest.json
300,22,2020,00-0035289,G.Minshew II,377,9,30.91853510515437,0.08201202945664289,0.46949602122015915,27,24,6,0,19932,0.0778852461675433,0.0041267832890995865,1.5557972999905445,-6.905650193396591,-0.018317374518293343,0.06369465493834955,-5.349852893406046,98.83123646415802,377,-0.04028591285807087,0.17513579469550972,90.26720314702708,108.00973638972026,0.07788524616754329,0.1821231257737363,data/metadata/20260915T175347204551Z/pass_plus_manifest.json
300,23,2020,00-0033319,N.Mullens,347,10,3.1547247839122416,0.009091425890237008,0.47262247838616717,19,2,9,0,19932,0.0778852461675433,-0.0687938202773063,-23.871455636225285,5.182019405784684,0.014933773503702258,0.024025199393939267,-18.689436230440602,95.56398618697239,347,-0.20945067528468606,0.2747526024157502,76.33447809841519,116.21436229571322,0.07788524616754329,0.1821231257737363,data/metadata/20260915T175347204551Z/pass_plus_manifest.json
300,24,2020,00-0033106,J.Goff,595,15,10.060175637567955,0.016907858214399923,0.47394957983193275,23,22,7,0,19932,0.0778852461675433,-0.06097738795314338,-36.281545832120315,3.7378304072424537,0.006282067911331855,0.02318992612573178,-32.54371542487786,95.49519152418651,595,-0.1471223326566374,0.19959465698500212,81.46795653751386,110.02421386359246,0.07788524616754329,0.1821231257737363,data/metadata/20260915T175347204551Z/pass_plus_manifest.json
300,25,2020,00-0027973,A.Dalton,372,11,-8.629204971103277,-0.02319678755672924,0.46774193548387094,24,15,4,0,19932,0.0778852461675433,-0.10108203372427255,-37.60251654542938,1.6262258466611266,0.004371574856615931,-0.01882521270011331,-35.97629069876825,92.03474640108529,372,-0.17125148832733147,0.1569658510191122,79.48063431512861,106.51322597135325,0.07788524616754329,0.1821231257737363,data/metadata/20260915T175347204551Z/pass_plus_manifest.json
300,26,2020,00-0035710,D.Jones,513,14,-23.752184278278307,-0.04630055414869066,0.4346978557504873,45,22,4,0,19932,0.0778852461675433,-0.12418580031623397,-63.70731556222802,9.553495202361853,0.018622797665422717,-0.02767775648326794,-54.15382035986617,91.30563439961279,513,-0.11984141531509591,0.05650152031535559,83.7148637239824,98.23879649319598,0.07788524616754329,0.1821231257737363,data/metadata/20260915T175347204551Z/pass_plus_manifest.json
300,27,2020,00-0027939,C.Newton,417,15,-12.73727898610486,-0.030545033539819806,0.46522781774580335,31,20,7,0,19932,0.0778852461675433,-0.1084302797073631,-45.21542663797042,-1.4300639730568017,-0.0034294100073304595,-0.03397444354715026,-46.64549061102722,90.7870275200253,417,-0.24102794061030755,0.14146901768759598,73.73371568632712,105.23687790196236,0.07788524616754329,0.1821231257737363,data/metadata/20260915T175347204551Z/pass_plus_manifest.json
300,28,2020,00-0036212,T.Tagovailoa,323,10,-9.924372633139523,-0.030725611867305026,0.4582043343653251,20,16,2,0,19932,0.0778852461675433,-0.10861085803484832,-35.081307145256005,-1.3165197014512293,-0.004075912388393899,-0.03480152425569893,-36.39782684670723,90.71890761171863,323,-0.1808259105084645,0.12099844939490614,78.69206706367797,103.55088375330148,0.07788524616754329,0.1821231257737363,data/metadata/20260915T175347204551Z/pass_plus_manifest.json
300,29,2020,00-0035704,D.Lock,481,13,-40.960404890806025,-0.08515676692475264,0.4095634095634096,19,21,7,0,19932,0.0778852461675433,-0.16304201309229593,-78.42320829739435,-1.458643464354832,-0.003032522794916491,-0.08818928971966913,-79.88185176174919,86.32179176738342,481,-0.2245819659171642,0.037986624213997885,75.08823680685538,96.71387515033807,0.07788524616754329,0.1821231257737363,data/metadata/20260915T175347204551Z/pass_plus_manifest.json
300,30,2020,00-0029567,N.Foles,332,9,-43.679687281635445,-0.13156532313745617,0.4006024096385542,18,3,6,0,19932,0.0778852461675433,-0.20945056930499947,-69.53758900925982,4.205915474082964,0.01266842010265953,-0.11889690303479664,-65.33167353517686,83.79265551535596,332,-0.25148749687680766,-0.005345456837328673,72.8722471422806,93.14496421160635,0.07788524616754329,0.1821231257737363,data/metadata/20260915T175347204551Z/pass_plus_manifest.json
300,31,2020,00-0032950,C.Wentz,508,12,-71.27326927327758,-0.14030171116786924,0.38976377952755903,50,22,7,0,19932,0.0778852461675433,-0.21818695733541255,-110.83897432638958,1.7550495334303737,0.003454821916201523,-0.1368468892516677,-109.0839247929592,82.31426120321586,508,-0.2467345322909202,-0.02795690954976514,73.26371016206693,91.2826428328929,0.07788524616754329,0.1821231257737363,data/metadata/20260915T175347204551Z/pass_plus_manifest.json
300,32,2020,00-0034869,S.Darnold,422,12,-74.62647057495685,-0.17683997766577453,0.41232227488151657,35,26,4,0,19932,0.0778852461675433,-0.25472522383331786,-107.49404445766012,3.613400546544871,0.008562560536836187,-0.16827741712893834,-103.88064391111526,79.72558436079892,422,-0.2881580244569903,-0.058876821853603274,69.85199416031656,88.73602124056542,0.07788524616754329,0.1821231257737363,data/metadata/20260915T175347204551Z/pass_plus_manifest.json
300,1,2021,00-0023459,A.Rodgers,575,16,141.11106048928247,0.2454105399813608,0.5130434782608696,30,17,8,0,20799,0.04047878194474436,0.20493175803661645,117.83576087105446,1.1821856871232708,0.002055975108040471,0.2474665150894013,119.01794655817773,116.78090100127177,575,0.12128298624087891,0.3606264214279955,106.55095513236203,125.95499628088932,0.040478781944744364,0.18502081604167445,data/metadata/20260915T175349423779Z/pass_plus_manifest.json
300,2,2021,00-0033873,P.Mahomes,732,17,158.73680074979345,0.2168535529368763,0.5286885245901639,28,46,14,0,20799,0.04047878194474436,0.17637477099213195,129.10633236624057,4.283945180486333,0.005852384126347449,0.22270593706322375,133.3902775467269,114.7735124363602,732,0.08948321814797537,0.36333935272855655,103.97288563943474,126.1749389358782,0.040478781944744364,0.18502081604167445,data/metadata/20260915T175349423779Z/pass_plus_manifest.json
300,3,2021,00-0019596,T.Brady,749,17,142.0829989999203,0.18969692790376544,0.5126835781041389,22,10,5,0,20799,0.04047878194474436,0.14921814595902108,111.76439132330678,4.610484501358616,0.006155520028516177,0.19585244793228163,116.3748758246654,112.5964474683114,749,0.0784639184700792,0.30578230673823387,103.07952942847082,121.50867646700888,0.040478781944744364,0.18502081604167445,data/metadata/20260915T175349423779Z/pass_plus_manifest.json
300,4,2021,00-0026498,M.Stafford,639,17,120.58315111523592,0.18870602678440676,0.5023474178403756,30,8,8,0,20799,0.04047878194474436,0.1482272448396624,94.71720945254428,0.9530180830123757,0.0014914211001758617,0.19019744788458262,95.67022753555666,112.13798553667459,639,0.04412202975379645,0.342024650290726,100.29536523676056,124.44691425515555,0.040478781944744364,0.18502081604167445,data/metadata/20260915T175349423779Z/pass_plus_manifest.json
300,5,2021,00-0033077,D.Prescott,646,16,112.89745462938158,0.17476386165538946,0.5030959752321982,30,20,8,0,20799,0.04047878194474436,0.1342850797106451,86.74816149307674,-0.9401399939524555,-0.0014553250680378568,0.1733085365873516,85.80802149912428,110.76876841355151,646,0.012086779144219092,0.33761890597579164,97.6982047149119,124.08973193298306,0.040478781944744364,0.18502081604167445,data/metadata/20260915T175349423779Z/pass_plus_manifest.json
300,6,2021,00-0031345,J.Garoppolo,473,15,76.48748823416882,0.16170716328576917,0.4883720930232558,29,6,11,0,20799,0.04047878194474436,0.12122838134102482,57.34102437430474,2.161617742101614,0.004570016368079522,0.1662771796538487,59.50264211640635,110.19872253299077,473,0.0370481083587039,0.3063806258379543,99.7218685719178,121.55718336849063,0.040478781944744364,0.18502081604167445,data/metadata/20260915T175349423779Z/pass_plus_manifest.json
300,7,2021,00-0036442,J.Burrow,589,16,101.24408365070218,0.17189148327793238,0.48896434634974534,51,20,12,0,20799,0.04047878194474436,0.13141270133318803,77.40208108524776,-4.740372858104645,-0.008048171236170874,0.1638433120417615,72.66170822714311,110.00140411789371,589,-0.010010808906160162,0.3344119110679729,95.90670996395896,123.82973457351598,0.040478781944744364,0.18502081604167445,data/metadata/20260915T175349423779Z/pass_plus_manifest.json
300,8,2021,00-0034857,J.Allen,718,17,121.68343800176036,0.1694755403924239,0.5125348189415042,26,46,14,0,20799,0.04047878194474436,0.12899675844767955,92.61967256543392,-5.708723408191959,-0.007950868256534762,0.16152467213588914,86.91094915724196,109.81342743866291,718,0.05315273919147165,0.2806831926838685,101.02750254143344,119.47384212312252,0.040478781944744364,0.18502081604167445,data/metadata/20260915T175349423779Z/pass_plus_manifest.json
300,9,2021,00-0036355,J.Herbert,738,17,124.2103630903322,0.16830672505465066,0.5013550135501355,31,36,6,0,20799,0.04047878194474436,0.1278279431099063,94.33702201511086,-6.1462088162617015,-0.008328196227996885,0.15997852882665378,88.19081319884916,109.68807857179105,738,0.04015169118416258,0.2714085354779877,99.97348211129054,118.72192749500373,0.040478781944744364,0.18502081604167445,data/metadata/20260915T175349423779Z/pass_plus_manifest.json
300,10,2021,00-0035228,K.Murray,541,14,76.6981390468623,0.141771051842629,0.5046210720887245,31,29,5,0,20799,0.04047878194474436,0.10129226989788465,54.79911801475559,1.954698590345894,0.00361312123908668,0.1453841730817157,56.753816605101484,108.50488556217444,541,0.01630322173880619,0.28013679374406664,98.04003997578633,119.42954449071351,0.040478781944744364,0.18502081604167445,data/metadata/20260915T175349423779Z/pass_plus_manifest.json
300,11,2021,00-0029604,K.Cousins,599,16,68.8653018821845,0.11496711499529966,0.4557595993322204,28,15,7,0,20799,0.04047878194474436,0.0744883330505553,44.618511497282626,1.4397253185519863,0.0024035481111051526,0.11737066310640482,46.05823681583461,106.23377543186879,599,-0.0031583661794212037,0.23539514823434107,96.4622509192963,115.80225164332538,0.040478781944744364,0.18502081604167445,data/metadata/20260915T175349423779Z/pass_plus_manifest.json
300,12,2021,00-0031237,T.Bridgewater,472,14,57.56377544773157,0.12195715137231265,0.4788135593220339,31,15,13,0,20799,0.04047878194474436,0.0814783694275683,38.45779036981224,-6.100315103298766,-0.012924396405293996,0.10903275496701866,32.35747526651347,105.55780488559998,472,-0.02557872878163668,0.2477123627125875,94.64458820313206,116.80083234968265,0.040478781944744364,0.18502081604167445,data/metadata/20260915T175349423779Z/pass_plus_manifest.json
300,13,2021,00-0036389,J.Hurts,506,15,39.91354953949655,0.07888053268675208,0.45454545454545453,26,50,6,0,20799,0.04047878194474436,0.03840175074200772,19.431285875455906,-4.1761503720762825,-0.00825326160489384,0.07062727108185823,15.255135503379623,102.44419707323551,506,-0.08179183396260588,0.21189796167578978,90.08728164836789,113.89728869959433,0.040478781944744364,0.18502081604167445,data/metadata/20260915T175349423779Z/pass_plus_manifest.json
300,14,2021,00-0036972,M.Jones,563,17,36.19046351005787,0.06428146271768716,0.4849023090586146,28,15,7,0,20799,0.04047878194474436,0.0238026807729428,13.400909275166793,-3.9358665288404,-0.006990881933997157,0.05729058078369,9.465042746326393,101.3629654650717,563,-0.06831423629444061,0.19789774935794002,91.17993689304558,112.76226406149931,0.040478781944744364,0.18502081604167445,data/metadata/20260915T175349423779Z/pass_plus_manifest.json
300,15,2021,00-0034796,L.Jackson,465,12,27.572024923595052,0.05929467725504312,0.49032258064516127,38,49,4,0,20799,0.04047878194474436,0.018815895310298765,8.749391319288925,-1.1062455770395028,-0.0023790227463215113,0.05691565450872161,7.6431457422494224,101.3325694575043,465,-0.1009237898949615,0.22768811817775111,88.53621650269967,115.17742761907715,0.040478781944744364,0.18502081604167445,data/metadata/20260915T175349423779Z/pass_plus_manifest.json
300,16,2021,00-0036212,T.Tagovailoa,425,13,27.00979545673312,0.06355245989819558,0.4894117647058824,20,18,6,0,20799,0.04047878194474436,0.02307367795345122,9.806313130216768,-4.138789633765966,-0.009738328550037567,0.05381413134815801,5.667523496450802,101.08112289919936,425,-0.0778307870940649,0.1658982788155525,90.40841147742849,110.16800429978849,0.040478781944744364,0.18502081604167445,data/metadata/20260915T175349423779Z/pass_plus_manifest.json
300,17,2021,00-0029701,R.Tannehill,596,17,34.832228441152644,0.058443336310658796,0.4949664429530201,47,19,11,0,20799,0.04047878194474436,0.01796455436591444,10.706874402085006,-8.596071129899686,-0.01442293813741558,0.044020398173243214,2.1108032721853203,100.28712576543559,596,-0.09498441500932135,0.1945955352352855,89.0177332595198,112.49454709375735,0.040478781944744364,0.18502081604167445,data/metadata/20260915T175349423779Z/pass_plus_manifest.json
300,18,2021,00-0031280,D.Carr,680,17,29.989191501149563,0.044101752207572884,0.4661764705882353,40,17,16,0,20799,0.04047878194474436,0.003622970262828526,2.463619778723398,-1.1433048110667947,-0.0016813306045099922,0.04242042160306289,1.3203149676566035,100.15741253064313,680,-0.07603313811004817,0.17250303434844075,90.5541504020378,110.70346476911757,0.040478781944744364,0.18502081604167445,data/metadata/20260915T175349423779Z/pass_plus_manifest.json
300,19,2021,00-0029263,R.Wilson,456,14,14.941937456380883,0.03276740670258965,0.4407894736842105,33,23,8,0,20799,0.04047878194474436,-0.0077113752421547055,-3.516387110422544,1.8646258608355273,0.004089091800077911,0.03685649850266756,-1.6517612495870166,99.70633438553793,456,-0.11485306361440759,0.20648168530535488,87.40694299574125,113.45818056411716,0.040478781944744364,0.18502081604167445,data/metadata/20260915T175349423779Z/pass_plus_manifest.json
300,20,2021,00-0032950,C.Wentz,574,17,13.472786658209527,0.023471753759946912,0.44773519163763065,32,26,7,0,20799,0.04047878194474436,-0.017007028184797445,-9.762034178073735,-2.847935936000945,-0.004961560864113144,0.01851019289583377,-12.609970114074681,98.21896345079661,574,-0.10197003707032673,0.150477814696232,88.45139519466402,108.91783706596921,0.040478781944744364,0.18502081604167445,data/metadata/20260915T175349423779Z/pass_plus_manifest.json
300,21,2021,00-0034855,B.Mayfield,484,14,-9.250747724710623,-0.019113115133699635,0.4297520661157025,43,25,7,0,20799,0.04047878194474436,-0.05959189707844399,-28.84247818596689,-0.33863585165659993,-0.0006996608505301651,-0.0198127759842298,-29.18111403762349,95.11204529153676,484,-0.12328905412196535,0.09839314453522932,86.72302071974791,104.69523082560399,0.040478781944744364,0.18502081604167445,data/metadata/20260915T175349423779Z/pass_plus_manifest.json
300,22,2021,00-0035710,D.Jones,405,11,-12.879230673287157,-0.03180056956367199,0.4222222222222222,22,23,8,0,20799,0.04047878194474436,-0.07227935150841636,-29.27313736090862,3.9228513954548543,0.009686052828283592,-0.0221145167353884,-25.350285965453764,94.92543865988294,405,-0.16834492190950992,0.13486896205011897,83.07025325675639,107.65239680524223,0.040478781944744364,0.18502081604167445,data/metadata/20260915T175349423779Z/pass_plus_manifest.json
300,23,2021,00-0026143,M.Ryan,616,17,-18.645758688513943,-0.030269088780055103,0.461038961038961,40,17,14,0,20799,0.04047878194474436,-0.07074787072479946,-43.580688366476465,4.532685926960489,0.007358256374935858,-0.022910832405119246,-39.048002439515976,94.8608797886083,616,-0.17056145965377942,0.1193464490226851,82.8905541997781,106.39395626653516,0.040478781944744364,0.18502081604167445,data/metadata/20260915T175349423779Z/pass_plus_manifest.json
300,24,2021,00-0031800,T.Heinicke,569,16,-26.997724211640474,-0.0474476699677337,0.44815465729349735,38,40,5,0,20799,0.04047878194474436,-0.08792645191247805,-50.03015113820001,8.683027397126674,0.015260153597762168,-0.032187516369971525,-41.34712374107334,94.1088008471694,569,-0.20788958355529968,0.1283398195714731,79.86429007176406,107.12306643434154,0.040478781944744364,0.18502081604167445,data/metadata/20260915T175349423779Z/pass_plus_manifest.json
300,25,2021,00-0033106,J.Goff,535,14,-35.712100593461976,-0.06675158989432145,0.4504672897196262,35,11,12,0,20799,0.04047878194474436,-0.10723037183906581,-57.368248933900205,3.6604473731466847,0.006841957706816233,-0.05990963218750522,-53.70780156075352,91.86131461205657,535,-0.1891815430659441,0.07450336955784655,81.38098756204604,102.7584399697036,0.040478781944744364,0.18502081604167445,data/metadata/20260915T175349423779Z/pass_plus_manifest.json
300,26,2021,00-0022924,B.Roethlisberger,644,16,-44.2604722817656,-0.06872744143131304,0.39596273291925466,38,3,14,0,20799,0.04047878194474436,-0.1092062233760574,-70.32880785418097,3.9099878480124355,0.006071409701882664,-0.06265603172943038,-66.41882000616853,91.63865862117824,644,-0.16054894991552215,0.0374784759527051,83.7022879781008,99.75675931582502,0.040478781944744364,0.18502081604167445,data/metadata/20260915T175349423779Z/pass_plus_manifest.json
300,27,2021,00-0036971,T.Lawrence,663,17,-59.17700039364243,-0.08925641085013941,0.4434389140271493,32,32,8,0,20799,0.04047878194474436,-0.12973519279488377,-86.01443282300794,-6.734634405077735,-0.010157819615501862,-0.09941423046564127,-92.74906722808566,88.65859944276141,663,-0.18931095482138893,-0.007664735080795914,81.37049589752309,96.09691076478418,0.040478781944744364,0.18502081604167445,data/metadata/20260915T175349423779Z/pass_plus_manifest.json
300,28,2021,00-0036945,J.Fields,349,12,-42.966680046449774,-0.12311369640816554,0.42406876790830944,36,45,5,0,20799,0.04047878194474436,-0.1635924783529099,-57.093774945165556,3.085842235235013,0.00884195482875362,-0.11427174157941192,-54.00793270993054,87.45407191188964,349,-0.3357601613181052,0.0852698533211095,69.49757184255651,103.6312998992186,0.040478781944744364,0.18502081604167445,data/metadata/20260915T175349423779Z/pass_plus_manifest.json
300,29,2021,00-0036898,D.Mills,433,13,-56.0132853201117,-0.12936093607416096,0.42494226327944573,31,10,9,0,20799,0.04047878194474436,-0.16983971801890532,-73.54059790218601,1.0037165058856048,0.0023180519766411198,-0.12704288409751985,-72.5368813963004,86.41869037012587,433,-0.34711793331995355,0.09130358354164526,68.57677501724496,104.12046622787457,0.040478781944744364,0.18502081604167445,data/metadata/20260915T175349423779Z/pass_plus_manifest.json
300,30,2021,00-0034869,S.Darnold,464,12,-70.30980523908501,-0.15152975267044183,0.41594827586206895,35,23,7,0,20799,0.04047878194474436,-0.1920085346151862,-89.09196006144639,5.659696848651081,0.012197622518644572,-0.13933213015179727,-83.4322632127953,85.42237711868805,464,-0.31684526635678184,0.037843375417091756,71.0310394300951,99.78634243021669,0.040478781944744364,0.18502081604167445,data/metadata/20260915T175349423779Z/pass_plus_manifest.json
300,31,2021,00-0037013,Z.Wilson,442,13,-85.2503560149462,-0.19287410863110002,0.36877828054298645,44,16,3,0,20799,0.04047878194474436,-0.23335289057584438,-103.14197763452322,1.747715917257347,0.0039541084100844955,-0.18892000022101552,-101.39426171726586,81.40219135282949,442,-0.3409073080602755,-0.02356195540677639,69.08028257324983,94.8080919713572,0.040478781944744364,0.18502081604167445,data/metadata/20260915T175349423779Z/pass_plus_manifest.json
300,1,2022,00-0033873,P.Mahomes,720,17,209.30933992853537,0.2907074165674102,0.5333333333333333,26,46,12,0,20210,0.015473245525922667,0.27523417104148756,198.16860314987105,-1.5354049865869408,-0.0021325069258151955,0.28857490964159505,196.6331981632841,122.66474337460305,720,0.1999405905933548,0.39378847501357894,115.30896946558653,131.39643113785672,0.01547324552592266,0.18074437879254537,data/metadata/20260915T175351369838Z/pass_plus_manifest.json
300,2,2022,00-0036212,T.Tagovailoa,430,13,94.75122796508762,0.22035169294206425,0.4930232558139535,21,10,5,0,20210,0.015473245525922667,0.20487844741614158,88.09773238894087,3.3328547337047567,0.0077508249621040855,0.22810251790416833,91.43058712264562,117.64613155319456,430,0.0625128042044308,0.38597059821738855,103.9038192218829,130.74762450427698,0.01547324552592266,0.18074437879254537,data/metadata/20260915T175351369838Z/pass_plus_manifest.json
300,3,2022,00-0034857,J.Allen,650,16,140.52403189440423,0.21619081829908343,0.5215384615384615,33,51,7,0,20210,0.015473245525922667,0.20071757277316077,130.4664223025545,-0.8010437397567174,-0.0012323749842411036,0.21495844331484232,129.66537856279777,116.55530305740943,650,0.12422847390758064,0.30650446541160115,109.02561084678199,124.15271958911525,0.01547324552592266,0.18074437879254537,data/metadata/20260915T175351369838Z/pass_plus_manifest.json
300,4,2022,00-0031345,J.Garoppolo,329,11,61.50697438111423,0.1869512899122013,0.49848024316109424,18,3,7,0,20210,0.015473245525922667,0.17147804438627864,56.41627660308568,-1.2118157876984972,-0.00368333066169756,0.18326795925050374,55.20446081538718,113.9253055762115,329,0.04439514024092373,0.3376253178098593,102.40023188341009,126.73544326269445,0.01547324552592266,0.18074437879254537,data/metadata/20260915T175351369838Z/pass_plus_manifest.json
300,5,2022,00-0033106,J.Goff,624,17,96.89163248518943,0.15527505205959846,0.4823717948717949,23,15,9,0,20210,0.015473245525922667,0.1398018065336758,87.23632727701369,2.332234296363146,0.0037375549621204264,0.15901260702171888,89.56856157337683,111.91235067347912,624,0.027398837067923048,0.27170414498072115,100.98970642586525,121.26463637485193,0.01547324552592266,0.18074437879254537,data/metadata/20260915T175351369838Z/pass_plus_manifest.json
300,6,2022,00-0036442,J.Burrow,673,16,99.87692525113884,0.1484055352914396,0.5022288261515602,41,27,13,0,20210,0.015473245525922667,0.13293228976551694,89.46343101219288,3.060920324750423,0.004548172845097211,0.1529537081365368,92.52435133694331,111.40952185033743,673,0.020829682863748266,0.2890523451351492,100.4445314460352,122.70436580961959,0.01547324552592266,0.18074437879254537,data/metadata/20260915T175351369838Z/pass_plus_manifest.json
300,7,2022,00-0036971,T.Lawrence,633,17,92.1847540355132,0.14563152296289605,0.5039494470774092,27,24,8,0,20210,0.015473245525922667,0.1301582774369734,82.39018961760415,3.0007330514765282,0.0047404945520956214,0.15037201751499168,85.39092266908068,111.19526700279042,633,0.037098415637486504,0.2586449855172968,101.79467573951925,120.18085499664265,0.01547324552592266,0.18074437879254537,data/metadata/20260915T175351369838Z/pass_plus_manifest.json
300,8,2022,00-0036389,J.Hurts,541,15,68.56420093026351,0.12673604608181796,0.4658040665434381,38,43,7,0,20210,0.015473245525922667,0.1112628005558953,60.193175100739346,-2.405958198980569,-0.0044472425119788704,0.1222888035698391,57.787216901758775,108.86463734785222,541,-0.008811770515297792,0.24412388302147411,97.98458329353404,118.97574677201928,0.01547324552592266,0.18074437879254537,data/metadata/20260915T175351369838Z/pass_plus_manifest.json
300,9,2022,00-0033119,J.Brissett,413,12,32.338193198685545,0.07830070992417808,0.4552058111380145,24,23,5,0,20210,0.015473245525922667,0.06282746439825541,25.947742796479485,2.134203820160816,0.005167563729202945,0.08346827365338103,28.081946616640302,105.64291641447132,413,-0.07846998402574197,0.2636969286901215,92.20363890324711,120.60011643148566,0.01547324552592266,0.18074437879254537,data/metadata/20260915T175351369838Z/pass_plus_manifest.json
300,10,2022,00-0033077,D.Prescott,429,12,34.02608114869815,0.07931487447248985,0.4965034965034965,20,15,5,0,20210,0.015473245525922667,0.06384162894656718,27.388058818077322,-2.00404237458608,-0.004671427446587599,0.07464344702590225,25.38401644349124,104.91054288066357,429,-0.08128299747005595,0.24255726411667194,91.97018654391735,118.84573286105275,0.01547324552592266,0.18074437879254537,data/metadata/20260915T175351369838Z/pass_plus_manifest.json
300,11,2022,00-0029701,R.Tannehill,370,12,24.110114105477276,0.065162470555344,0.46216216216216216,33,13,7,0,20210,0.015473245525922667,0.04968922502942133,18.38501326088589,1.7629468022662782,0.004764721087206158,0.06992719164255015,20.14796006315217,104.51914022005037,370,-0.08508302924148299,0.21868860521256236,91.65482140253816,116.86486968869052,0.01547324552592266,0.18074437879254537,data/metadata/20260915T175351369838Z/pass_plus_manifest.json
300,12,2022,00-0035710,D.Jones,565,16,33.35522648077254,0.05903579908101334,0.4814159292035398,44,54,11,0,20210,0.015473245525922667,0.04356255355509067,24.61284275862623,-0.1813585002831536,-0.000320988496076378,0.058714810584936966,24.431484258343076,103.58862322700332,565,-0.02732535217377231,0.16780842219924194,96.44813869297548,112.64231654320213,0.01547324552592266,0.18074437879254537,data/metadata/20260915T175351369838Z/pass_plus_manifest.json
300,13,2022,00-0034796,L.Jackson,377,12,17.833132920026465,0.047302739840919004,0.4562334217506631,26,26,4,0,20210,0.015473245525922667,0.031829494314996334,11.99971935675362,0.7936473718718919,0.002105165442631013,0.04940790528355002,12.79336672862551,102.81624192002481,377,-0.09524843096062398,0.20050044939526904,90.81119336383645,115.3554322219102,0.01547324552592266,0.18074437879254537,data/metadata/20260915T175351369838Z/pass_plus_manifest.json
300,14,2022,00-0019596,T.Brady,756,17,38.56300232199324,0.05100926233067889,0.47354497354497355,22,4,4,0,20210,0.015473245525922667,0.035536016804756224,26.865228704395705,-2.142498662375366,-0.002833992939649955,0.04817526939102893,24.722730042020338,102.71394530360259,756,-0.027699780343946215,0.12973881430732706,96.4170648494063,109.4829147283653,0.01547324552592266,0.18074437879254537,data/metadata/20260915T175351369838Z/pass_plus_manifest.json
300,15,2022,00-0029604,K.Cousins,698,17,26.44357512390146,0.03788477811447201,0.47707736389684813,46,12,13,0,20210,0.015473245525922667,0.022411532588549343,15.64324974680744,3.8568503097431095,0.0055255735096606156,0.04341035162413263,19.50010005655055,102.31850414531638,698,-0.07431914534767999,0.16603190615994176,92.54811755639733,112.49488324116794,0.01547324552592266,0.18074437879254537,data/metadata/20260915T175351369838Z/pass_plus_manifest.json
300,16,2022,00-0031280,D.Carr,543,15,19.547376166519456,0.035998851135394944,0.4180478821362799,27,14,8,0,20210,0.015473245525922667,0.020525605609472277,11.145403845943449,2.1564278849691596,0.003971322071766408,0.039970173207161355,13.301831730912609,102.03300328161428,543,-0.06397010715023428,0.14177295286722547,93.40698561082165,110.48162948566166,0.01547324552592266,0.18074437879254537,data/metadata/20260915T175351369838Z/pass_plus_manifest.json
300,17,2022,00-0030565,G.Smith,650,17,27.01388867141844,0.04155982872525914,0.49230769230769234,46,33,14,0,20210,0.015473245525922667,0.02608658319933647,16.956279079568706,-2.6403624559533387,-0.004062096086082059,0.03749773263917708,14.315916623615367,101.82781511052139,650,-0.07107766944908309,0.1559751165833661,92.81712807171057,111.66026893860212,0.01547324552592266,0.18074437879254537,data/metadata/20260915T175351369838Z/pass_plus_manifest.json
300,18,2022,00-0036355,J.Herbert,757,17,19.45949943724036,0.02570607587482214,0.4583883751651255,38,22,10,0,20210,0.015473245525922667,0.010232830348899474,7.746252574116902,-5.293347231822922,-0.006992532670836093,0.018713543203986046,2.4529053422939793,100.26891273463468,757,-0.07668622908135043,0.12606072096827314,92.3516729629762,109.17766927368295,0.01547324552592266,0.18074437879254537,data/metadata/20260915T175351369838Z/pass_plus_manifest.json
300,19,2022,00-0027973,A.Dalton,414,14,6.6497028440938335,0.01606208416447786,0.49033816425120774,25,11,3,0,20210,0.015473245525922667,0.0005888386385551926,0.24377919636184942,-1.8618822853574952,-0.004497300206177525,0.011564783958300334,-1.6181030889956458,99.6756362554344,414,-0.08904811419286691,0.11409853793602608,91.32575847583423,108.18492611518255,0.01547324552592266,0.18074437879254537,data/metadata/20260915T175351369838Z/pass_plus_manifest.json
300,20,2022,00-0032268,M.Mariota,351,13,-1.323283240314744,-0.0037700377216944277,0.4672364672364672,28,27,10,0,20210,0.015473245525922667,-0.019243283247617093,-6.7543924199136,0.8575385891982555,0.0024431298837557136,-0.001326907837938714,-5.896853830715345,98.6057530411656,351,-0.11242274174085615,0.13591459178442833,89.38589503132694,109.99544332137259,0.01547324552592266,0.18074437879254537,data/metadata/20260915T175351369838Z/pass_plus_manifest.json
300,21,2022,00-0038102,K.Pickett,443,13,-2.9738923607498995,-0.0067130753064331816,0.44243792325056436,27,28,6,0,20210,0.015473245525922667,-0.022186320832355846,-9.828540128733641,0.08317319243001753,0.00018774987004518628,-0.006525325436387995,-9.745366936303624,98.17433567428726,443,-0.09439548470545298,0.09429423773236228,90.88197948682979,106.54136461114307,0.01547324552592266,0.18074437879254537,data/metadata/20260915T175351369838Z/pass_plus_manifest.json
300,22,2022,00-0023459,A.Rodgers,585,17,-4.8356326597282075,-0.008266038734578133,0.4495726495726496,32,13,8,0,20210,0.015473245525922667,-0.0237392842605008,-13.887481292392966,-2.3755306654931063,-0.004060736180330096,-0.012326774914908228,-16.26301195788607,97.69287261159536,585,-0.09697411837887009,0.07677535994214908,90.6679783358139,105.08747061671454,0.01547324552592266,0.18074437879254537,data/metadata/20260915T175351369838Z/pass_plus_manifest.json
300,23,2022,00-0035228,K.Murray,437,11,-2.248339622101331,-0.005144941927005334,0.4302059496567506,25,25,4,0,20210,0.015473245525922667,-0.020618187452928,-9.010147916929537,-3.3550840941344187,-0.00767753797284764,-0.012822479899852975,-12.365232011063956,97.65173398906201,437,-0.10449615234006704,0.09697766798656803,90.04372373840008,106.76406284431626,0.01547324552592266,0.18074437879254537,data/metadata/20260915T175351369838Z/pass_plus_manifest.json
300,24,2022,00-0036972,M.Jones,494,14,-32.57808824816442,-0.06594754706106158,0.39878542510121456,34,20,5,0,20210,0.015473245525922667,-0.08142079258698424,-40.221871537970216,0.8364624310121079,0.0016932437874739028,-0.06425430327358768,-39.38540910695811,93.3834001368015,494,-0.15142446302746398,0.011096135814514768,86.14913700207393,99.63674308374216,0.01547324552592266,0.18074437879254537,data/metadata/20260915T175351369838Z/pass_plus_manifest.json
300,25,2022,00-0036945,J.Fields,439,15,-30.20285127782419,-0.06879920564424645,0.41002277904328016,55,66,7,0,20210,0.015473245525922667,-0.08427245117016911,-36.995606063704244,1.4335474340049315,0.0032654839043392515,-0.0655337217399072,-35.562058629699315,93.2772210283667,439,-0.20706360535596893,0.05901552940406533,81.53163719099823,103.61357992174015,0.01547324552592266,0.18074437879254537,data/metadata/20260915T175351369838Z/pass_plus_manifest.json
300,26,2022,00-0026498,M.Stafford,337,9,-27.85441916713951,-0.082654062810503,0.4688427299703264,29,5,6,0,20210,0.015473245525922667,-0.09812730833642566,-33.06890290937545,2.83669852025104,0.008417503027451157,-0.07423655978305184,-30.232204389124412,92.55497134337371,337,-0.197843793614799,0.0876926233342783,82.29679059184774,105.99349575550957,0.01547324552592266,0.18074437879254537,data/metadata/20260915T175351369838Z/pass_plus_manifest.json
300,27,2022,00-0029263,R.Wilson,565,15,-41.626520419344146,-0.07367525737937017,0.3787610619469027,55,28,2,0,20210,0.015473245525922667,-0.08914850290529283,-50.368904141490454,-2.458044635852831,-0.004350521479385541,-0.07802577885875571,-52.82694877734328,92.24050354904858,565,-0.17062549086829992,0.022553243688708983,84.55564115154395,100.58756998779856,0.01547324552592266,0.18074437879254537,data/metadata/20260915T175351369838Z/pass_plus_manifest.json
300,28,2022,00-0026143,M.Ryan,508,12,-39.7217517862795,-0.07819242477614075,0.4389763779527559,38,10,3,0,20210,0.015473245525922667,-0.09366567030206341,-47.582160513448216,-1.8664155941858112,-0.0036740464452476597,-0.0818664712213884,-49.448576107634025,91.92176397980523,508,-0.22910834863319168,0.05914757952297507,79.70214101873896,103.62453877864557,0.01547324552592266,0.18074437879254537,data/metadata/20260915T175351369838Z/pass_plus_manifest.json
300,29,2022,00-0032950,C.Wentz,314,8,-32.429697400324976,-0.1032792910838375,0.3980891719745223,26,12,4,0,20210,0.015473245525922667,-0.11875253660976016,-37.28829649546469,0.4138504905865188,0.0013179951929506968,-0.1019612958908868,-36.87444600487817,90.25409181176265,314,-0.2650158656420833,0.06756226904256644,76.7221714134237,104.32287497940092,0.01547324552592266,0.18074437879254537,data/metadata/20260915T175351369838Z/pass_plus_manifest.json
300,30,2022,00-0036898,D.Mills,526,15,-70.32367440536191,-0.13369519848928121,0.3745247148288973,31,17,4,0,20210,0.015473245525922667,-0.14916844401520388,-78.46260155199724,-2.1392882722289874,-0.004067087970017086,-0.1377622864592983,-80.60188982422622,87.28296284989021,526,-0.25086214115145783,-0.02546137658864208,77.89679088860561,96.60283027433329,0.01547324552592266,0.18074437879254537,data/metadata/20260915T175351369838Z/pass_plus_manifest.json
300,31,2022,00-0034855,B.Mayfield,385,12,-53.57472661446462,-0.1391551340635445,0.36103896103896105,36,15,11,0,20210,0.015473245525922667,-0.15462837958946715,-59.53192614194485,0.3658020024415241,0.000950135071276686,-0.1382049989922678,-59.166124139503324,87.24622207798403,385,-0.28203095404728795,0.04510816852227279,75.31008696696345,102.45940619517394,0.01547324552592266,0.18074437879254537,data/metadata/20260915T175351369838Z/pass_plus_manifest.json
300,1,2023,00-0037834,B.Purdy,486,16,151.3882111909916,0.3114983769361967,0.5473251028806584,28,17,10,0,20693,-0.001131078581726837,0.31262945551792354,151.93791538171084,1.0733208918029196,0.002208479201240575,0.31370685613743726,153.01123627351376,125.99738874570406,486,0.12807625294496536,0.49600662016375074,110.66915023912465,141.05058695026497,-0.0011310785817268275,0.18165551421266662,data/metadata/20260915T175353868767Z/pass_plus_manifest.json
300,2,2023,00-0033077,D.Prescott,656,17,134.09053333977207,0.20440630082282327,0.5045731707317073,39,27,10,0,20693,-0.001131078581726837,0.2055373794045501,134.83252088938488,-5.69308012806889,-0.008678475804983064,0.1957278250178402,129.139440761316,116.25540279793833,656,0.08534857597514066,0.30353900320709193,107.14096031697869,125.15778971334754,-0.0011310785817268275,0.18165551421266662,data/metadata/20260915T175353868767Z/pass_plus_manifest.json
300,3,2023,00-0036212,T.Tagovailoa,603,17,107.32645789852464,0.17798749236902925,0.49917081260364843,29,16,7,0,20693,-0.001131078581726837,0.1791185709507561,108.00849828330593,3.9348277116045853,0.006525419090554868,0.18451291145958412,111.94332599491051,115.32934391058245,603,0.040527088671533575,0.3398537912908539,103.4398763588721,128.1564425404713,-0.0011310785817268275,0.18165551421266662,data/metadata/20260915T175353868767Z/pass_plus_manifest.json
300,4,2023,00-0034857,J.Allen,649,17,107.55426885015937,0.16572306448406685,0.5069337442218799,24,48,12,0,20693,-0.001131078581726837,0.1668541430657937,108.2883388497001,0.779344693877067,0.0012008392817828457,0.1669239037658497,109.06768354357716,113.8769513611488,649,0.0709250175491214,0.26355714921279666,105.94995118451162,121.85633303853216,-0.0011310785817268275,0.18165551421266662,data/metadata/20260915T175353868767Z/pass_plus_manifest.json
300,5,2023,00-0036264,J.Love,631,17,81.34746318189104,0.12891832516939944,0.4611727416798732,30,24,4,0,20693,-0.001131078581726837,0.13004940375112628,82.06117376696068,-1.8565692840117072,-0.0029422651093687913,0.12597606006003065,80.20460448294897,110.49572917117325,631,-0.004269990397203884,0.25809437669113267,99.74080788333772,121.40525073486462,-0.0011310785817268275,0.18165551421266662,data/metadata/20260915T175353868767Z/pass_plus_manifest.json
300,6,2023,00-0039163,C.Stroud,554,15,63.09531897185094,0.1138904674582147,0.4693140794223827,38,23,10,0,20693,-0.001131078581726837,0.11502154603994154,63.72193650612761,-1.1575041352964217,-0.0020893576449393892,0.1118011098132753,62.56443237083119,109.32524857980289,554,-0.019734495465714624,0.2421625277213575,98.46384375134835,120.08969620527928,-0.0011310785817268275,0.18165551421266662,data/metadata/20260915T175353868767Z/pass_plus_manifest.json
300,7,2023,00-0033106,J.Goff,638,17,67.97552858622187,0.10654471565238538,0.49216300940438873,30,7,9,0,20693,-0.001131078581726837,0.10767579423411222,68.6971567213636,-0.02944548653440937,-0.000046152800210672994,0.10649856285217471,68.66771123482918,108.88739672178886,638,-0.0034582525166222356,0.2184095637532668,99.80783622685648,118.12832189156458,-0.0011310785817268275,0.18165551421266662,data/metadata/20260915T175353868767Z/pass_plus_manifest.json
300,8,2023,00-0034796,L.Jackson,559,16,57.04720946100668,0.10205225306083485,0.4883720930232558,37,66,10,0,20693,-0.001131078581726837,0.10318333164256169,57.679482388191985,-1.667653103044129,-0.0029832792541039876,0.09906897380673085,56.011829285147854,108.27390675334678,559,-0.06660611103053293,0.2832201652722827,94.59347275534778,123.47998449866341,-0.0011310785817268275,0.18165551421266662,data/metadata/20260915T175353868767Z/pass_plus_manifest.json
300,9,2023,00-0036389,J.Hurts,622,17,60.293529583101886,0.09693493502106412,0.4646302250803859,36,48,12,0,20693,-0.001131078581726837,0.09806601360279096,60.99706046093598,-1.0591569528426412,-0.0017028246830267544,0.09523211033803737,59.937903508093335,107.95708206305402,622,-0.02863443362065379,0.20717583504377254,97.72894135709568,117.20070936423363,-0.0011310785817268275,0.18165551421266662,data/metadata/20260915T175353868767Z/pass_plus_manifest.json
300,10,2023,00-0026498,M.Stafford,562,15,53.087623723188614,0.09446196392026444,0.45907473309608543,30,14,10,0,20693,-0.001131078581726837,0.09559304250199128,53.7232898861191,0.35160330673715295,0.0006256286596746494,0.0950875925799391,54.07489319285625,107.94514867154167,562,-0.015437574331810412,0.21536087746828086,98.81865718648088,117.87658004671613,-0.0011310785817268275,0.18165551421266662,data/metadata/20260915T175353868767Z/pass_plus_manifest.json
300,11,2023,00-0033873,P.Mahomes,672,16,64.26734389441033,0.09563592841430109,0.4836309523809524,27,50,12,0,20693,-0.001131078581726837,0.09676700699602793,65.02742870133076,-5.977779739746862,-0.008895505565099496,0.0867404228492016,59.0496489615839,107.25589050889388,672,-0.041374240300966286,0.22302677142824848,96.67696613337102,118.50958262799146,-0.0011310785817268275,0.18165551421266662,data/metadata/20260915T175353868767Z/pass_plus_manifest.json
300,12,2023,00-0034855,B.Mayfield,636,17,47.37470162193718,0.0744885245627943,0.4449685534591195,40,30,6,0,20693,-0.001131078581726837,0.07561960314452114,48.09406759991545,1.143317234484373,0.0017976686076798317,0.07628619317047412,49.23738483439982,106.39264423827791,636,-0.03697472492798485,0.19941403710038763,97.04025117253292,116.55978761927372,-0.0011310785817268275,0.18165551421266662,data/metadata/20260915T175353868767Z/pass_plus_manifest.json
300,13,2023,00-0029604,K.Cousins,329,8,22.075340919637323,0.06709830066759065,0.45592705167173253,17,3,8,0,20693,-0.001131078581726837,0.06822937924931749,22.447465773025453,-0.10528455617609556,-0.00032001384855956096,0.06677828681903109,22.342181216849358,105.6075395532383,329,-0.10190818689433961,0.2433546908540342,91.67844350202618,120.18813773659011,-0.0011310785817268275,0.18165551421266662,data/metadata/20260915T175353868767Z/pass_plus_manifest.json
300,14,2023,00-0030565,G.Smith,546,15,40.21732093221288,0.07365809694544483,0.4816849816849817,31,20,10,0,20693,-0.001131078581726837,0.07478917552717167,40.83488983783573,-4.286636729336308,-0.007850983020762469,0.06580711392468236,36.54825310849942,105.52734604257955,546,-0.052572126937555225,0.1724426514389524,95.75231322494243,114.33265575005949,-0.0011310785817268275,0.18165551421266662,data/metadata/20260915T175353868767Z/pass_plus_manifest.json
300,15,2023,00-0036355,J.Herbert,516,13,25.532853876249604,0.0494822749539721,0.45930232558139533,29,31,8,0,20693,-0.001131078581726837,0.050613353535698936,26.11649042442065,4.330397303500284,0.00839224283624086,0.057874517790212965,30.446887727920934,104.87232082887898,516,-0.11053021173628032,0.19699049573815677,90.96648948736465,116.35966641408473,-0.0011310785817268275,0.18165551421266662,data/metadata/20260915T175353868767Z/pass_plus_manifest.json
300,16,2023,00-0031280,D.Carr,588,17,28.015175217448537,0.04764485581198731,0.4557823129251701,31,9,6,0,20693,-0.001131078581726837,0.048775934393714145,28.680249423503916,-4.102710743849236,-0.006977399224233394,0.04066745658775392,24.57753867965468,103.45146708185362,588,-0.07594492741015987,0.15926627608634758,93.82233048476188,113.24463135869591,-0.0011310785817268275,0.18165551421266662,data/metadata/20260915T175353868767Z/pass_plus_manifest.json
300,17,2023,00-0036442,J.Burrow,402,10,3.454267252900063,0.008592704609204136,0.472636815920398,24,14,4,0,20693,-0.001131078581726837,0.009723783190930974,3.9089608427542513,5.839153261956243,0.014525256870537918,0.023117961479742054,9.748114104710494,102.00233723979446,402,-0.13982527777754125,0.16948519846955296,88.54748232139187,114.0884473937469,-0.0011310785817268275,0.18165551421266662,data/metadata/20260915T175353868767Z/pass_plus_manifest.json
300,18,2023,00-0035289,G.Minshew II,545,16,0.24806581725598553,0.00045516663716694595,0.42201834862385323,34,21,8,0,20693,-0.001131078581726837,0.0015862452188937829,0.8645036442971117,3.1861859065507283,0.005846212672570144,0.0063013793097370895,4.05068955084784,100.6137268601791,545,-0.07170327635867503,0.09684177503977691,94.1725800549334,108.08999831737606,-0.0011310785817268275,0.18165551421266662,data/metadata/20260915T175353868767Z/pass_plus_manifest.json
300,19,2023,00-0036971,T.Lawrence,640,16,-5.695762167269545,-0.008899628386358664,0.4671875,35,41,9,0,20693,-0.001131078581726837,-0.007768549804631826,-4.9718718749643696,5.562788254198998,0.008691856647185935,-0.00020777173917272893,0.5909163792346286,100.07624102520828,640,-0.11932577325327297,0.11870522434142883,90.2402058767255,109.89534808033916,-0.0011310785817268275,0.18165551421266662,data/metadata/20260915T175353868767Z/pass_plus_manifest.json
300,20,2023,00-0035228,K.Murray,301,8,-0.7238242729158819,-0.002404731803707249,0.42857142857142855,18,16,3,0,20693,-0.001131078581726837,-0.001273653221980412,-0.38336961981610396,-0.0021750094017112254,-7.225944856183473e-6,-0.0024119577485634323,-0.3855446292178152,99.894232841839,301,-0.14409140663793873,0.1796818861784068,88.19521152364968,114.9304274255435,-0.0011310785817268275,0.18165551421266662,data/metadata/20260915T175353868767Z/pass_plus_manifest.json
300,21,2023,00-0029263,R.Wilson,524,15,-24.984595046162923,-0.047680524897257485,0.4312977099236641,45,36,10,0,20693,-0.001131078581726837,-0.04654944631553065,-24.39190986933806,2.095810466424404,0.003999638294703061,-0.043680886602554425,-22.296099402913658,96.4864974064855,524,-0.1621890752203323,0.07040921887132229,86.7008168728047,105.90735968818122,-0.0011310785817268275,0.18165551421266662,data/metadata/20260915T175353868767Z/pass_plus_manifest.json
300,22,2023,00-0036945,J.Fields,457,13,-16.35451183523658,-0.035786677976447655,0.40043763676148797,44,43,7,0,20693,-0.001131078581726837,-0.03465559939472082,-15.837608923387414,-4.847512392631177,-0.010607248123919425,-0.04639392610036708,-20.68512131601859,96.26247121799587,457,-0.1898775478283189,0.09182225487762036,84.41447235461094,107.67551707931024,-0.0011310785817268275,0.18165551421266662,data/metadata/20260915T175353868767Z/pass_plus_manifest.json
300,23,2023,00-0038579,A.O'Connell,366,11,-21.19013295037342,-0.057896538115774374,0.4180327868852459,24,0,3,0,20693,-0.001131078581726837,-0.05676545953404754,-20.7761581894614,0.44678271422379356,0.0012207177984256655,-0.056675820317348705,-20.329375475237605,95.41345535451832,366,-0.25497883290451484,0.14036079596380682,79.03880687935477,111.68353257748238,-0.0011310785817268275,0.18165551421266662,data/metadata/20260915T175353868767Z/pass_plus_manifest.json
300,24,2023,00-0038122,D.Ridder,436,15,-30.368272388380916,-0.06965200089078191,0.46559633027522934,31,19,5,0,20693,-0.001131078581726837,-0.06852092230905507,-29.875122126748014,-4.419698341977824,-0.010136922802701431,-0.07978892369348334,-34.29482046872584,93.5049168103146,436,-0.22171037636619506,0.05778823276972596,81.7859123016024,104.86519594025165,-0.0011310785817268275,0.18165551421266662,data/metadata/20260915T175353868767Z/pass_plus_manifest.json
300,25,2023,00-0038102,K.Pickett,360,12,-41.875441683321405,-0.11632067134255945,0.4083333333333333,23,14,5,0,20693,-0.001131078581726837,-0.11518959276083261,-41.468253393899744,5.852060770028326,0.016255724361189796,-0.10006494698136965,-35.61619262387142,91.83064696699878,360,-0.258697822540291,0.0673625161636001,78.7317154883864,105.65578163499683,-0.0011310785817268275,0.18165551421266662,data/metadata/20260915T175353868767Z/pass_plus_manifest.json
300,26,2023,00-0033949,J.Dobbs,481,13,-54.955599609343196,-0.11425280584063034,0.4074844074844075,30,34,7,0,20693,-0.001131078581726837,-0.1131217272589035,-54.411550811532585,0.06507427836170163,0.00013528956000353768,-0.1141175162806268,-54.346476533170886,90.67027184487569,481,-0.28822751869562657,0.05222969701954402,76.29333400434584,104.4062060955772,-0.0011310785817268275,0.18165551421266662,data/metadata/20260915T175353868767Z/pass_plus_manifest.json
300,27,2023,00-0037077,S.Howell,709,17,-94.45538552904343,-0.13322339284773402,0.4146685472496474,65,32,11,0,20693,-0.001131078581726837,-0.13209231426600718,-93.6534508145991,-0.03175171094698026,-0.00004478379541181983,-0.13326817664314583,-93.68520252554607,89.08892758080074,709,-0.28117080341469286,-0.01207833664892725,76.87603434059923,99.09604246411278,-0.0011310785817268275,0.18165551421266662,data/metadata/20260915T175353868767Z/pass_plus_manifest.json
300,28,2023,00-0036972,M.Jones,379,11,-64.24622303028094,-0.1695151003437492,0.42744063324538256,22,12,8,0,20693,-0.001131078581726837,-0.16838402176202236,-63.817544247806474,-0.10905052778063298,-0.00028773226327343795,-0.16980283260702264,-63.926594775587105,86.07211941049341,379,-0.3239406485513417,-0.020393041718077733,73.34436242945283,98.40946503442218,-0.0011310785817268275,0.18165551421266662,data/metadata/20260915T175353868767Z/pass_plus_manifest.json
300,29,2023,00-0039150,B.Young,619,16,-142.51092507624213,-0.23022766571283057,0.36995153473344106,62,31,7,0,20693,-0.001131078581726837,-0.22909658713110373,-141.8107874341532,-6.533809154216465,-0.010555426743483788,-0.24078309245631435,-148.34459658836968,80.21100419825211,619,-0.36068561998192683,-0.1168790442352804,70.31018769576701,90.44224177653817,-0.0011310785817268275,0.18165551421266662,data/metadata/20260915T175353868767Z/pass_plus_manifest.json
300,30,2023,00-0037013,Z.Wilson,436,12,-108.69271014196475,-0.2492952067476256,0.3738532110091743,46,25,7,0,20693,-0.001131078581726837,-0.24816412816589875,-108.19955988033185,-0.9012652876675312,-0.002067122219420943,-0.2513623289670465,-109.10082516799937,79.33743562892587,436,-0.3886620169003847,-0.11361943689842742,68.00006815111294,90.7114001902792,-0.0011310785817268275,0.18165551421266662,data/metadata/20260915T175353868767Z/pass_plus_manifest.json
300,1,2024,00-0034796,L.Jackson,538,17,191.58730195233042,0.3561102266771941,0.533457249070632,23,46,9,0,20116,0.05235087245648106,0.30375935422071304,163.4225325707436,1.4839146273095434,0.0027582056269694114,0.35886843230416354,164.90644719805314,124.25860978219134,538,0.21117170959243364,0.5323229757924667,112.56950079883381,137.9862607772007,0.052350872456481054,0.18953119898447496,data/metadata/20260915T175356430768Z/pass_plus_manifest.json
300,2,2024,00-0034857,J.Allen,539,16,163.89117417164763,0.3040652582034279,0.49907235621521334,14,43,9,0,20116,0.05235087245648106,0.2517143857469468,135.67405391760434,-3.046123467387728,-0.005651435004429922,0.29841382319899795,132.6279304502166,119.47407224200639,539,0.1673469621550111,0.4284332858810617,109.10109446212729,129.76415614735174,0.052350872456481054,0.18953119898447496,data/metadata/20260915T175356430768Z/pass_plus_manifest.json
300,3,2024,00-0033106,J.Goff,581,17,160.8769769553907,0.2768966901125485,0.5421686746987951,31,14,12,0,20116,0.05235087245648106,0.22454581765606746,130.4611200581752,1.3438083858320595,0.0023129232114149044,0.27920961332396343,131.80492844400726,117.95420031765312,581,0.11381612049215777,0.4501307093126688,104.86452217616517,131.48134758189107,0.052350872456481054,0.18953119898447496,data/metadata/20260915T175356430768Z/pass_plus_manifest.json
300,4,2024,00-0036212,T.Tagovailoa,425,11,93.42606781184945,0.219826041910234,0.5341176470588235,21,7,8,0,20116,0.05235087245648106,0.16747516945375293,71.176947017845,-3.182384148183699,-0.007487962701608703,0.2123380792086253,67.9945628696613,112.66181037285972,425,0.044017239991461045,0.369871799454248,99.34045430174513,125.12944533926913,0.052350872456481054,0.18953119898447496,data/metadata/20260915T175356430768Z/pass_plus_manifest.json
300,5,2024,00-0034855,B.Mayfield,651,17,127.90208926871232,0.19647018320846746,0.522273425499232,40,42,10,0,20116,0.05235087245648106,0.1441193107519864,93.82167129954314,-2.469006794866413,-0.0037926371656934145,0.19267754604277404,91.35266450467672,111.10582381725351,651,0.04750465540628514,0.33968881471720636,99.61645757457117,122.7406841565115,0.052350872456481054,0.18953119898447496,data/metadata/20260915T175356430768Z/pass_plus_manifest.json
300,6,2024,00-0037834,B.Purdy,525,15,97.75480343629614,0.18619962559294503,0.5066666666666667,31,44,7,0,20116,0.05235087245648106,0.13384875313646397,70.27059539664359,0.7006427842727606,0.001334557684329068,0.1875341832772741,70.97123818091634,110.69876449458853,525,0.041544081342943,0.32917770338284635,99.14472198998567,121.90880702567398,0.052350872456481054,0.18953119898447496,data/metadata/20260915T175356430768Z/pass_plus_manifest.json
300,7,2024,00-0036442,J.Burrow,721,17,121.2865044348199,0.1682198397154229,0.5187239944521498,48,22,9,0,20116,0.05235087245648106,0.11586896725894183,83.54152539369706,4.5954355206180955,0.006373696977278912,0.1745935366927018,88.13696091431515,109.67460752302586,721,0.08005284229122964,0.26311405747997935,102.19240710631111,116.68035548918485,0.052350872456481054,0.18953119898447496,data/metadata/20260915T175356430768Z/pass_plus_manifest.json
300,8,2024,00-0039910,J.Daniels,597,17,105.35591726046684,0.17647557330061447,0.48576214405360135,47,72,11,0,20116,0.05235087245648106,0.1241247008441334,74.10244640394765,-2.326660047035812,-0.003897253010110238,0.17257832029050424,71.77578635691184,109.51511797093664,597,0.057411977445065744,0.2872443824772535,100.40054922480066,118.59009318355126,0.052350872456481054,0.18953119898447496,data/metadata/20260915T175356430768Z/pass_plus_manifest.json
300,9,2024,00-0033873,P.Mahomes,652,16,103.48635474333672,0.1587214029805778,0.5076687116564417,36,37,7,0,20116,0.05235087245648106,0.10637053052409673,69.35358590171106,2.2695541623784408,0.0034809112919914737,0.16220231427256926,71.6231400640895,108.6939334319111,652,0.0776301723193782,0.24803160852347217,102.00067060185968,115.48669061733365,0.052350872456481054,0.18953119898447496,data/metadata/20260915T175356430768Z/pass_plus_manifest.json
300,10,2024,00-0036389,J.Hurts,437,15,75.21001991794212,0.17210530873670965,0.482837528604119,38,39,8,0,20116,0.05235087245648106,0.11975443628022858,52.3326886544599,-6.521479013715504,-0.014923292937564081,0.15718201579914556,45.811209640744394,108.29661374256791,437,0.02396741211403514,0.29046848142115084,97.75365793379716,118.84525689494858,0.052350872456481054,0.18953119898447496,data/metadata/20260915T175356430768Z/pass_plus_manifest.json
300,11,2024,00-0036264,J.Love,451,15,59.050819980180414,0.13093308199596543,0.4745011086474501,14,12,12,0,20116,0.05235087245648106,0.07858220953948436,35.44057650230745,6.554095940126138,0.014532363503605627,0.14546544549957105,41.99467244243359,107.3693334033135,451,0.03725397969445163,0.2731589854652937,98.8051920072062,117.47533763770204,0.052350872456481054,0.18953119898447496,data/metadata/20260915T175356430768Z/pass_plus_manifest.json
300,12,2024,00-0036355,J.Herbert,573,17,74.45434490888152,0.1299377747100899,0.4537521815008726,41,31,5,0,20116,0.05235087245648106,0.07758690225360884,44.45729499131788,1.8189358947084373,0.003174408193208442,0.13311218290329835,46.27623088602632,106.39166355298312,573,0.005900193846838368,0.25897371886683107,96.32377053024545,116.35267814883146,0.052350872456481054,0.18953119898447496,data/metadata/20260915T175356430768Z/pass_plus_manifest.json
300,13,2024,00-0035228,K.Murray,611,17,67.89961298659588,0.11112866282585251,0.49918166939443537,30,41,10,0,20116,0.05235087245648106,0.05877779036937145,35.91322991568596,5.232804203361383,0.008564327665075913,0.11969299049092842,41.14603411904734,105.32963319985885,611,0.014135663663577663,0.24486474210284315,96.97554737708114,115.23605643908775,0.052350872456481054,0.18953119898447496,data/metadata/20260915T175356430768Z/pass_plus_manifest.json
300,14,2024,00-0034869,S.Darnold,620,17,52.99291552288842,0.08547244439175551,0.49516129032258066,48,28,10,0,20116,0.05235087245648106,0.03312157193527445,20.53537459987016,0.3113141532559023,0.0005021196020256488,0.08597456399378116,20.846688753126063,102.66106781238067,620,-0.050650740147007454,0.21070027833809402,91.84818015540077,112.53219048341882,0.052350872456481054,0.18953119898447496,data/metadata/20260915T175356430768Z/pass_plus_manifest.json
300,15,2024,00-0026498,M.Stafford,547,16,38.756686665390454,0.07085317489102459,0.48811700182815354,28,3,7,0,20116,0.05235087245648106,0.01850230243454353,10.120759431695312,7.535132557308769,0.013775379446633946,0.08462855433765853,17.655891989004083,102.55454105082363,547,-0.048564514085657956,0.23473735667145068,92.01328959958683,114.434548390361,0.052350872456481054,0.18953119898447496,data/metadata/20260915T175356430768Z/pass_plus_manifest.json
300,16,2024,00-0039732,B.Nix,640,17,38.95707177327177,0.060870424645737144,0.4375,24,50,8,0,20116,0.05235087245648106,0.008519552189256083,5.452513401123895,-2.3733046337482744,-0.0037082884902316787,0.057162136155505465,3.0792087673756203,100.38077612483883,640,-0.09440719423654217,0.21468243108938778,88.38517873473872,112.84734857659532,0.052350872456481054,0.18953119898447496,data/metadata/20260915T175356430768Z/pass_plus_manifest.json
300,17,2024,00-0029604,K.Cousins,480,14,17.133125602520035,0.03569401167191674,0.48125,28,3,4,0,20116,0.05235087245648106,-0.01665686078456432,-7.995293176590874,3.1113521571836875,0.006481983660799349,0.04217599533271609,-4.883941019407186,99.19473333322301,480,-0.11110862485683233,0.1920075785911739,87.06338337520599,111.0528008224756,0.052350872456481054,0.18953119898447496,data/metadata/20260915T175356430768Z/pass_plus_manifest.json
300,18,2024,00-0030565,G.Smith,650,17,23.897968278163194,0.036766105043327994,0.47384615384615386,50,24,9,0,20116,0.05235087245648106,-0.015584767413153067,-10.130098818549495,0.6516063386803322,0.0010024712902774343,0.037768576333605426,-9.478492479869162,98.84591854525728,650,-0.02376734475162338,0.09908417898293799,93.97580311716862,103.69859739004909,0.052350872456481054,0.18953119898447496,data/metadata/20260915T175356430768Z/pass_plus_manifest.json
300,19,2024,00-0036971,T.Lawrence,314,10,0.8311977563876098,0.0026471266126993943,0.43312101910828027,18,13,2,0,20116,0.05235087245648106,-0.04970374584378166,-15.606976194947443,2.6322711601612565,0.008383029172488078,0.011030155785187472,-12.974705034786187,96.72976927603263,314,-0.1646317896119776,0.1922625231596395,82.82741866000919,111.07297780941747,0.052350872456481054,0.18953119898447496,data/metadata/20260915T175356430768Z/pass_plus_manifest.json
300,20,2024,00-0029263,R.Wilson,387,11,3.1340429312891853,0.008098302148034071,0.42377260981912146,33,20,6,0,20116,0.05235087245648106,-0.04425257030844699,-17.125744709368988,0.20020458105451844,0.0005173244988488848,0.008615626646882956,-16.92554012831447,96.53867705866352,387,-0.1310628771222493,0.16151995103032163,85.48415111378938,108.63992940150051,0.052350872456481054,0.18953119898447496,data/metadata/20260915T175356430768Z/pass_plus_manifest.json
300,21,2024,00-0023459,A.Rodgers,640,17,3.2855196257955948,0.005133624415305617,0.4328125,40,16,12,0,20116,0.05235087245648106,-0.04721724804117544,-30.219038746352282,-0.13358087409954633,-0.00020872011578054115,0.004924904299525076,-30.35261962045183,96.24658353787646,640,-0.13993797861237955,0.14382921774700547,84.78175212583774,107.239838014586,0.052350872456481054,0.18953119898447496,data/metadata/20260915T175356430768Z/pass_plus_manifest.json
300,22,2024,00-0039851,D.Maye,416,13,1.2279524613559243,0.0029518088013363564,0.4807692307692308,34,45,8,0,20116,0.05235087245648106,-0.0493990636551447,-20.550010480540195,-2.2842199638005,-0.005490913374520433,-0.0025391045731840765,-22.834230444340694,95.65586214904692,416,-0.142248608863787,0.12465403928712296,84.59888274097224,105.72226371315504,0.052350872456481054,0.18953119898447496,data/metadata/20260915T175356430768Z/pass_plus_manifest.json
300,23,2024,00-0039163,C.Stroud,620,17,-4.369104051435761,-0.007046942018444775,0.42258064516129035,52,37,8,0,20116,0.05235087245648106,-0.059397814474925835,-36.82664497445402,-5.1543600329348855,-0.008313483924088524,-0.015360425942533298,-41.9810050073889,94.64114889038183,620,-0.12409833380272245,0.08676139702073185,86.0353434787016,102.72333985765606,0.052350872456481054,0.18953119898447496,data/metadata/20260915T175356430768Z/pass_plus_manifest.json
300,24,2024,00-0039150,B.Young,450,14,-11.356573473976056,-0.025236829942169012,0.4066666666666667,29,37,8,0,20116,0.05235087245648106,-0.07758770239865007,-34.91446607939253,2.3062265745734423,0.005124947943496538,-0.020111881998672473,-32.60823950481909,94.26510610046667,450,-0.20860118228750665,0.14618291450257975,79.34756471687574,107.42611579641182,0.052350872456481054,0.18953119898447496,data/metadata/20260915T175356430768Z/pass_plus_manifest.json
300,25,2024,00-0039918,C.Williams,676,17,-30.44836130489553,-0.04504195459304073,0.40532544378698226,68,50,4,0,20116,0.05235087245648106,-0.09739282704952179,-65.83755108547673,4.854416158334128,0.007181088991618532,-0.0378608656014222,-60.98313492714261,92.86040462932232,676,-0.17460003269909638,0.10209438128748964,82.03850555700588,103.93683275610074,0.052350872456481054,0.18953119898447496,data/metadata/20260915T175356430768Z/pass_plus_manifest.json
300,26,2024,00-0033077,D.Prescott,311,8,-15.198715209329077,-0.04887046691102597,0.4212218649517685,21,6,3,0,20116,0.05235087245648106,-0.10122133936750703,-31.479836543294688,1.3685719824462286,0.004400552998219384,-0.04446991391280659,-30.11126456084846,92.33734707889292,311,-0.24194246474356998,0.1322229243752227,76.70884750556365,106.32128528284815,0.052350872456481054,0.18953119898447496,data/metadata/20260915T175356430768Z/pass_plus_manifest.json
300,27,2024,00-0031503,J.Winston,327,9,-23.95938729454834,-0.07327029753684508,0.42201834862385323,24,8,4,0,20116,0.05235087245648106,-0.12562116999332615,-41.078122587817646,3.5820855868268815,0.010954390173782512,-0.06231590736306257,-37.49603700099077,90.92496799202941,327,-0.26814940630689893,0.13656008885870266,74.63476088786577,106.66453994277106,0.052350872456481054,0.18953119898447496,data/metadata/20260915T175356430768Z/pass_plus_manifest.json
300,28,2024,00-0035710,D.Jones,381,10,-27.942026890727288,-0.07333865325650207,0.4304461942257218,29,15,4,0,20116,0.05235087245648106,-0.12568952571298314,-47.88770929664658,-0.796583443251984,-0.002090770192262425,-0.0754294234487645,-48.68429273989856,89.88712967127019,381,-0.24551431194172946,0.10038756729617321,76.42616207825951,103.80175098588599,0.052350872456481054,0.18953119898447496,data/metadata/20260915T175356430768Z/pass_plus_manifest.json
300,29,2024,00-0033662,C.Rush,324,11,-34.90090198894915,-0.10771883329922577,0.404320987654321,13,4,4,0,20116,0.05235087245648106,-0.16006970575570684,-51.86258466484901,-0.07844122178438395,-0.00024210253637155541,-0.10796093583559732,-51.94102588663339,87.31249980337986,324,-0.28943005097004965,0.07117593835130451,72.95055442656749,101.48986546771903,0.052350872456481054,0.18953119898447496,data/metadata/20260915T175356430768Z/pass_plus_manifest.json
300,30,2024,00-0035289,G.Minshew II,343,10,-42.38802869492164,-0.12358025858577737,0.4489795918367347,29,11,4,0,20116,0.05235087245648106,-0.17593113104225844,-60.34437794749464,1.3095544316083891,0.003817942949295595,-0.11976231563648178,-59.03482351588625,86.3785074160486,343,-0.288167535342484,0.023140291326639736,73.05047325003801,97.68819740868356,0.052350872456481054,0.18953119898447496,data/metadata/20260915T175356430768Z/pass_plus_manifest.json
300,31,2024,00-0039152,W.Levis,362,12,-59.634115467870984,-0.16473512560185355,0.3674033149171271,41,20,3,0,20116,0.05235087245648106,-0.21708599805833462,-78.58513129711713,3.6694473872041735,0.010136594992276723,-0.15459853060957682,-74.91568390991296,83.62147729437862,362,-0.30740227334096126,-0.019943642135244702,71.52818524931264,94.2784210478998,0.052350872456481054,0.18953119898447496,data/metadata/20260915T175356430768Z/pass_plus_manifest.json
300,1,2025,00-0039851,D.Maye,601,17,190.20665555794244,0.31648361989674284,0.5524126455906821,47,62,5,0,19734,0.04314511131264041,0.2733385085841024,164.27644365904555,-11.690085714604598,-0.01945105776140532,0.2970325621353375,152.58635794444095,120.31037514418865,601,0.17675823420198275,0.44660783976689766,110.68872305927505,132.27603154488529,0.04314511131264042,0.18750573218388425,data/metadata/20260915T175358573019Z/pass_plus_manifest.json
300,2,2025,00-0036264,J.Love,483,15,125.08711844334718,0.2589795412905739,0.5031055900621118,21,24,7,0,19734,0.04314511131264041,0.21583442997793345,104.24802967934187,-2.3948951654580415,-0.004958375083764061,0.2540211662068098,101.85313451388383,116.86956866102895,483,0.1461420125118693,0.36340160633497864,108.23950020084357,125.6197363642409,0.04314511131264042,0.18750573218388425,data/metadata/20260915T175358573019Z/pass_plus_manifest.json
300,3,2025,00-0026498,M.Stafford,624,17,139.23713701684244,0.22313643752699108,0.5272435897435898,23,7,9,0,19734,0.04314511131264041,0.17999132621435066,112.31458755775482,-1.655811703482815,-0.002653544396607075,0.220482893130384,110.65877585427201,114.18658883802797,624,0.10602894155672717,0.3252113611948322,105.03055262724588,122.56461015327041,0.04314511131264042,0.18750573218388425,data/metadata/20260915T175358573019Z/pass_plus_manifest.json
300,4,2025,00-0037834,B.Purdy,313,9,64.60992821492869,0.20642149589434086,0.5335463258785943,11,18,1,0,19734,0.04314511131264041,0.16327638458170046,51.10550837407224,4.140601002162251,0.013228757195406553,0.21965025308974742,55.246109376234486,114.119979671129,313,0.01915669474257888,0.39993369229038495,98.08098534183453,128.5422138957208,0.04314511131264042,0.18750573218388425,data/metadata/20260915T175358573019Z/pass_plus_manifest.json
300,5,2025,00-0033873,P.Mahomes,586,14,98.04011201882213,0.16730394542461113,0.49829351535836175,34,52,13,0,19734,0.04314511131264041,0.12415883411197072,72.75707678961484,9.07892478653123,0.015493045710804147,0.18279699113541528,81.83600157614607,111.17180884522135,586,0.05903684867154557,0.2919497653000811,101.27130012297333,119.90376382814591,0.04314511131264042,0.18750573218388425,data/metadata/20260915T175358573019Z/pass_plus_manifest.json
300,6,2025,00-0033106,J.Goff,619,17,109.3703506834146,0.17668877331730953,0.4862681744749596,38,5,6,0,19734,0.04314511131264041,0.1335436620046691,82.66352678089018,1.5443338252253045,0.0024948850165190705,0.1791836583338286,84.20786060611549,110.88275105806716,619,0.038655080865271994,0.3190270557646754,99.64080854528503,122.06988084354788,0.04314511131264042,0.18750573218388425,data/metadata/20260915T175358573019Z/pass_plus_manifest.json
300,7,2025,00-0034857,J.Allen,547,16,93.89419151296364,0.1716530009377763,0.48811700182815354,40,48,13,0,19734,0.04314511131264041,0.12850788962513587,70.29381562494933,-2.237327105542112,-0.004090177523842983,0.1675628234139333,68.05648851940722,109.95311268505206,547,0.03752615803553173,0.2895057462329052,99.55049747986385,119.70824828000423,0.04314511131264042,0.18750573218388425,data/metadata/20260915T175358573019Z/pass_plus_manifest.json
300,8,2025,00-0033077,D.Prescott,654,17,110.75132310238685,0.16934453073759456,0.4847094801223242,31,26,12,0,19734,0.04314511131264041,0.12619941942495416,82.53442030392002,-4.463357117057088,-0.006824705071952734,0.16251982566564183,78.07106318686293,109.54968519863161,654,0.056585675061241125,0.2683089165872748,101.07521222887894,118.01255374852909,0.04314511131264042,0.18750573218388425,data/metadata/20260915T175358573019Z/pass_plus_manifest.json
300,9,2025,00-0035710,D.Jones,426,13,67.82943711503373,0.15922403078646416,0.5070422535211268,22,22,6,0,19734,0.04314511131264041,0.11607891947382375,49.44961969584891,-0.32519796425844305,-0.0007633755029540916,0.15846065528351008,49.124421731590466,109.22496149539961,426,0.004011154591111916,0.30976354740684175,96.86937917051381,121.32882283028545,0.04314511131264042,0.18750573218388425,data/metadata/20260915T175358573019Z/pass_plus_manifest.json
300,10,2025,00-0036972,M.Jones,310,8,40.583557674090585,0.13091470217448575,0.5225806451612903,16,8,4,0,19734,0.04314511131264041,0.08776959086184534,27.208573167172055,3.7650255346654786,0.01214524366021122,0.14305994583469697,30.973598701837535,107.99294240434779,310,0.01785625465663542,0.2745193108581226,97.97695331538948,118.50937010170254,0.04314511131264042,0.18750573218388425,data/metadata/20260915T175358573019Z/pass_plus_manifest.json
300,11,2025,00-0034869,S.Darnold,514,17,67.08923651525515,0.13052380644991274,0.5233463035019456,27,14,11,0,19734,0.04314511131264041,0.08737869513727232,44.91264930055798,2.0074324909066092,0.003905510682697683,0.13442931713261042,46.92008179146459,107.30251321573856,514,-0.03522128262334486,0.32233439704993666,93.73088014244286,122.33446005774633,0.04314511131264042,0.18750573218388425,data/metadata/20260915T175358573019Z/pass_plus_manifest.json
300,12,2025,00-0039163,C.Stroud,468,14,55.36744336172861,0.11830650290967652,0.4636752136752137,23,25,9,0,19734,0.04314511131264041,0.07516139159703611,35.17553126741289,1.8687195392751903,0.003992990468536731,0.12229949337821325,37.04425080668808,106.33215698077544,468,-0.007713624907506161,0.2703742885085285,95.93142548541368,118.17777845103804,0.04314511131264042,0.18750573218388425,data/metadata/20260915T175358573019Z/pass_plus_manifest.json
300,13,2025,00-0039732,B.Nix,669,17,76.09520346887987,0.11374469875766798,0.4484304932735426,22,36,11,0,19734,0.04314511131264041,0.07059958744502756,47.23112400072344,-0.8022981347664584,-0.0011992498277525537,0.11254544892991541,46.42882586595698,105.55185727995892,669,0.018885913743685586,0.205594822119852,98.05932352416052,112.99557956830083,0.04314511131264042,0.18750573218388425,data/metadata/20260915T175358573019Z/pass_plus_manifest.json
300,14,2025,00-0039918,C.Williams,633,17,70.56154048219744,0.1114716279339612,0.4486571879936809,24,43,10,0,19734,0.04314511131264041,0.06832651662132079,43.250685021296064,-2.041612498749406,-0.0032252962065551435,0.10824633172740605,41.209072522546656,105.20793841792435,633,0.036199831709529035,0.19004001111542707,99.44439461752293,111.7512327296796,0.04314511131264042,0.18750573218388425,data/metadata/20260915T175358573019Z/pass_plus_manifest.json
300,15,2025,00-0036971,T.Lawrence,641,17,53.16949418214086,0.08294772883329307,0.4711388455538221,41,43,10,0,19734,0.04314511131264041,0.03980261752065266,25.513477830738353,3.9127689025348658,0.00610416365450057,0.08905189248779365,29.426246733273217,103.67243022177048,641,-0.02253799945647278,0.2182429862703039,94.74551177683207,114.0074017672655,0.04314511131264042,0.18750573218388425,data/metadata/20260915T175358573019Z/pass_plus_manifest.json
300,16,2025,00-0036389,J.Hurts,524,16,45.38151167233306,0.08660593830597912,0.4446564885496183,32,40,6,0,19734,0.04314511131264041,0.04346082699333871,22.773473344509487,0.10979747031824638,0.00020953715709589004,0.08681547546307501,22.883270814827732,103.493522329302,524,-0.0403257049179347,0.23306445185054436,93.3225388425419,115.19308276546336,0.04314511131264042,0.18750573218388425,data/metadata/20260915T175358573019Z/pass_plus_manifest.json
300,17,2025,00-0034855,B.Mayfield,620,17,38.88631993968265,0.06271987087045588,0.45,36,42,9,0,19734,0.04314511131264041,0.01957475955781547,12.136350925845594,5.9672405766439915,0.009624581575232244,0.07234445244568813,18.103591502489586,102.33587587907012,620,-0.08688158553974132,0.22899772945181582,89.59818225251378,114.86775491937327,0.04314511131264042,0.18750573218388425,data/metadata/20260915T175358573019Z/pass_plus_manifest.json
300,18,2025,00-0034796,L.Jackson,366,13,22.266072399064488,0.0608362633854221,0.4644808743169399,36,30,4,0,19734,0.04314511131264041,0.017691152072781685,6.474961658638096,-0.6627554795920685,-0.0018108073212898047,0.059025456064132294,5.8122061790460275,101.27038874224269,366,-0.13538538356545216,0.2509872882730946,85.71799703411119,116.6268658461566,0.04314511131264042,0.18750573218388425,data/metadata/20260915T175358573019Z/pass_plus_manifest.json
300,19,2025,00-0036355,J.Herbert,615,16,33.479670393680934,0.05443848844500965,0.4666666666666667,54,49,12,0,19734,0.04314511131264041,0.011293377132369234,6.945426936407081,0.6357259067170246,0.0010337006613284952,0.055472189106338145,7.581152843124106,100.98613607569143,615,-0.09209943288503271,0.21176380345934856,89.18076722595546,113.48908298824801,0.04314511131264042,0.18750573218388425,data/metadata/20260915T175358573019Z/pass_plus_manifest.json
300,20,2025,00-0040691,J.Dart,411,13,20.469719441998897,0.0498046701751798,0.44525547445255476,35,38,12,0,19734,0.04314511131264041,0.006659558862539383,2.7370786925036867,1.779023317818794,0.004328523887636968,0.05413319406281676,4.516102010322481,100.87901974693236,411,-0.10228851098557372,0.187171586147656,88.3656658969026,111.52176574744159,0.04314511131264042,0.18750573218388425,data/metadata/20260915T175358573019Z/pass_plus_manifest.json
300,21,2025,00-0023459,A.Rodgers,536,16,18.54329392032405,0.03459569761254487,0.43097014925373134,29,12,5,0,19734,0.04314511131264041,-0.008549413700095543,-4.582485743251212,1.0959562053728045,0.0020446944130089635,0.03664039202555383,-3.4865295378784076,99.47963836534548,536,-0.10217309759787342,0.16500087522960746,88.37489868565706,109.74816309595256,0.04314511131264042,0.18750573218388425,data/metadata/20260915T175358573019Z/pass_plus_manifest.json
300,22,2025,00-0039917,M.Penix,302,9,9.411865906110542,0.031165118894405767,0.4602649006622517,13,13,6,0,19734,0.04314511131264041,-0.011979992418234647,-3.6179577103068628,-2.3444184316119356,-0.00776297493911237,0.023402143955293397,-5.962376141918798,98.420610895939,302,-0.2128356810024373,0.27219904194727984,79.52216265601622,118.32375426341709,0.04314511131264042,0.18750573218388425,data/metadata/20260915T175358573019Z/pass_plus_manifest.json
300,23,2025,00-0036212,T.Tagovailoa,423,14,7.675573918918266,0.018145564820137745,0.4444444444444444,30,11,6,0,19734,0.04314511131264041,-0.024999546492502668,-10.574808166328628,-2.08346269694457,-0.004925443728001347,0.013220121092136397,-12.658270863273199,97.60607396862217,423,-0.17572997161868759,0.17635859184544272,82.49052865887745,110.65675264813999,0.04314511131264042,0.18750573218388425,data/metadata/20260915T175358573019Z/pass_plus_manifest.json
300,24,2025,00-0033119,J.Brissett,549,13,0.22407575398072188,0.0004081525573419342,0.453551912568306,43,22,7,0,19734,0.04314511131264041,-0.04273695875529848,-23.462590356658865,3.250639590053417,0.005921019289714785,0.006329171847056719,-20.211950766605447,97.05481488191421,549,-0.0468647659082765,0.05943844661400256,92.799429955615,101.30342697619906,0.04314511131264042,0.18750573218388425,data/metadata/20260915T175358573019Z/pass_plus_manifest.json
300,25,2025,00-0039150,B.Young,536,16,-5.591317618576004,-0.010431562721223888,0.43843283582089554,27,33,5,0,19734,0.04314511131264041,-0.053576674033864305,-28.717097282151265,-0.9813073491969094,-0.0018307972932778162,-0.012262360014501704,-29.698404631348176,95.5675378015,536,-0.14995174814315063,0.12137637663634836,84.55272349222713,106.25830989905319,0.04314511131264042,0.18750573218388425,data/metadata/20260915T175358573019Z/pass_plus_manifest.json
300,26,2025,00-0040743,T.Shough,375,11,1.1195352224291515,0.002985427259811071,0.448,31,20,4,0,19734,0.04314511131264041,-0.04015968405282934,-15.059881519811002,-7.605767907641034,-0.020282047753709422,-0.01729662049389835,-22.665649427452035,95.16480927522277,375,-0.15419883528027337,0.1361292931213384,84.2129669081758,107.43850713727858,0.04314511131264042,0.18750573218388425,data/metadata/20260915T175358573019Z/pass_plus_manifest.json
300,27,2025,00-0026158,J.Flacco,434,12,-46.28485932440055,-0.1066471413004621,0.41013824884792627,18,4,3,0,19734,0.04314511131264041,-0.14979225261310253,-65.0098376340865,-7.154330672550731,-0.016484632886061595,-0.1231317741865237,-72.16416830663722,86.69825581629964,434,-0.3369161880424589,0.08559033371880892,69.59602555117795,103.39551398603722,0.04314511131264042,0.18750573218388425,data/metadata/20260915T175358573019Z/pass_plus_manifest.json
300,28,2025,00-0030565,G.Smith,519,15,-67.66035842402934,-0.13036677923705076,0.4238921001926782,55,18,10,0,19734,0.04314511131264041,-0.17351189054969118,-90.05267119528972,1.2900551495658303,0.0024856553941538157,-0.12788112384289693,-88.76261604572389,86.31831945907011,519,-0.2680089112397609,0.03645004090591783,75.10843917182834,99.46441074130816,0.04314511131264042,0.18750573218388425,data/metadata/20260915T175358573019Z/pass_plus_manifest.json
300,29,2025,00-0040676,C.Ward,615,17,-102.79959729487082,-0.16715381673962734,0.37886178861788616,55,23,2,0,19734,0.04314511131264041,-0.21029892805226774,-129.33384075214468,11.885054199862932,0.019325291381890947,-0.14782852535773638,-117.44878655228175,84.72257612238556,615,-0.24781581013631251,-0.04411425341017218,76.72383787470469,93.01946422865313,0.04314511131264042,0.18750573218388425,data/metadata/20260915T175358573019Z/pass_plus_manifest.json
400,1,2017,00-0032950,C.Wentz,498,13,101.75488501310024,0.2043270783395587,0.4759036144578313,28,30,9,0,19356,0.005665880280425992,0.1986611980591327,98.93327663344809,4.849672884086777,0.009738298964029673,0.21406537730358838,103.78294951753486,115.77131991173971,498,0.08368908360970843,0.34807433971406165,105.9046634844232,125.91289053645659,0.005665880280425988,0.19820740894492533,data/metadata/20260915T175341400908Z/pass_plus_manifest.json
400,2,2017,00-0019596,T.Brady,622,16,137.74321200563813,0.22145210933382337,0.5016077170418006,35,6,9,0,19356,0.005665880280425992,0.21578622905339737,134.21903447121315,-5.416226695562561,-0.008707759960711513,0.21274434937311185,128.8028077756506,115.67134676208488,622,0.10475926595221512,0.3249424729003986,107.49921909069431,124.16231015173767,0.005665880280425988,0.19820740894492533,data/metadata/20260915T175341400908Z/pass_plus_manifest.json
400,3,2017,00-0023436,A.Smith,572,15,107.41035248481285,0.18778033651191056,0.4825174825174825,35,33,10,0,19356,0.005665880280425992,0.18211445623148456,104.16946896440918,-4.411366200139968,-0.00771217867157337,0.1800681578403372,99.75810276426921,113.19846809624342,572,0.031985622193434225,0.32910098043503994,101.99183335676832,124.47701893760829,0.005665880280425988,0.19820740894492533,data/metadata/20260915T175341400908Z/pass_plus_manifest.json
400,4,2017,00-0022942,P.Rivers,593,16,110.19312426912792,0.18582314379279583,0.4806070826306914,18,2,15,0,19356,0.005665880280425992,0.18015726351236983,106.8332572628353,-3.4703470930443574,-0.005852187340715611,0.17997095645208022,103.36291016979095,113.191112060303,593,0.047134021407128295,0.3236167220295701,103.13823847560296,124.0619795779802,0.005665880280425988,0.19820740894492533,data/metadata/20260915T175341400908Z/pass_plus_manifest.json
400,5,2017,00-0033106,J.Goff,510,15,80.31144865146763,0.1574734287283679,0.45098039215686275,25,10,5,0,19356,0.005665880280425992,0.1518075484479419,77.42184970845037,5.173552969883832,0.01014422150957614,0.16761765023794403,82.5954026783342,112.25623483145263,510,0.03222359923181731,0.32400901274622834,102.00984305476473,124.09166747300489,0.005665880280425988,0.19820740894492533,data/metadata/20260915T175341400908Z/pass_plus_manifest.json
400,6,2017,00-0022924,B.Roethlisberger,589,15,89.28733463321483,0.1515914000563919,0.499151103565365,21,10,9,0,19356,0.005665880280425992,0.1459255197759659,85.95013114804392,1.466638337223712,0.002490048110736353,0.15408144816712827,87.41676948526764,111.23183805363766,589,0.04107673995858753,0.24970108615448994,102.67983370551003,118.46816982067551,0.005665880280425988,0.19820740894492533,data/metadata/20260915T175341400908Z/pass_plus_manifest.json
400,7,2017,00-0020531,D.Brees,558,16,86.2590147924858,0.15458604801520753,0.496415770609319,20,5,6,0,19356,0.005665880280425992,0.14892016773478153,83.0974535960081,-0.931950344027008,-0.0016701619068584374,0.1529158861083491,82.1655032519811,111.143630297052,558,0.046483489775732786,0.25540252181085804,103.08900734684306,118.89964478571723,0.005665880280425988,0.19820740894492533,data/metadata/20260915T175341400908Z/pass_plus_manifest.json
400,8,2017,00-0026143,M.Ryan,567,16,86.3780429307491,0.1523422273910919,0.49559082892416223,24,17,6,0,19356,0.005665880280425992,0.1466763471106659,83.16548881174757,-1.8358724545245062,-0.0032378702901666775,0.14910435710092523,81.32961635722306,110.85518025668422,567,0.0383728140096219,0.26291118040524075,102.47520518304268,119.4678873126504,0.005665880280425988,0.19820740894492533,data/metadata/20260915T175341400908Z/pass_plus_manifest.json
400,9,2017,00-0028986,C.Keenum,522,15,66.21212223120835,0.1268431460367976,0.47509578544061304,22,19,9,0,19356,0.005665880280425992,0.12117726575637162,63.254532724825985,-0.34465571603662515,-0.0006602599924073278,0.1261828860443903,62.90987700878936,109.1205222654506,522,-0.008100235548986782,0.2730541480586113,98.95820373950518,120.23548987408056,0.005665880280425988,0.19820740894492533,data/metadata/20260915T175341400908Z/pass_plus_manifest.json
400,10,2017,00-0031503,J.Winston,495,13,41.790160613991134,0.08442456689695178,0.509090909090909,33,23,8,0,19356,0.005665880280425992,0.0787586866165258,38.98554987518027,4.954654330641516,0.010009402688164679,0.09443396958511646,43.940204205821786,106.7178182019439,495,-0.029935096640311448,0.21144431608677206,97.30577854453743,115.57296245143321,0.005665880280425988,0.19820740894492533,data/metadata/20260915T175341400908Z/pass_plus_manifest.json
400,11,2017,00-0026498,M.Stafford,629,16,39.56135359757686,0.06289563370044016,0.4562798092209857,47,17,8,0,19356,0.005665880280425992,0.057229753420014164,35.997514901188914,5.5887995504109655,0.008885213911623157,0.07178084761206331,41.58631445159988,105.0034684134846,629,-0.06094649867264129,0.22679714556373773,94.9588883199939,116.73483850531208,0.005665880280425988,0.19820740894492533,data/metadata/20260915T175341400908Z/pass_plus_manifest.json
400,12,2017,00-0029263,R.Wilson,645,16,43.2427592978866,0.06704303767114202,0.462015503875969,43,53,17,0,19356,0.005665880280425992,0.061377157390716024,39.58826651701183,-0.7569621827587947,-0.0011735847794709995,0.06586945289167102,38.83130433425303,104.55610410314985,645,-0.05411878691265937,0.17081582112935623,95.47559794727219,112.4982669715555,0.005665880280425988,0.19820740894492533,data/metadata/20260915T175341400908Z/pass_plus_manifest.json
400,13,2017,00-0031407,B.Bortles,570,16,37.51422856605333,0.06581443608079532,0.45789473684210524,24,24,12,0,19356,0.005665880280425992,0.060148555800369326,34.28467680621052,-3.766642430055922,-0.006608144614133196,0.05920629146666212,30.5180343761546,104.05184736568901,570,-0.09576688215522777,0.23449061518279884,92.32374084988128,117.31706721664136,0.005665880280425988,0.19820740894492533,data/metadata/20260915T175341400908Z/pass_plus_manifest.json
400,14,2017,00-0021206,J.McCown,445,13,20.59488341657055,0.04628063689116978,0.451685393258427,39,14,8,0,19356,0.005665880280425992,0.040614756610743784,18.073566691780982,-3.4593926522313936,-0.007773916072430098,0.03850672081873968,14.614174039549589,102.48533902287974,445,-0.10285817399944866,0.1846233985577505,91.78708392958993,113.54320097542748,0.005665880280425988,0.19820740894492533,data/metadata/20260915T175341400908Z/pass_plus_manifest.json
400,15,2017,00-0028118,T.Taylor,506,15,20.148580788835716,0.03981932962220497,0.42292490118577075,46,40,12,0,19356,0.005665880280425992,0.034153449341778976,17.281645366940165,-4.8482306616094535,-0.009581483520967299,0.03023784610123767,12.433414705330712,101.85956463118183,506,-0.08889820103656794,0.14829976695376548,92.84355096862677,110.79429024116139,0.005665880280425988,0.19820740894492533,data/metadata/20260915T175341400908Z/pass_plus_manifest.json
400,16,2017,00-0027939,C.Newton,556,16,12.487611400783075,0.02245973273522136,0.43345323741007197,35,31,5,0,19356,0.005665880280425992,0.016793852454795366,9.337381964866225,0.8120128230840922,0.0014604547177771443,0.023920187452998502,10.149394787950317,101.3814549569369,556,-0.1267403916292266,0.187084691845414,89.97971826978147,113.72946747026478,0.005665880280425988,0.19820740894492533,data/metadata/20260915T175341400908Z/pass_plus_manifest.json
400,17,2017,00-0029604,K.Cousins,604,16,6.629619877272887,0.010976191849789547,0.44867549668874174,41,23,11,0,19356,0.005665880280425992,0.005310311569363555,3.2074281878955877,2.8017797905398556,0.0046387082624832045,0.015614900112272751,6.009207978435443,100.75292491977012,604,-0.1276855404238558,0.15829744753911282,89.90819101459508,111.55089772409298,0.005665880280425988,0.19820740894492533,data/metadata/20260915T175341400908Z/pass_plus_manifest.json
400,18,2017,00-0031280,D.Carr,544,15,-2.081771549096741,-0.003826785935839597,0.4319852941176471,20,9,13,0,19356,0.005665880280425992,-0.009492666216265589,-5.164010421648481,-1.0474973756600687,-0.00192554664643395,-0.005752332582273547,-6.211507797308549,99.13588904747711,544,-0.170811770034075,0.16319102935145396,86.6444712192718,111.92123568257722,0.005665880280425988,0.19820740894492533,data/metadata/20260915T175341400908Z/pass_plus_manifest.json
400,19,2017,00-0032268,M.Mariota,501,15,-13.04414180332061,-0.026036211184272674,0.437125748502994,27,22,9,0,19356,0.005665880280425992,-0.03170209146469866,-15.882747823814032,-0.1400590652835838,-0.00027955901254208344,-0.026315770196814758,-16.022806889097616,97.5796830213753,501,-0.11523177828350992,0.06124122888348111,90.85067057728939,104.20584797250169,0.005665880280425988,0.19820740894492533,data/metadata/20260915T175341400908Z/pass_plus_manifest.json
400,20,2017,00-0033077,D.Prescott,552,16,-17.364624514324973,-0.03145765310566118,0.4329710144927536,32,32,4,0,19356,0.005665880280425992,-0.037123533386087176,-20.49219042912012,-0.08187927160542596,-0.0001483320137779456,-0.03160598511943913,-20.57406970072555,97.17932854289354,552,-0.20675273453037404,0.14996070886436078,83.92452008165168,110.91998750339567,0.005665880280425988,0.19820740894492533,data/metadata/20260915T175341400908Z/pass_plus_manifest.json
400,21,2017,00-0033119,J.Brissett,558,16,-45.71843504841408,-0.08193267929823311,0.3978494623655914,52,40,9,0,19356,0.005665880280425992,-0.0875985595786591,-48.879996244891785,3.405710913463687,0.006103424576099798,-0.07582925472213331,-45.4742853314281,93.83258662455924,558,-0.14177141059280993,-0.00475024962413491,88.84219628887308,99.21172498343981,0.005665880280425988,0.19820740894492533,data/metadata/20260915T175341400908Z/pass_plus_manifest.json
400,22,2017,00-0027973,A.Dalton,545,16,-42.87063929918327,-0.07866172348473995,0.4091743119266055,39,11,10,0,19356,0.005665880280425992,-0.08432760376516593,-45.958544052015434,-2.32570463682451,-0.0042673479574761655,-0.08292907144221612,-48.284248688839945,93.29528455614447,545,-0.2468300148639125,0.06496124017014102,80.8915395881217,104.48737210722969,0.005665880280425988,0.19820740894492533,data/metadata/20260915T175341400908Z/pass_plus_manifest.json
400,23,2017,00-0022803,E.Manning,608,15,-58.72597830470636,-0.09658878010642494,0.43585526315789475,32,5,12,0,19356,0.005665880280425992,-0.10225466038685092,-62.17083351520536,4.251861199719005,0.006993192762695732,-0.0895955873437292,-57.91897231548636,92.79077395760028,608,-0.22282241144688936,0.0362226657642084,82.70839423130717,102.31248561643876,0.005665880280425988,0.19820740894492533,data/metadata/20260915T175341400908Z/pass_plus_manifest.json
400,24,2017,00-0024226,J.Cutler,455,14,-42.5162460952361,-0.09344229911040901,0.4197802197802198,20,6,16,0,19356,0.005665880280425992,-0.099108179390835,-45.09422162282993,-2.252728882274464,-0.0049510524885153055,-0.09839335159892432,-47.34695050510439,92.12497410415183,455,-0.24831912781816273,0.035622704369942096,80.7788460494056,102.26708155731757,0.005665880280425988,0.19820740894492533,data/metadata/20260915T175341400908Z/pass_plus_manifest.json
400,25,2017,00-0026158,J.Flacco,579,16,-55.04462715724735,-0.09506844068609213,0.4162348877374784,27,6,8,0,19356,0.005665880280425992,-0.10073432096651812,-58.325171839614,-2.230704390860488,-0.0038526846128851266,-0.09892112529897726,-60.55587623047449,92.08503308709835,579,-0.2544801045490922,0.044312816715237534,80.31259379649602,102.92473449710072,0.005665880280425988,0.19820740894492533,data/metadata/20260915T175341400908Z/pass_plus_manifest.json
400,26,2017,00-0032156,T.Siemian,406,11,-53.20905136642753,-0.13105677676459984,0.4014778325123153,33,24,2,0,19356,0.005665880280425992,-0.13672265704502584,-55.50939876028048,-7.277611712083596,-0.0179251520002059,-0.14898192876480573,-62.78701047236408,88.29651652263392,406,-0.31588762355514427,0.025457642754371543,75.6653770754161,101.4978069623607,0.005665880280425988,0.19820740894492533,data/metadata/20260915T175341400908Z/pass_plus_manifest.json
400,27,2017,00-0033899,D.Kizer,558,15,-114.09525850450014,-0.20447178943458805,0.35663082437275984,38,45,11,0,19356,0.005665880280425992,-0.21013766971501405,-117.25681970097784,4.798191114005953,0.008598908806462281,-0.19587288062812577,-112.45862858697188,84.74788894259608,558,-0.32925809621935026,-0.0624216346406139,74.6535224175571,94.84725253585559,0.005665880280425988,0.19820740894492533,data/metadata/20260915T175341400908Z/pass_plus_manifest.json
400,1,2018,00-0033873,P.Mahomes,633,16,227.56737504000847,0.3595061217061745,0.5229067930489731,26,28,24,0,19669,0.056297614668360245,0.30320850703781427,191.93098495493643,3.279534087391061,0.00518093852668414,0.3646870602328587,195.2105190423275,121.58159294459446,633,0.2853687169050115,0.46273184287298597,116.03076679486111,128.4429256513843,0.05629761466836027,0.21434199483528435,data/metadata/20260915T175343345511Z/pass_plus_manifest.json
400,2,2018,00-0020531,D.Brees,510,15,145.64495959630452,0.2855783521496167,0.5588235294117647,17,4,11,0,19669,0.056297614668360245,0.22928073748125644,116.93317611544079,0.28532170457006045,0.000559454322686393,0.2861378064723031,117.21849782001085,116.08458892858829,510,0.11456812834283338,0.4622716543224626,104.0778649363079,128.4107209111832,0.05629761466836027,0.21434199483528435,data/metadata/20260915T175343345511Z/pass_plus_manifest.json
400,3,2018,00-0022942,P.Rivers,545,16,121.74126488126754,0.22337846767205052,0.5064220183486239,32,5,8,0,19669,0.056297614668360245,0.16708085300369027,91.0590648870112,0.07667214872144745,0.00014068284169072926,0.22351915051374124,91.13573703573265,111.70243395191076,545,0.07613661771652618,0.3550500599201735,101.38836556947776,120.90718005223819,0.05629761466836027,0.21434199483528435,data/metadata/20260915T175343345511Z/pass_plus_manifest.json
400,4,2018,00-0033106,J.Goff,612,16,118.33803940116023,0.19336280947902,0.5081699346405228,33,20,8,0,19669,0.056297614668360245,0.13706519481065974,83.88389922412375,2.9079755895653956,0.004751594100597052,0.19811440357961704,86.79187481368915,109.92456860963519,612,0.052063467097079354,0.34840104937826394,99.70368749428678,120.44187152412971,0.05629761466836027,0.21434199483528435,data/metadata/20260915T175343345511Z/pass_plus_manifest.json
400,5,2018,00-0022924,B.Roethlisberger,708,16,132.31729358377106,0.18688883274543935,0.4985875706214689,24,12,13,0,19669,0.056297614668360245,0.1305912180770791,92.458582398572,4.098386234682718,0.005788681122433218,0.19267751386787257,96.55696863325473,109.54408626067301,708,0.07193549746076101,0.33141812068012017,101.09436436880355,119.25337866407249,0.05629761466836027,0.21434199483528435,data/metadata/20260915T175343345511Z/pass_plus_manifest.json
400,6,2018,00-0026143,M.Ryan,666,16,117.93066693370383,0.17707307347402979,0.512012012012012,42,17,10,0,19669,0.056297614668360245,0.12077545880566953,80.43645556457591,-3.0088917225390968,-0.004517855439247893,0.17255521803478188,77.42756384203682,108.135895403215,666,0.05230302215317733,0.2888425086250946,99.72045194515526,116.27386836644669,0.05629761466836027,0.21434199483528435,data/metadata/20260915T175343345511Z/pass_plus_manifest.json
400,7,2018,00-0029263,R.Wilson,499,16,85.68150419707808,0.17170642123662944,0.4729458917835671,51,29,18,0,19669,0.056297614668360245,0.11540880656826918,57.58899447756632,-0.6336346454510713,-0.0012698089087195817,0.17043661232790985,56.95535983211524,107.98763194402913,499,0.01750764556057747,0.3246397855202188,97.28541512798797,118.77901978971073,0.05629761466836027,0.21434199483528435,data/metadata/20260915T175343345511Z/pass_plus_manifest.json
400,8,2018,00-0019596,T.Brady,594,16,89.89089284390145,0.15133146943417752,0.5134680134680135,21,5,7,0,19669,0.056297614668360245,0.09503385476581727,56.45010973089547,1.7008523526353994,0.002863387799049494,0.154194857233227,58.15096208353087,106.8510076133306,594,0.01879533103097237,0.2674123473541307,97.3755294430608,114.77415096710325,0.05629761466836027,0.21434199483528435,data/metadata/20260915T175343345511Z/pass_plus_manifest.json
400,9,2018,00-0033869,M.Trubisky,493,14,71.55504261787542,0.14514207427560935,0.48884381338742394,24,36,6,0,19669,0.056297614668360245,0.0888444596072491,43.80031858637382,-1.1749696153970035,-0.0023833055079046724,0.14275876876770469,42.625348970976816,106.05069161778964,493,0.0013511261670765108,0.3067730486112463,96.15475572972703,117.52867659942486,0.05629761466836027,0.21434199483528435,data/metadata/20260915T175343345511Z/pass_plus_manifest.json
400,10,2018,00-0029668,A.Luck,676,16,95.03378133932615,0.14058251677415112,0.5059171597633136,18,21,13,0,19669,0.056297614668360245,0.08428490210579087,56.97659382351463,-0.021296767399670402,-0.00003150409378649468,0.14055101268036463,56.95529705611496,105.89618927056856,676,0.03007627174820926,0.26841036429181736,98.16498794786098,114.8439938090382,0.05629761466836027,0.21434199483528435,data/metadata/20260915T175343345511Z/pass_plus_manifest.json
400,11,2018,00-0031503,J.Winston,440,11,62.12153886107468,0.14118531559335154,0.5,27,36,11,0,19669,0.056297614668360245,0.08488770092499129,37.350588406996174,-2.114993289796253,-0.00480680293135512,0.1363785126619964,35.23559511719992,105.60419096046783,440,0.0049965947337617,0.28522027271712685,96.4098715251282,116.02037843013593,0.05629761466836027,0.21434199483528435,data/metadata/20260915T175343345511Z/pass_plus_manifest.json
400,12,2018,00-0023459,A.Rodgers,677,16,75.5808557154709,0.11164085039212837,0.465288035450517,49,33,9,0,19669,0.056297614668360245,0.055343235723768126,37.467370584991016,8.107930659606902,0.011976263898976222,0.1236171142911046,45.57530124459792,104.71112763094867,677,0.04908200666859852,0.18855218636024912,99.49504006398932,109.2553891592865,0.05629761466836027,0.21434199483528435,data/metadata/20260915T175343345511Z/pass_plus_manifest.json
400,13,2018,00-0033537,D.Watson,619,16,70.21507913774101,0.11343308422898386,0.4894991922455573,62,58,7,0,19669,0.056297614668360245,0.05713546956062362,35.366855658026026,2.23091863917032,0.0036040688839585142,0.11703715311294238,37.597774297196345,104.25065128916468,619,0.008659257844181903,0.21647338116095804,96.66619062255249,111.20935959952843,0.05629761466836027,0.21434199483528435,data/metadata/20260915T175343345511Z/pass_plus_manifest.json
400,14,2018,00-0032950,C.Wentz,446,11,39.37635166931369,0.0882877840119141,0.5,31,16,8,0,19669,0.056297614668360245,0.03199016934355386,14.267615527225022,-0.40289500922074784,-0.0009033520386115422,0.08738443197330256,13.864720518004274,102.1755058309151,446,-0.06830425157394196,0.23495813235259,91.28015956429431,112.50295243040394,0.05629761466836027,0.21434199483528435,data/metadata/20260915T175343345511Z/pass_plus_manifest.json
400,15,2018,00-0027939,C.Newton,523,14,36.265424190317646,0.0693411552396131,0.4875717017208413,29,26,8,0,19669,0.056297614668360245,0.01304354057125285,6.821771718765238,-3.039402439044919,-0.005811476938900419,0.06352967830071268,3.7823692797203186,100.50611152783499,523,-0.04533817635113316,0.1703206933570228,92.88736270993482,107.97951974667535,0.05629761466836027,0.21434199483528435,data/metadata/20260915T175343345511Z/pass_plus_manifest.json
400,16,2018,00-0034855,B.Mayfield,525,14,34.43300347603078,0.06558667328767767,0.46095238095238095,25,17,6,0,19669,0.056297614668360245,0.009289058619317427,4.87675577514165,-3.274860018728389,-0.0062378286071016935,0.059348844680575975,1.6018957564132608,100.21353001878333,525,-0.10261536201543016,0.2447562388230834,88.87901247681931,113.18863979265109,0.05629761466836027,0.21434199483528435,data/metadata/20260915T175343345511Z/pass_plus_manifest.json
400,17,2018,00-0032268,M.Mariota,407,14,19.307320803981842,0.04743813465351804,0.4668304668304668,42,34,6,0,19669,0.056297614668360245,-0.008859480014842207,-3.6058083660407796,1.809844740852212,0.00444679297506686,0.0518849276285849,-1.7959636251885676,99.69119301307475,407,-0.10025860599028774,0.18195439769670918,89.04394208104503,108.79366522119797,0.05629761466836027,0.21434199483528435,data/metadata/20260915T175343345511Z/pass_plus_manifest.json
400,18,2018,00-0033077,D.Prescott,611,16,29.912452559508612,0.048956550833892984,0.4500818330605565,56,29,8,0,19669,0.056297614668360245,-0.007341063834467261,-4.4853900028595,-3.505268723261609,-0.005736937353946986,0.043219613479946,-7.990658726121109,99.08478029246221,611,-0.06901710410521039,0.1478670903656899,91.23027298944348,106.40818023792058,0.05629761466836027,0.21434199483528435,data/metadata/20260915T175343345511Z/pass_plus_manifest.json
400,19,2018,00-0022803,E.Manning,626,16,21.61258837426928,0.0345249015563407,0.426517571884984,47,4,3,0,19669,0.056297614668360245,-0.021772713112019546,-13.629718408124234,0.4937520384472373,0.00078874127547482,0.03531364283181552,-13.135966369676996,98.53150766003623,626,-0.08699942532804031,0.17320393586022378,89.97184102164485,108.18129372746363,0.05629761466836027,0.21434199483528435,data/metadata/20260915T175343345511Z/pass_plus_manifest.json
400,20,2018,00-0026498,M.Stafford,607,16,3.5023520457517097,0.0057699374724080885,0.4332784184514003,40,13,9,0,19669,0.056297614668360245,-0.05052767719595216,-30.670300057942956,4.324222403209807,0.0071239248817295,0.01289386235413759,-26.34607765473315,96.96253510557435,607,-0.1162481645394341,0.14985459875875445,87.9249668731232,106.54726929472851,0.05629761466836027,0.21434199483528435,data/metadata/20260915T175343345511Z/pass_plus_manifest.json
400,21,2018,00-0031280,D.Carr,605,16,-1.7414635307997173,-0.002878452117024326,0.47603305785123967,51,8,5,0,19669,0.056297614668360245,-0.05917606678538457,-35.80152040515767,1.5068283872079666,0.002490625433401598,-0.0003878266836227283,-34.2946920179497,96.033060992396,605,-0.12429947065875542,0.12599379996065152,87.3615234290019,104.87745194397282,0.05629761466836027,0.21434199483528435,data/metadata/20260915T175343345511Z/pass_plus_manifest.json
400,22,2018,00-0028986,C.Keenum,630,16,-15.001445661682231,-0.023811818510606715,0.4365079365079365,34,12,14,0,19669,0.056297614668360245,-0.08010943317896696,-50.468942902749184,-4.6871823245987105,-0.007439971943807477,-0.03125179045441419,-55.15612522734789,93.8731508127896,630,-0.06636891256956716,0.007158479271237046,91.41559772277525,96.56116370698481,0.05629761466836027,0.21434199483528435,data/metadata/20260915T175343345511Z/pass_plus_manifest.json
400,23,2018,00-0029604,K.Cousins,660,16,-22.742758679063922,-0.03445872527130897,0.4772727272727273,40,17,6,0,19669,0.056297614668360245,-0.09075633993966922,-59.89918436018168,-1.9091366312600784,-0.002892631259484967,-0.03735135653079394,-61.808320991441754,93.44629329839535,660,-0.1714460740417475,0.08998280242811266,84.06212775393439,102.35734400430759,0.05629761466836027,0.21434199483528435,data/metadata/20260915T175343345511Z/pass_plus_manifest.json
400,24,2018,00-0034869,S.Darnold,458,13,-22.17282569478209,-0.04841228317638011,0.42139737991266374,30,15,8,0,19669,0.056297614668360245,-0.10470989784474036,-47.95713321289108,-0.45549322638593637,-0.0009945266951657998,-0.049406809871545915,-48.41262643927702,92.60263314560893,458,-0.22008413904630292,0.13627516745544488,80.65835717864891,105.59695869550984,0.05629761466836027,0.21434199483528435,data/metadata/20260915T175343345511Z/pass_plus_manifest.json
400,25,2018,00-0031407,B.Bortles,473,13,-33.53585720693768,-0.07090033236139044,0.4249471458773784,31,39,11,0,19669,0.056297614668360245,-0.12719794702975068,-60.164628945072074,1.3528171859726543,0.002860078617278339,-0.0680402537441121,-58.81181175909942,91.29863456006213,473,-0.2384998273645855,0.10285931701944542,79.36959747952176,103.25846335340397,0.05629761466836027,0.21434199483528435,data/metadata/20260915T175343345511Z/pass_plus_manifest.json
400,26,2018,00-0034343,J.Rosen,451,14,-148.45368581977004,-0.329165600487295,0.3614190687361419,45,15,5,0,19669,0.056297614668360245,-0.38546321515565524,-173.8439100352005,-4.751657224366784,-0.010535825331190208,-0.33970142581848517,-178.5955672595673,72.28734568852273,451,-0.49078506338640976,-0.1936163030920635,61.714267999008726,82.51061921259466,0.05629761466836027,0.21434199483528435,data/metadata/20260915T175343345511Z/pass_plus_manifest.json
400,1,2019,00-0034796,L.Jackson,459,15,170.16778299432877,0.37073591066302564,0.5010893246187363,23,37,7,0,19839,0.0422891649790085,0.3284467456840171,150.75705626896388,-0.5925780889974249,-0.0012910198017373092,0.36944489086128834,150.16447817996647,127.58834040440149,459,0.1886129004030693,0.592593525278761,112.33916664987589,146.40598594761838,0.042289164979008496,0.17787716898879768,data/metadata/20260915T175345267639Z/pass_plus_manifest.json
400,2,2019,00-0033873,P.Mahomes,524,14,146.50830187794733,0.2795959959502812,0.5038167938931297,17,23,13,0,19839,0.0422891649790085,0.23730683097127267,124.34877942894687,-0.43853536798908754,-0.0008368995572310831,0.2787590963930501,123.91024406095778,119.9410019361957,524,0.1555922309429264,0.40014752550972,109.554604444856,130.17742770742393,0.042289164979008496,0.17787716898879768,data/metadata/20260915T175345267639Z/pass_plus_manifest.json
400,3,2019,00-0033077,D.Prescott,638,16,126.23104716442583,0.19785430590035397,0.5235109717868338,23,20,16,0,19839,0.0422891649790085,0.15556514092134546,99.2505599078184,-4.6714502301565375,-0.007322022304320591,0.19053228359603339,94.57910967766186,112.50102411622828,638,0.07462646118538432,0.3242838065065234,102.72693480480446,123.78000306030907,0.042289164979008496,0.17787716898879768,data/metadata/20260915T175345267639Z/pass_plus_manifest.json
400,4,2019,00-0029604,K.Cousins,481,15,82.26791267270157,0.17103516148170805,0.4698544698544699,28,9,15,0,19839,0.0422891649790085,0.12874599650269955,61.92682431779848,-0.972178871419028,-0.0020211618948420542,0.169013999586866,60.95464544637945,110.68643339628132,481,-0.021137124606012265,0.36143069771574465,94.65139708944194,126.91252069203173,0.042289164979008496,0.17787716898879768,data/metadata/20260915T175345267639Z/pass_plus_manifest.json
400,5,2019,00-0033537,D.Watson,580,15,87.59971106869462,0.15103398460119763,0.4879310344827586,44,43,9,0,19839,0.0422891649790085,0.10874481962218913,63.07199538086968,6.574143690260905,0.011334730500449836,0.16236871510164747,69.64613907113059,110.12605081404809,580,-0.015702158548054082,0.3551897341991954,95.10971611561503,126.38623362955812,0.042289164979008496,0.17787716898879768,data/metadata/20260915T175345267639Z/pass_plus_manifest.json
400,6,2019,00-0031345,J.Garoppolo,522,16,83.19092197487228,0.15936958232734152,0.5,36,12,10,0,19839,0.0422891649790085,0.11708041734833302,61.11597785582984,-0.5465561918123178,-0.0010470425130504172,0.15832253981429112,60.569421664017526,109.78484553371126,522,-0.007252918487487686,0.3131308201781994,95.82222240087347,122.83949565356372,0.042289164979008496,0.17787716898879768,data/metadata/20260915T175345267639Z/pass_plus_manifest.json
400,7,2019,00-0031280,D.Carr,554,16,85.0393491708188,0.1535006302722361,0.4963898916967509,29,14,7,0,19839,0.0422891649790085,0.11121146529322759,61.61115177244808,-0.5670905583118735,-0.0010236291666279305,0.15247700110560816,61.04406121413621,109.2919037968447,554,0.04524874787780622,0.26745752310565,100.24957527564857,118.98796451000595,0.042289164979008496,0.17787716898879768,data/metadata/20260915T175345267639Z/pass_plus_manifest.json
400,8,2019,00-0029263,R.Wilson,606,16,73.51948935550409,0.1213192893655183,0.4933993399339934,48,45,5,0,19839,0.0422891649790085,0.0790301243865098,47.89225537822494,12.751829945877759,0.02104262367306561,0.14236191303858392,60.6440853241027,108.43892012351606,606,-0.012521325858419974,0.28818251148420887,95.37794891140186,120.73565831155258,0.042289164979008496,0.17787716898879768,data/metadata/20260915T175345267639Z/pass_plus_manifest.json
400,9,2019,00-0033106,J.Goff,657,16,64.49711170669761,0.09816911979710442,0.4657534246575342,22,10,9,0,19839,0.0422891649790085,0.05587995481809592,36.713130315489025,10.002088370090508,0.015223878797702447,0.11339299859480687,46.71521868557953,105.99603372540827,657,-0.0290898527790037,0.2556141772036928,93.98076058632566,117.989240561681,0.042289164979008496,0.17787716898879768,data/metadata/20260915T175345267639Z/pass_plus_manifest.json
400,10,2019,00-0023459,A.Rodgers,630,16,59.66864048876921,0.09471212775995114,0.44285714285714284,36,26,11,0,19839,0.0422891649790085,0.052422962780942634,33.026466551993856,-0.4165552189424664,-0.0006611987602261371,0.094050928999725,32.60991133305139,104.36495849762285,630,-0.05455326538235576,0.25159343567341597,91.83348563686694,117.65018005550692,0.042289164979008496,0.17787716898879768,data/metadata/20260915T175345267639Z/pass_plus_manifest.json
400,11,2019,00-0022942,P.Rivers,628,16,57.00381162094314,0.09077040067029163,0.4984076433121019,34,6,12,0,19839,0.0422891649790085,0.048481235691283125,30.4462160141258,-3.9130044239028083,-0.006230898764176446,0.08453950190611519,26.53321159022299,103.56288025894156,628,-0.05751783048384565,0.24029829407188533,91.58349022275536,116.69768499958646,0.042289164979008496,0.17787716898879768,data/metadata/20260915T175345267639Z/pass_plus_manifest.json
400,12,2019,00-0031503,J.Winston,704,16,46.79328532718872,0.06646773483975671,0.48011363636363635,47,33,15,0,19839,0.0422891649790085,0.024178569860748206,17.02171318196673,-1.3829560804096743,-0.0019644262505819237,0.06450330858917479,15.638757101557058,101.87327106703323,704,-0.06835578679458208,0.21219635072555584,90.66954862145136,114.32790841391632,0.042289164979008496,0.17787716898879768,data/metadata/20260915T175345267639Z/pass_plus_manifest.json
400,13,2019,00-0026143,M.Ryan,685,15,31.027689362705775,0.04529589687986245,0.47007299270072994,48,22,16,0,19839,0.0422891649790085,0.0030067319008539456,2.05961135208495,6.1402255970190796,0.00896383298834902,0.05425972986821147,8.199836949104029,101.00945205255292,685,-0.06582385764763785,0.18632440189480762,90.8830607737982,112.146182480974,0.042289164979008496,0.17787716898879768,data/metadata/20260915T175345267639Z/pass_plus_manifest.json
400,14,2019,00-0023682,R.Fitzpatrick,574,15,26.17929750937587,0.045608532246299426,0.4738675958188153,40,35,8,0,19839,0.0422891649790085,0.003319367267290922,1.905316811424992,4.064834254807928,0.007081592778411024,0.052690125024710446,5.97015106623292,100.87709064391144,574,-0.11351739049071859,0.19328842634843785,86.8611674824154,112.73344372084134,0.042289164979008496,0.17787716898879768,data/metadata/20260915T175345267639Z/pass_plus_manifest.json
400,15,2019,00-0032950,C.Wentz,671,16,25.12992360438544,0.0374514509752391,0.46646795827123694,37,28,9,0,19839,0.0422891649790085,-0.004837714003769401,-3.2461060965292674,-9.322510331316328,-0.013893458019845498,0.023557992955393604,-12.568616427845596,98.42044045364857,671,-0.07598046537970864,0.12336247154895033,90.02657583620255,106.83673798870565,0.042289164979008496,0.17787716898879768,data/metadata/20260915T175345267639Z/pass_plus_manifest.json
400,16,2019,00-0033119,J.Brissett,503,15,7.832444249923789,0.015571459741399183,0.44930417495029823,27,32,12,0,19839,0.0422891649790085,-0.026717705237609322,-13.439005734517487,0.191264333630765,0.0003802471841565905,0.015951706925555774,-13.247741400886722,97.77901867312342,503,-0.10848270893610368,0.154299567285017,87.28573137528902,109.44559689217867,0.042289164979008496,0.17787716898879768,data/metadata/20260915T175345267639Z/pass_plus_manifest.json
400,17,2019,00-0019596,T.Brady,643,16,17.56760879082139,0.02732132004793373,0.4199066874027994,27,3,7,0,19839,0.0422891649790085,-0.014967844931074774,-9.62432429068108,-11.101057739523576,-0.017264475489150194,0.010056844558783536,-20.725382030204656,97.28191757800113,643,-0.1072756239995154,0.12816679006900716,87.38752225801869,107.24187586115173,0.042289164979008496,0.17787716898879768,data/metadata/20260915T175345267639Z/pass_plus_manifest.json
400,18,2019,00-0034857,J.Allen,540,16,4.165615731842167,0.0077141032071151245,0.42962962962962964,38,44,15,0,19839,0.0422891649790085,-0.03457506177189338,-18.670533356822425,-0.2961125853636566,-0.000548356639562327,0.007165746567552797,-18.96664594218608,97.03811748766356,540,-0.12445840733917998,0.13766071932235693,85.9385350070961,108.04247854450799,0.042289164979008496,0.17787716898879768,data/metadata/20260915T175345267639Z/pass_plus_manifest.json
400,19,2019,00-0034855,B.Mayfield,589,16,-4.814147713348387,-0.008173425659335121,0.42614601018675724,40,17,8,0,19839,0.0422891649790085,-0.05046259063834362,-29.722465885984395,7.2473058081178205,0.012304424122441121,0.004130998463106,-22.475160077866576,96.78220369150026,589,-0.12811824620548226,0.12725751955764172,85.62990864820691,107.16519902989779,0.042289164979008496,0.17787716898879768,data/metadata/20260915T175345267639Z/pass_plus_manifest.json
400,20,2019,00-0035228,K.Murray,614,16,-9.273149700868432,-0.015102849675681485,0.4250814332247557,48,28,9,0,19839,0.0422891649790085,-0.05739201465468999,-35.23869699797965,2.708811356128451,0.004411744879688031,-0.010691104795993453,-32.5298856418512,95.53228752659608,614,-0.14663697854684743,0.13287996262602259,84.06826368443996,107.63932759010117,0.042289164979008496,0.17787716898879768,data/metadata/20260915T175345267639Z/pass_plus_manifest.json
400,21,2019,00-0027973,A.Dalton,568,13,-18.42945267090041,-0.03244621949102185,0.426056338028169,37,10,14,0,19839,0.0422891649790085,-0.07473538447003035,-42.44969837897724,4.273520735459939,0.007523804111725244,-0.024922415379296604,-38.1761776435173,94.33219164041188,568,-0.16572933103885892,0.09073548931111486,82.45824656415282,104.08537458243087,0.042289164979008496,0.17787716898879768,data/metadata/20260915T175345267639Z/pass_plus_manifest.json
400,22,2019,00-0035289,G.Minshew II,552,14,-5.924287450795113,-0.01073240480216506,0.427536231884058,33,50,12,0,19839,0.0422891649790085,-0.05302156978117356,-29.267906519207806,-8.001231925818953,-0.014494985372860422,-0.025227390175025483,-37.269138445026755,94.30647377025497,552,-0.144010875256575,0.09449282639125463,84.28971734022963,104.40222275649668,0.042289164979008496,0.17787716898879768,data/metadata/20260915T175345267639Z/pass_plus_manifest.json
400,23,2019,00-0034869,S.Darnold,481,13,-12.331006434505976,-0.025636188013525938,0.42411642411642414,33,9,7,0,19839,0.0422891649790085,-0.06792535299253444,-32.672094789409066,-3.667947946940252,-0.007625671407360191,-0.03326185942088613,-36.34004273634932,93.62894421785074,481,-0.2036004413452325,0.12710886335094268,79.26465708988263,107.15266317094995,0.042289164979008496,0.17787716898879768,data/metadata/20260915T175345267639Z/pass_plus_manifest.json
400,24,2019,00-0034577,K.Allen,553,13,-21.108412317851556,-0.03817072751871891,0.4719710669077758,46,19,9,0,19839,0.0422891649790085,-0.08045989249772742,-44.49432055124326,-3.3253081229849015,-0.006013215412269261,-0.04418394293098817,-47.81962867422816,92.70790835033114,553,-0.19563479731719058,0.10344678564945095,79.93638275934251,105.15729092874426,0.042289164979008496,0.17787716898879768,data/metadata/20260915T175345267639Z/pass_plus_manifest.json
400,25,2019,00-0033869,M.Trubisky,573,15,-32.366878729257344,-0.05648669935297966,0.43455497382198954,38,22,8,0,19839,0.0422891649790085,-0.09877586433198816,-56.59857026222922,0.6725248744430237,0.001173690880354317,-0.055313008472625345,-55.926045387786196,91.76941813220162,573,-0.13606893861114638,0.030405673086699697,84.95944381698129,98.99789062644764,0.042289164979008496,0.17787716898879768,data/metadata/20260915T175345267639Z/pass_plus_manifest.json
400,26,2019,00-0035710,D.Jones,524,13,-27.46401235743796,-0.052412237323354885,0.4179389312977099,38,27,8,0,19839,0.0422891649790085,-0.09470140230236339,-49.623534806438414,-2.766651892790691,-0.005279870024409716,-0.0576921073477646,-52.390186699229105,91.56879382875694,524,-0.21419719292938227,0.10679174928455368,78.37105576563255,105.43936453499612,0.042289164979008496,0.17787716898879768,data/metadata/20260915T175345267639Z/pass_plus_manifest.json
400,1,2020,00-0023459,A.Rodgers,567,16,193.32127327361033,0.34095462658485065,0.544973544973545,20,24,7,0,19932,0.0778852461675433,0.2630693804173073,149.16033869661328,-4.404690060262713,-0.007768412804696142,0.3331862137801545,144.75564863635057,121.02706341064467,567,0.17613498356896398,0.48361191064656406,108.09203144718833,133.41640410205912,0.07788524616754329,0.1821231257737363,data/metadata/20260915T175347204551Z/pass_plus_manifest.json
400,2,2020,00-0033873,P.Mahomes,649,15,189.00005128878917,0.2912173363463624,0.539291217257319,22,40,15,0,19932,0.0778852461675433,0.21333209017881907,138.45252652605356,-0.6996884893322283,-0.0010781024488940344,0.2901392338974683,137.75283803672133,117.48163393540881,649,0.17737795571804424,0.4120113303206373,108.1944049494934,127.51924688862971,0.07788524616754329,0.1821231257737363,data/metadata/20260915T175347204551Z/pass_plus_manifest.json
400,3,2020,00-0034857,J.Allen,627,16,180.89646756270568,0.28851111254020045,0.5566188197767146,26,29,13,0,19932,0.0778852461675433,0.21062586637265715,132.06241821565604,-0.26076376657571254,-0.000415891174761902,0.2880952213654385,131.80165444908033,117.31328525453597,627,0.17131041146080606,0.4086773577274786,107.6946706984371,127.24465469345999,0.07788524616754329,0.1821231257737363,data/metadata/20260915T175347204551Z/pass_plus_manifest.json
400,4,2020,00-0029701,R.Tannehill,525,16,134.20329110848155,0.2556253163971077,0.5295238095238095,24,20,5,0,19932,0.0778852461675433,0.17774007022956442,93.31353687052132,-1.5390132463329693,-0.0029314538025389894,0.2526938625945687,91.77452362418835,114.3975633806276,525,0.13233661514936698,0.3762018499525106,104.4847162119438,124.56991135949308,0.07788524616754329,0.1821231257737363,data/metadata/20260915T175347204551Z/pass_plus_manifest.json
400,5,2020,00-0033537,D.Watson,653,16,143.29293970287517,0.21943788622186092,0.5298621745788668,49,62,9,0,19932,0.0778852461675433,0.1415526400543176,92.4338739554694,-3.4204451195744188,-0.005238047656316108,0.2141998385655448,89.01342883589497,111.22712383330338,653,0.12130037690492869,0.31005679744652337,103.57575106562713,119.122081582936,0.07788524616754329,0.1821231257737363,data/metadata/20260915T175347204551Z/pass_plus_manifest.json
400,6,2020,00-0019596,T.Brady,631,16,120.17124336652603,0.19044571056501747,0.4896988906497623,21,4,15,0,19932,0.0778852461675433,0.11256046439747416,71.0256530348062,3.4974400488165847,0.005542694213655443,0.1959884047786729,74.52309308362278,109.7271962121266,631,0.0316028281077997,0.35520981815893377,96.18809380770979,122.84096850522398,0.07788524616754329,0.1821231257737363,data/metadata/20260915T175347204551Z/pass_plus_manifest.json
400,7,2020,00-0034855,B.Mayfield,532,16,89.24101033702966,0.16774626003201065,0.5093984962406015,26,25,16,0,19932,0.0778852461675433,0.08986101386446735,47.80605937589662,0.6711034098768249,0.0012614725749564377,0.16900773260696708,48.47716278577345,107.50501777731111,532,0.0017622839297366912,0.33971646680549594,93.73037098547448,121.56490721803581,0.07788524616754329,0.1821231257737363,data/metadata/20260915T175347204551Z/pass_plus_manifest.json
400,8,2020,00-0034796,L.Jackson,451,15,78.81814919481832,0.17476308025458606,0.4811529933481153,29,49,7,0,19932,0.0778852461675433,0.09687783408704276,43.691903173256286,-2.641795773771207,-0.005857640296610215,0.16890543995797586,41.05010739948508,107.49659276413198,451,0.028426726421460952,0.31358934584362613,95.92650415459639,119.41302885133713,0.07788524616754329,0.1821231257737363,data/metadata/20260915T175347204551Z/pass_plus_manifest.json
400,9,2020,00-0020531,D.Brees,403,12,62.17233549014979,0.1542737853353593,0.4987593052109181,13,2,6,0,19932,0.0778852461675433,0.07638853916781599,30.78458128462984,1.6271850850489513,0.004037680111783998,0.15831146544714328,32.411766369678794,106.62405328301242,403,0.06399515788533852,0.2609958951637993,98.85598644681774,115.08133425271977,0.07788524616754329,0.1821231257737363,data/metadata/20260915T175347204551Z/pass_plus_manifest.json
400,10,2020,00-0029604,K.Cousins,569,16,91.37338785571981,0.16058591890284676,0.5166959578207382,39,17,11,0,19932,0.0778852461675433,0.08270067273530346,47.056682786387675,-7.371980226174821,-0.0129560285170032,0.14762989038584357,39.684702560212855,105.74429885732485,569,0.054628838573588176,0.23661376819428992,98.0845589354604,113.07317684278703,0.07788524616754329,0.1821231257737363,data/metadata/20260915T175347204551Z/pass_plus_manifest.json
400,11,2020,00-0022942,P.Rivers,560,16,93.39865056769553,0.16678330458517057,0.49464285714285716,19,1,4,0,19932,0.0778852461675433,0.08889805841762727,49.782912713871276,-12.191137555624698,-0.02176988849218696,0.14501341609298363,37.59177515824658,105.52880115912667,560,0.0327918913514006,0.255223063346807,96.28602727210779,114.60587306739801,0.07788524616754329,0.1821231257737363,data/metadata/20260915T175347204551Z/pass_plus_manifest.json
400,12,2020,00-0029263,R.Wilson,657,16,86.62786133626427,0.13185367022262445,0.502283105022831,47,53,8,0,19932,0.0778852461675433,0.05396842405508115,35.45725460418832,6.096158716625371,0.009278780390601782,0.14113245061322624,41.55341332081369,105.20915761057104,657,0.035342500525231496,0.25275247408501605,96.4961001963722,114.40239073219526,0.07788524616754329,0.1821231257737363,data/metadata/20260915T175347204551Z/pass_plus_manifest.json
400,13,2020,00-0036355,J.Herbert,648,15,90.16748691885496,0.13914735635625766,0.47685185185185186,32,25,9,0,19932,0.0778852461675433,0.06126211018871436,39.697847402286904,0.1438753621414537,0.00022202987984792235,0.1393693862361056,39.841722764428354,105.06394834324458,648,-0.009608740484552432,0.2800263973639606,92.79383222638113,116.64872187463585,0.07788524616754329,0.1821231257737363,data/metadata/20260915T175347204551Z/pass_plus_manifest.json
400,14,2020,00-0026498,M.Stafford,575,16,68.73773843868788,0.1195438929368485,0.48869565217391303,38,16,9,0,19932,0.0778852461675433,0.041658646769305196,23.953721892350487,1.1518726142706166,0.0020032567204706377,0.12154714965731914,25.105594506621102,103.59607572934092,575,0.012237331220275845,0.2317425306506744,94.59311539912623,112.67197264181691,0.07788524616754329,0.1821231257737363,data/metadata/20260915T175347204551Z/pass_plus_manifest.json
400,15,2020,00-0031237,T.Bridgewater,558,15,53.2862674447437,0.09549510294756935,0.4838709677419355,31,37,9,0,19932,0.0778852461675433,0.01760985678002605,9.826300083254537,7.496630010904894,0.013434820808073285,0.10892992375564264,17.32293009415943,102.5568974936221,558,-0.011988276402378331,0.230724876304803,92.59784921425266,112.58815673363272,0.07788524616754329,0.1821231257737363,data/metadata/20260915T175347204551Z/pass_plus_manifest.json
400,16,2020,00-0026143,M.Ryan,682,16,70.16199765409974,0.10287682940483832,0.47214076246334313,41,16,10,0,19932,0.0778852461675433,0.024991583237295015,17.0442597678352,0.5629435067389704,0.0008254303617873467,0.10370225976662567,17.60720327457417,102.1263373464573,682,-0.0170267889595873,0.23222990706150334,92.1828679314691,112.71211387117137,0.07788524616754329,0.1821231257737363,data/metadata/20260915T175347204551Z/pass_plus_manifest.json
400,17,2020,00-0031280,D.Carr,562,16,51.545567367025384,0.09171809140040103,0.4928825622775801,26,23,8,0,19932,0.0778852461675433,0.01383284523285773,7.774059020866048,2.5779984295936007,0.004587185817782208,0.09630527721818324,10.352057450459649,101.51710808051288,562,-0.05549864979703064,0.22850083814721225,89.0142537859015,112.4049808067858,0.07788524616754329,0.1821231257737363,data/metadata/20260915T175347204551Z/pass_plus_manifest.json
400,18,2020,00-0035228,K.Murray,627,16,50.62905242390264,0.08074808999027534,0.49282296650717705,27,50,10,0,19932,0.0778852461675433,0.002862843822732039,1.7950030768529928,0.5139744607902761,0.0008197359821216525,0.08156782597239699,2.308977537643269,100.30330413470628,627,-0.014629545035850235,0.17178095713355737,92.38030940796084,107.73342571684172,0.07788524616754329,0.1821231257737363,data/metadata/20260915T175347204551Z/pass_plus_manifest.json
400,19,2020,00-0036442,J.Burrow,449,10,30.703103448135412,0.06838107672190515,0.46770601336302897,32,16,9,0,19932,0.0778852461675433,-0.009504169445638158,-4.267372081091533,1.7190183466053932,0.0038285486561367332,0.07220962537804188,-2.54835373448614,99.5325452960417,449,-0.12317144797133682,0.2368396327977348,83.44059602935877,113.09177947239422,0.07788524616754329,0.1821231257737363,data/metadata/20260915T175347204551Z/pass_plus_manifest.json
400,20,2020,00-0022924,B.Roethlisberger,624,15,46.09074790126722,0.0738633780469026,0.46634615384615385,13,3,10,0,19932,0.0778852461675433,-0.004021868120640704,-2.5096457072798017,-2.5515100013889964,-0.004088958335559289,0.06977441971134331,-5.061155708668798,99.3319772196632,624,-0.03547423421629145,0.16876501200550045,90.6635019658622,107.48502685629802,0.07788524616754329,0.1821231257737363,data/metadata/20260915T175347204551Z/pass_plus_manifest.json
400,21,2020,00-0033106,J.Goff,595,15,10.060175637567955,0.016907858214399923,0.47394957983193275,23,22,7,0,19932,0.0778852461675433,-0.06097738795314338,-36.281545832120315,3.7378304072424537,0.006282067911331855,0.02318992612573178,-32.54371542487786,95.49519152418651,595,-0.1471223326566374,0.19959465698500212,81.46795653751386,110.02421386359246,0.07788524616754329,0.1821231257737363,data/metadata/20260915T175347204551Z/pass_plus_manifest.json
400,22,2020,00-0035710,D.Jones,513,14,-23.752184278278307,-0.04630055414869066,0.4346978557504873,45,22,4,0,19932,0.0778852461675433,-0.12418580031623397,-63.70731556222802,9.553495202361853,0.018622797665422717,-0.02767775648326794,-54.15382035986617,91.30563439961279,513,-0.11984141531509591,0.05650152031535559,83.7148637239824,98.23879649319598,0.07788524616754329,0.1821231257737363,data/metadata/20260915T175347204551Z/pass_plus_manifest.json
400,23,2020,00-0027939,C.Newton,417,15,-12.73727898610486,-0.030545033539819806,0.46522781774580335,31,20,7,0,19932,0.0778852461675433,-0.1084302797073631,-45.21542663797042,-1.4300639730568017,-0.0034294100073304595,-0.03397444354715026,-46.64549061102722,90.7870275200253,417,-0.24102794061030755,0.14146901768759598,73.73371568632712,105.23687790196236,0.07788524616754329,0.1821231257737363,data/metadata/20260915T175347204551Z/pass_plus_manifest.json
400,24,2020,00-0035704,D.Lock,481,13,-40.960404890806025,-0.08515676692475264,0.4095634095634096,19,21,7,0,19932,0.0778852461675433,-0.16304201309229593,-78.42320829739435,-1.458643464354832,-0.003032522794916491,-0.08818928971966913,-79.88185176174919,86.32179176738342,481,-0.2245819659171642,0.037986624213997885,75.08823680685538,96.71387515033807,0.07788524616754329,0.1821231257737363,data/metadata/20260915T175347204551Z/pass_plus_manifest.json
400,25,2020,00-0032950,C.Wentz,508,12,-71.27326927327758,-0.14030171116786924,0.38976377952755903,50,22,7,0,19932,0.0778852461675433,-0.21818695733541255,-110.83897432638958,1.7550495334303737,0.003454821916201523,-0.1368468892516677,-109.0839247929592,82.31426120321586,508,-0.2467345322909202,-0.02795690954976514,73.26371016206693,91.2826428328929,0.07788524616754329,0.1821231257737363,data/metadata/20260915T175347204551Z/pass_plus_manifest.json
400,26,2020,00-0034869,S.Darnold,422,12,-74.62647057495685,-0.17683997766577453,0.41232227488151657,35,26,4,0,19932,0.0778852461675433,-0.25472522383331786,-107.49404445766012,3.613400546544871,0.008562560536836187,-0.16827741712893834,-103.88064391111526,79.72558436079892,422,-0.2881580244569903,-0.058876821853603274,69.85199416031656,88.73602124056542,0.07788524616754329,0.1821231257737363,data/metadata/20260915T175347204551Z/pass_plus_manifest.json
400,1,2021,00-0023459,A.Rodgers,575,16,141.11106048928247,0.2454105399813608,0.5130434782608696,30,17,8,0,20799,0.04047878194474436,0.20493175803661645,117.83576087105446,1.1821856871232708,0.002055975108040471,0.2474665150894013,119.01794655817773,116.78090100127177,575,0.12128298624087891,0.3606264214279955,106.55095513236203,125.95499628088932,0.040478781944744364,0.18502081604167445,data/metadata/20260915T175349423779Z/pass_plus_manifest.json
400,2,2021,00-0033873,P.Mahomes,732,17,158.73680074979345,0.2168535529368763,0.5286885245901639,28,46,14,0,20799,0.04047878194474436,0.17637477099213195,129.10633236624057,4.283945180486333,0.005852384126347449,0.22270593706322375,133.3902775467269,114.7735124363602,732,0.08948321814797537,0.36333935272855655,103.97288563943474,126.1749389358782,0.040478781944744364,0.18502081604167445,data/metadata/20260915T175349423779Z/pass_plus_manifest.json
400,3,2021,00-0019596,T.Brady,749,17,142.0829989999203,0.18969692790376544,0.5126835781041389,22,10,5,0,20799,0.04047878194474436,0.14921814595902108,111.76439132330678,4.610484501358616,0.006155520028516177,0.19585244793228163,116.3748758246654,112.5964474683114,749,0.0784639184700792,0.30578230673823387,103.07952942847082,121.50867646700888,0.040478781944744364,0.18502081604167445,data/metadata/20260915T175349423779Z/pass_plus_manifest.json
400,4,2021,00-0026498,M.Stafford,639,17,120.58315111523592,0.18870602678440676,0.5023474178403756,30,8,8,0,20799,0.04047878194474436,0.1482272448396624,94.71720945254428,0.9530180830123757,0.0014914211001758617,0.19019744788458262,95.67022753555666,112.13798553667459,639,0.04412202975379645,0.342024650290726,100.29536523676056,124.44691425515555,0.040478781944744364,0.18502081604167445,data/metadata/20260915T175349423779Z/pass_plus_manifest.json
400,5,2021,00-0033077,D.Prescott,646,16,112.89745462938158,0.17476386165538946,0.5030959752321982,30,20,8,0,20799,0.04047878194474436,0.1342850797106451,86.74816149307674,-0.9401399939524555,-0.0014553250680378568,0.1733085365873516,85.80802149912428,110.76876841355151,646,0.012086779144219092,0.33761890597579164,97.6982047149119,124.08973193298306,0.040478781944744364,0.18502081604167445,data/metadata/20260915T175349423779Z/pass_plus_manifest.json
400,6,2021,00-0031345,J.Garoppolo,473,15,76.48748823416882,0.16170716328576917,0.4883720930232558,29,6,11,0,20799,0.04047878194474436,0.12122838134102482,57.34102437430474,2.161617742101614,0.004570016368079522,0.1662771796538487,59.50264211640635,110.19872253299077,473,0.0370481083587039,0.3063806258379543,99.7218685719178,121.55718336849063,0.040478781944744364,0.18502081604167445,data/metadata/20260915T175349423779Z/pass_plus_manifest.json
400,7,2021,00-0036442,J.Burrow,589,16,101.24408365070218,0.17189148327793238,0.48896434634974534,51,20,12,0,20799,0.04047878194474436,0.13141270133318803,77.40208108524776,-4.740372858104645,-0.008048171236170874,0.1638433120417615,72.66170822714311,110.00140411789371,589,-0.010010808906160162,0.3344119110679729,95.90670996395896,123.82973457351598,0.040478781944744364,0.18502081604167445,data/metadata/20260915T175349423779Z/pass_plus_manifest.json
400,8,2021,00-0034857,J.Allen,718,17,121.68343800176036,0.1694755403924239,0.5125348189415042,26,46,14,0,20799,0.04047878194474436,0.12899675844767955,92.61967256543392,-5.708723408191959,-0.007950868256534762,0.16152467213588914,86.91094915724196,109.81342743866291,718,0.05315273919147165,0.2806831926838685,101.02750254143344,119.47384212312252,0.040478781944744364,0.18502081604167445,data/metadata/20260915T175349423779Z/pass_plus_manifest.json
400,9,2021,00-0036355,J.Herbert,738,17,124.2103630903322,0.16830672505465066,0.5013550135501355,31,36,6,0,20799,0.04047878194474436,0.1278279431099063,94.33702201511086,-6.1462088162617015,-0.008328196227996885,0.15997852882665378,88.19081319884916,109.68807857179105,738,0.04015169118416258,0.2714085354779877,99.97348211129054,118.72192749500373,0.040478781944744364,0.18502081604167445,data/metadata/20260915T175349423779Z/pass_plus_manifest.json
400,10,2021,00-0035228,K.Murray,541,14,76.6981390468623,0.141771051842629,0.5046210720887245,31,29,5,0,20799,0.04047878194474436,0.10129226989788465,54.79911801475559,1.954698590345894,0.00361312123908668,0.1453841730817157,56.753816605101484,108.50488556217444,541,0.01630322173880619,0.28013679374406664,98.04003997578633,119.42954449071351,0.040478781944744364,0.18502081604167445,data/metadata/20260915T175349423779Z/pass_plus_manifest.json
400,11,2021,00-0029604,K.Cousins,599,16,68.8653018821845,0.11496711499529966,0.4557595993322204,28,15,7,0,20799,0.04047878194474436,0.0744883330505553,44.618511497282626,1.4397253185519863,0.0024035481111051526,0.11737066310640482,46.05823681583461,106.23377543186879,599,-0.0031583661794212037,0.23539514823434107,96.4622509192963,115.80225164332538,0.040478781944744364,0.18502081604167445,data/metadata/20260915T175349423779Z/pass_plus_manifest.json
400,12,2021,00-0031237,T.Bridgewater,472,14,57.56377544773157,0.12195715137231265,0.4788135593220339,31,15,13,0,20799,0.04047878194474436,0.0814783694275683,38.45779036981224,-6.100315103298766,-0.012924396405293996,0.10903275496701866,32.35747526651347,105.55780488559998,472,-0.02557872878163668,0.2477123627125875,94.64458820313206,116.80083234968265,0.040478781944744364,0.18502081604167445,data/metadata/20260915T175349423779Z/pass_plus_manifest.json
400,13,2021,00-0036389,J.Hurts,506,15,39.91354953949655,0.07888053268675208,0.45454545454545453,26,50,6,0,20799,0.04047878194474436,0.03840175074200772,19.431285875455906,-4.1761503720762825,-0.00825326160489384,0.07062727108185823,15.255135503379623,102.44419707323551,506,-0.08179183396260588,0.21189796167578978,90.08728164836789,113.89728869959433,0.040478781944744364,0.18502081604167445,data/metadata/20260915T175349423779Z/pass_plus_manifest.json
400,14,2021,00-0036972,M.Jones,563,17,36.19046351005787,0.06428146271768716,0.4849023090586146,28,15,7,0,20799,0.04047878194474436,0.0238026807729428,13.400909275166793,-3.9358665288404,-0.006990881933997157,0.05729058078369,9.465042746326393,101.3629654650717,563,-0.06831423629444061,0.19789774935794002,91.17993689304558,112.76226406149931,0.040478781944744364,0.18502081604167445,data/metadata/20260915T175349423779Z/pass_plus_manifest.json
400,15,2021,00-0034796,L.Jackson,465,12,27.572024923595052,0.05929467725504312,0.49032258064516127,38,49,4,0,20799,0.04047878194474436,0.018815895310298765,8.749391319288925,-1.1062455770395028,-0.0023790227463215113,0.05691565450872161,7.6431457422494224,101.3325694575043,465,-0.1009237898949615,0.22768811817775111,88.53621650269967,115.17742761907715,0.040478781944744364,0.18502081604167445,data/metadata/20260915T175349423779Z/pass_plus_manifest.json
400,16,2021,00-0036212,T.Tagovailoa,425,13,27.00979545673312,0.06355245989819558,0.4894117647058824,20,18,6,0,20799,0.04047878194474436,0.02307367795345122,9.806313130216768,-4.138789633765966,-0.009738328550037567,0.05381413134815801,5.667523496450802,101.08112289919936,425,-0.0778307870940649,0.1658982788155525,90.40841147742849,110.16800429978849,0.040478781944744364,0.18502081604167445,data/metadata/20260915T175349423779Z/pass_plus_manifest.json
400,17,2021,00-0029701,R.Tannehill,596,17,34.832228441152644,0.058443336310658796,0.4949664429530201,47,19,11,0,20799,0.04047878194474436,0.01796455436591444,10.706874402085006,-8.596071129899686,-0.01442293813741558,0.044020398173243214,2.1108032721853203,100.28712576543559,596,-0.09498441500932135,0.1945955352352855,89.0177332595198,112.49454709375735,0.040478781944744364,0.18502081604167445,data/metadata/20260915T175349423779Z/pass_plus_manifest.json
400,18,2021,00-0031280,D.Carr,680,17,29.989191501149563,0.044101752207572884,0.4661764705882353,40,17,16,0,20799,0.04047878194474436,0.003622970262828526,2.463619778723398,-1.1433048110667947,-0.0016813306045099922,0.04242042160306289,1.3203149676566035,100.15741253064313,680,-0.07603313811004817,0.17250303434844075,90.5541504020378,110.70346476911757,0.040478781944744364,0.18502081604167445,data/metadata/20260915T175349423779Z/pass_plus_manifest.json
400,19,2021,00-0029263,R.Wilson,456,14,14.941937456380883,0.03276740670258965,0.4407894736842105,33,23,8,0,20799,0.04047878194474436,-0.0077113752421547055,-3.516387110422544,1.8646258608355273,0.004089091800077911,0.03685649850266756,-1.6517612495870166,99.70633438553793,456,-0.11485306361440759,0.20648168530535488,87.40694299574125,113.45818056411716,0.040478781944744364,0.18502081604167445,data/metadata/20260915T175349423779Z/pass_plus_manifest.json
400,20,2021,00-0032950,C.Wentz,574,17,13.472786658209527,0.023471753759946912,0.44773519163763065,32,26,7,0,20799,0.04047878194474436,-0.017007028184797445,-9.762034178073735,-2.847935936000945,-0.004961560864113144,0.01851019289583377,-12.609970114074681,98.21896345079661,574,-0.10197003707032673,0.150477814696232,88.45139519466402,108.91783706596921,0.040478781944744364,0.18502081604167445,data/metadata/20260915T175349423779Z/pass_plus_manifest.json
400,21,2021,00-0034855,B.Mayfield,484,14,-9.250747724710623,-0.019113115133699635,0.4297520661157025,43,25,7,0,20799,0.04047878194474436,-0.05959189707844399,-28.84247818596689,-0.33863585165659993,-0.0006996608505301651,-0.0198127759842298,-29.18111403762349,95.11204529153676,484,-0.12328905412196535,0.09839314453522932,86.72302071974791,104.69523082560399,0.040478781944744364,0.18502081604167445,data/metadata/20260915T175349423779Z/pass_plus_manifest.json
400,22,2021,00-0035710,D.Jones,405,11,-12.879230673287157,-0.03180056956367199,0.4222222222222222,22,23,8,0,20799,0.04047878194474436,-0.07227935150841636,-29.27313736090862,3.9228513954548543,0.009686052828283592,-0.0221145167353884,-25.350285965453764,94.92543865988294,405,-0.16834492190950992,0.13486896205011897,83.07025325675639,107.65239680524223,0.040478781944744364,0.18502081604167445,data/metadata/20260915T175349423779Z/pass_plus_manifest.json
400,23,2021,00-0026143,M.Ryan,616,17,-18.645758688513943,-0.030269088780055103,0.461038961038961,40,17,14,0,20799,0.04047878194474436,-0.07074787072479946,-43.580688366476465,4.532685926960489,0.007358256374935858,-0.022910832405119246,-39.048002439515976,94.8608797886083,616,-0.17056145965377942,0.1193464490226851,82.8905541997781,106.39395626653516,0.040478781944744364,0.18502081604167445,data/metadata/20260915T175349423779Z/pass_plus_manifest.json
400,24,2021,00-0031800,T.Heinicke,569,16,-26.997724211640474,-0.0474476699677337,0.44815465729349735,38,40,5,0,20799,0.04047878194474436,-0.08792645191247805,-50.03015113820001,8.683027397126674,0.015260153597762168,-0.032187516369971525,-41.34712374107334,94.1088008471694,569,-0.20788958355529968,0.1283398195714731,79.86429007176406,107.12306643434154,0.040478781944744364,0.18502081604167445,data/metadata/20260915T175349423779Z/pass_plus_manifest.json
400,25,2021,00-0033106,J.Goff,535,14,-35.712100593461976,-0.06675158989432145,0.4504672897196262,35,11,12,0,20799,0.04047878194474436,-0.10723037183906581,-57.368248933900205,3.6604473731466847,0.006841957706816233,-0.05990963218750522,-53.70780156075352,91.86131461205657,535,-0.1891815430659441,0.07450336955784655,81.38098756204604,102.7584399697036,0.040478781944744364,0.18502081604167445,data/metadata/20260915T175349423779Z/pass_plus_manifest.json
400,26,2021,00-0022924,B.Roethlisberger,644,16,-44.2604722817656,-0.06872744143131304,0.39596273291925466,38,3,14,0,20799,0.04047878194474436,-0.1092062233760574,-70.32880785418097,3.9099878480124355,0.006071409701882664,-0.06265603172943038,-66.41882000616853,91.63865862117824,644,-0.16054894991552215,0.0374784759527051,83.7022879781008,99.75675931582502,0.040478781944744364,0.18502081604167445,data/metadata/20260915T175349423779Z/pass_plus_manifest.json
400,27,2021,00-0036971,T.Lawrence,663,17,-59.17700039364243,-0.08925641085013941,0.4434389140271493,32,32,8,0,20799,0.04047878194474436,-0.12973519279488377,-86.01443282300794,-6.734634405077735,-0.010157819615501862,-0.09941423046564127,-92.74906722808566,88.65859944276141,663,-0.18931095482138893,-0.007664735080795914,81.37049589752309,96.09691076478418,0.040478781944744364,0.18502081604167445,data/metadata/20260915T175349423779Z/pass_plus_manifest.json
400,28,2021,00-0036898,D.Mills,433,13,-56.0132853201117,-0.12936093607416096,0.42494226327944573,31,10,9,0,20799,0.04047878194474436,-0.16983971801890532,-73.54059790218601,1.0037165058856048,0.0023180519766411198,-0.12704288409751985,-72.5368813963004,86.41869037012587,433,-0.34711793331995355,0.09130358354164526,68.57677501724496,104.12046622787457,0.040478781944744364,0.18502081604167445,data/metadata/20260915T175349423779Z/pass_plus_manifest.json
400,29,2021,00-0034869,S.Darnold,464,12,-70.30980523908501,-0.15152975267044183,0.41594827586206895,35,23,7,0,20799,0.04047878194474436,-0.1920085346151862,-89.09196006144639,5.659696848651081,0.012197622518644572,-0.13933213015179727,-83.4322632127953,85.42237711868805,464,-0.31684526635678184,0.037843375417091756,71.0310394300951,99.78634243021669,0.040478781944744364,0.18502081604167445,data/metadata/20260915T175349423779Z/pass_plus_manifest.json
400,30,2021,00-0037013,Z.Wilson,442,13,-85.2503560149462,-0.19287410863110002,0.36877828054298645,44,16,3,0,20799,0.04047878194474436,-0.23335289057584438,-103.14197763452322,1.747715917257347,0.0039541084100844955,-0.18892000022101552,-101.39426171726586,81.40219135282949,442,-0.3409073080602755,-0.02356195540677639,69.08028257324983,94.8080919713572,0.040478781944744364,0.18502081604167445,data/metadata/20260915T175349423779Z/pass_plus_manifest.json
400,1,2022,00-0033873,P.Mahomes,720,17,209.30933992853537,0.2907074165674102,0.5333333333333333,26,46,12,0,20210,0.015473245525922667,0.27523417104148756,198.16860314987105,-1.5354049865869408,-0.0021325069258151955,0.28857490964159505,196.6331981632841,122.66474337460305,720,0.1999405905933548,0.39378847501357894,115.30896946558653,131.39643113785672,0.01547324552592266,0.18074437879254537,data/metadata/20260915T175351369838Z/pass_plus_manifest.json
400,2,2022,00-0036212,T.Tagovailoa,430,13,94.75122796508762,0.22035169294206425,0.4930232558139535,21,10,5,0,20210,0.015473245525922667,0.20487844741614158,88.09773238894087,3.3328547337047567,0.0077508249621040855,0.22810251790416833,91.43058712264562,117.64613155319456,430,0.0625128042044308,0.38597059821738855,103.9038192218829,130.74762450427698,0.01547324552592266,0.18074437879254537,data/metadata/20260915T175351369838Z/pass_plus_manifest.json
400,3,2022,00-0034857,J.Allen,650,16,140.52403189440423,0.21619081829908343,0.5215384615384615,33,51,7,0,20210,0.015473245525922667,0.20071757277316077,130.4664223025545,-0.8010437397567174,-0.0012323749842411036,0.21495844331484232,129.66537856279777,116.55530305740943,650,0.12422847390758064,0.30650446541160115,109.02561084678199,124.15271958911525,0.01547324552592266,0.18074437879254537,data/metadata/20260915T175351369838Z/pass_plus_manifest.json
400,4,2022,00-0033106,J.Goff,624,17,96.89163248518943,0.15527505205959846,0.4823717948717949,23,15,9,0,20210,0.015473245525922667,0.1398018065336758,87.23632727701369,2.332234296363146,0.0037375549621204264,0.15901260702171888,89.56856157337683,111.91235067347912,624,0.027398837067923048,0.27170414498072115,100.98970642586525,121.26463637485193,0.01547324552592266,0.18074437879254537,data/metadata/20260915T175351369838Z/pass_plus_manifest.json
400,5,2022,00-0036442,J.Burrow,673,16,99.87692525113884,0.1484055352914396,0.5022288261515602,41,27,13,0,20210,0.015473245525922667,0.13293228976551694,89.46343101219288,3.060920324750423,0.004548172845097211,0.1529537081365368,92.52435133694331,111.40952185033743,673,0.020829682863748266,0.2890523451351492,100.4445314460352,122.70436580961959,0.01547324552592266,0.18074437879254537,data/metadata/20260915T175351369838Z/pass_plus_manifest.json
400,6,2022,00-0036971,T.Lawrence,633,17,92.1847540355132,0.14563152296289605,0.5039494470774092,27,24,8,0,20210,0.015473245525922667,0.1301582774369734,82.39018961760415,3.0007330514765282,0.0047404945520956214,0.15037201751499168,85.39092266908068,111.19526700279042,633,0.037098415637486504,0.2586449855172968,101.79467573951925,120.18085499664265,0.01547324552592266,0.18074437879254537,data/metadata/20260915T175351369838Z/pass_plus_manifest.json
400,7,2022,00-0036389,J.Hurts,541,15,68.56420093026351,0.12673604608181796,0.4658040665434381,38,43,7,0,20210,0.015473245525922667,0.1112628005558953,60.193175100739346,-2.405958198980569,-0.0044472425119788704,0.1222888035698391,57.787216901758775,108.86463734785222,541,-0.008811770515297792,0.24412388302147411,97.98458329353404,118.97574677201928,0.01547324552592266,0.18074437879254537,data/metadata/20260915T175351369838Z/pass_plus_manifest.json
400,8,2022,00-0033119,J.Brissett,413,12,32.338193198685545,0.07830070992417808,0.4552058111380145,24,23,5,0,20210,0.015473245525922667,0.06282746439825541,25.947742796479485,2.134203820160816,0.005167563729202945,0.08346827365338103,28.081946616640302,105.64291641447132,413,-0.07846998402574197,0.2636969286901215,92.20363890324711,120.60011643148566,0.01547324552592266,0.18074437879254537,data/metadata/20260915T175351369838Z/pass_plus_manifest.json
400,9,2022,00-0033077,D.Prescott,429,12,34.02608114869815,0.07931487447248985,0.4965034965034965,20,15,5,0,20210,0.015473245525922667,0.06384162894656718,27.388058818077322,-2.00404237458608,-0.004671427446587599,0.07464344702590225,25.38401644349124,104.91054288066357,429,-0.08128299747005595,0.24255726411667194,91.97018654391735,118.84573286105275,0.01547324552592266,0.18074437879254537,data/metadata/20260915T175351369838Z/pass_plus_manifest.json
400,10,2022,00-0035710,D.Jones,565,16,33.35522648077254,0.05903579908101334,0.4814159292035398,44,54,11,0,20210,0.015473245525922667,0.04356255355509067,24.61284275862623,-0.1813585002831536,-0.000320988496076378,0.058714810584936966,24.431484258343076,103.58862322700332,565,-0.02732535217377231,0.16780842219924194,96.44813869297548,112.64231654320213,0.01547324552592266,0.18074437879254537,data/metadata/20260915T175351369838Z/pass_plus_manifest.json
400,11,2022,00-0019596,T.Brady,756,17,38.56300232199324,0.05100926233067889,0.47354497354497355,22,4,4,0,20210,0.015473245525922667,0.035536016804756224,26.865228704395705,-2.142498662375366,-0.002833992939649955,0.04817526939102893,24.722730042020338,102.71394530360259,756,-0.027699780343946215,0.12973881430732706,96.4170648494063,109.4829147283653,0.01547324552592266,0.18074437879254537,data/metadata/20260915T175351369838Z/pass_plus_manifest.json
400,12,2022,00-0029604,K.Cousins,698,17,26.44357512390146,0.03788477811447201,0.47707736389684813,46,12,13,0,20210,0.015473245525922667,0.022411532588549343,15.64324974680744,3.8568503097431095,0.0055255735096606156,0.04341035162413263,19.50010005655055,102.31850414531638,698,-0.07431914534767999,0.16603190615994176,92.54811755639733,112.49488324116794,0.01547324552592266,0.18074437879254537,data/metadata/20260915T175351369838Z/pass_plus_manifest.json
400,13,2022,00-0031280,D.Carr,543,15,19.547376166519456,0.035998851135394944,0.4180478821362799,27,14,8,0,20210,0.015473245525922667,0.020525605609472277,11.145403845943449,2.1564278849691596,0.003971322071766408,0.039970173207161355,13.301831730912609,102.03300328161428,543,-0.06397010715023428,0.14177295286722547,93.40698561082165,110.48162948566166,0.01547324552592266,0.18074437879254537,data/metadata/20260915T175351369838Z/pass_plus_manifest.json
400,14,2022,00-0030565,G.Smith,650,17,27.01388867141844,0.04155982872525914,0.49230769230769234,46,33,14,0,20210,0.015473245525922667,0.02608658319933647,16.956279079568706,-2.6403624559533387,-0.004062096086082059,0.03749773263917708,14.315916623615367,101.82781511052139,650,-0.07107766944908309,0.1559751165833661,92.81712807171057,111.66026893860212,0.01547324552592266,0.18074437879254537,data/metadata/20260915T175351369838Z/pass_plus_manifest.json
400,15,2022,00-0036355,J.Herbert,757,17,19.45949943724036,0.02570607587482214,0.4583883751651255,38,22,10,0,20210,0.015473245525922667,0.010232830348899474,7.746252574116902,-5.293347231822922,-0.006992532670836093,0.018713543203986046,2.4529053422939793,100.26891273463468,757,-0.07668622908135043,0.12606072096827314,92.3516729629762,109.17766927368295,0.01547324552592266,0.18074437879254537,data/metadata/20260915T175351369838Z/pass_plus_manifest.json
400,16,2022,00-0027973,A.Dalton,414,14,6.6497028440938335,0.01606208416447786,0.49033816425120774,25,11,3,0,20210,0.015473245525922667,0.0005888386385551926,0.24377919636184942,-1.8618822853574952,-0.004497300206177525,0.011564783958300334,-1.6181030889956458,99.6756362554344,414,-0.08904811419286691,0.11409853793602608,91.32575847583423,108.18492611518255,0.01547324552592266,0.18074437879254537,data/metadata/20260915T175351369838Z/pass_plus_manifest.json
400,17,2022,00-0038102,K.Pickett,443,13,-2.9738923607498995,-0.0067130753064331816,0.44243792325056436,27,28,6,0,20210,0.015473245525922667,-0.022186320832355846,-9.828540128733641,0.08317319243001753,0.00018774987004518628,-0.006525325436387995,-9.745366936303624,98.17433567428726,443,-0.09439548470545298,0.09429423773236228,90.88197948682979,106.54136461114307,0.01547324552592266,0.18074437879254537,data/metadata/20260915T175351369838Z/pass_plus_manifest.json
400,18,2022,00-0023459,A.Rodgers,585,17,-4.8356326597282075,-0.008266038734578133,0.4495726495726496,32,13,8,0,20210,0.015473245525922667,-0.0237392842605008,-13.887481292392966,-2.3755306654931063,-0.004060736180330096,-0.012326774914908228,-16.26301195788607,97.69287261159536,585,-0.09697411837887009,0.07677535994214908,90.6679783358139,105.08747061671454,0.01547324552592266,0.18074437879254537,data/metadata/20260915T175351369838Z/pass_plus_manifest.json
400,19,2022,00-0035228,K.Murray,437,11,-2.248339622101331,-0.005144941927005334,0.4302059496567506,25,25,4,0,20210,0.015473245525922667,-0.020618187452928,-9.010147916929537,-3.3550840941344187,-0.00767753797284764,-0.012822479899852975,-12.365232011063956,97.65173398906201,437,-0.10449615234006704,0.09697766798656803,90.04372373840008,106.76406284431626,0.01547324552592266,0.18074437879254537,data/metadata/20260915T175351369838Z/pass_plus_manifest.json
400,20,2022,00-0036972,M.Jones,494,14,-32.57808824816442,-0.06594754706106158,0.39878542510121456,34,20,5,0,20210,0.015473245525922667,-0.08142079258698424,-40.221871537970216,0.8364624310121079,0.0016932437874739028,-0.06425430327358768,-39.38540910695811,93.3834001368015,494,-0.15142446302746398,0.011096135814514768,86.14913700207393,99.63674308374216,0.01547324552592266,0.18074437879254537,data/metadata/20260915T175351369838Z/pass_plus_manifest.json
400,21,2022,00-0036945,J.Fields,439,15,-30.20285127782419,-0.06879920564424645,0.41002277904328016,55,66,7,0,20210,0.015473245525922667,-0.08427245117016911,-36.995606063704244,1.4335474340049315,0.0032654839043392515,-0.0655337217399072,-35.562058629699315,93.2772210283667,439,-0.20706360535596893,0.05901552940406533,81.53163719099823,103.61357992174015,0.01547324552592266,0.18074437879254537,data/metadata/20260915T175351369838Z/pass_plus_manifest.json
400,22,2022,00-0029263,R.Wilson,565,15,-41.626520419344146,-0.07367525737937017,0.3787610619469027,55,28,2,0,20210,0.015473245525922667,-0.08914850290529283,-50.368904141490454,-2.458044635852831,-0.004350521479385541,-0.07802577885875571,-52.82694877734328,92.24050354904858,565,-0.17062549086829992,0.022553243688708983,84.55564115154395,100.58756998779856,0.01547324552592266,0.18074437879254537,data/metadata/20260915T175351369838Z/pass_plus_manifest.json
400,23,2022,00-0026143,M.Ryan,508,12,-39.7217517862795,-0.07819242477614075,0.4389763779527559,38,10,3,0,20210,0.015473245525922667,-0.09366567030206341,-47.582160513448216,-1.8664155941858112,-0.0036740464452476597,-0.0818664712213884,-49.448576107634025,91.92176397980523,508,-0.22910834863319168,0.05914757952297507,79.70214101873896,103.62453877864557,0.01547324552592266,0.18074437879254537,data/metadata/20260915T175351369838Z/pass_plus_manifest.json
400,24,2022,00-0036898,D.Mills,526,15,-70.32367440536191,-0.13369519848928121,0.3745247148288973,31,17,4,0,20210,0.015473245525922667,-0.14916844401520388,-78.46260155199724,-2.1392882722289874,-0.004067087970017086,-0.1377622864592983,-80.60188982422622,87.28296284989021,526,-0.25086214115145783,-0.02546137658864208,77.89679088860561,96.60283027433329,0.01547324552592266,0.18074437879254537,data/metadata/20260915T175351369838Z/pass_plus_manifest.json
400,1,2023,00-0037834,B.Purdy,486,16,151.3882111909916,0.3114983769361967,0.5473251028806584,28,17,10,0,20693,-0.001131078581726837,0.31262945551792354,151.93791538171084,1.0733208918029196,0.002208479201240575,0.31370685613743726,153.01123627351376,125.99738874570406,486,0.12807625294496536,0.49600662016375074,110.66915023912465,141.05058695026497,-0.0011310785817268275,0.18165551421266662,data/metadata/20260915T175353868767Z/pass_plus_manifest.json
400,2,2023,00-0033077,D.Prescott,656,17,134.09053333977207,0.20440630082282327,0.5045731707317073,39,27,10,0,20693,-0.001131078581726837,0.2055373794045501,134.83252088938488,-5.69308012806889,-0.008678475804983064,0.1957278250178402,129.139440761316,116.25540279793833,656,0.08534857597514066,0.30353900320709193,107.14096031697869,125.15778971334754,-0.0011310785817268275,0.18165551421266662,data/metadata/20260915T175353868767Z/pass_plus_manifest.json
400,3,2023,00-0036212,T.Tagovailoa,603,17,107.32645789852464,0.17798749236902925,0.49917081260364843,29,16,7,0,20693,-0.001131078581726837,0.1791185709507561,108.00849828330593,3.9348277116045853,0.006525419090554868,0.18451291145958412,111.94332599491051,115.32934391058245,603,0.040527088671533575,0.3398537912908539,103.4398763588721,128.1564425404713,-0.0011310785817268275,0.18165551421266662,data/metadata/20260915T175353868767Z/pass_plus_manifest.json
400,4,2023,00-0034857,J.Allen,649,17,107.55426885015937,0.16572306448406685,0.5069337442218799,24,48,12,0,20693,-0.001131078581726837,0.1668541430657937,108.2883388497001,0.779344693877067,0.0012008392817828457,0.1669239037658497,109.06768354357716,113.8769513611488,649,0.0709250175491214,0.26355714921279666,105.94995118451162,121.85633303853216,-0.0011310785817268275,0.18165551421266662,data/metadata/20260915T175353868767Z/pass_plus_manifest.json
400,5,2023,00-0036264,J.Love,631,17,81.34746318189104,0.12891832516939944,0.4611727416798732,30,24,4,0,20693,-0.001131078581726837,0.13004940375112628,82.06117376696068,-1.8565692840117072,-0.0029422651093687913,0.12597606006003065,80.20460448294897,110.49572917117325,631,-0.004269990397203884,0.25809437669113267,99.74080788333772,121.40525073486462,-0.0011310785817268275,0.18165551421266662,data/metadata/20260915T175353868767Z/pass_plus_manifest.json
400,6,2023,00-0039163,C.Stroud,554,15,63.09531897185094,0.1138904674582147,0.4693140794223827,38,23,10,0,20693,-0.001131078581726837,0.11502154603994154,63.72193650612761,-1.1575041352964217,-0.0020893576449393892,0.1118011098132753,62.56443237083119,109.32524857980289,554,-0.019734495465714624,0.2421625277213575,98.46384375134835,120.08969620527928,-0.0011310785817268275,0.18165551421266662,data/metadata/20260915T175353868767Z/pass_plus_manifest.json
400,7,2023,00-0033106,J.Goff,638,17,67.97552858622187,0.10654471565238538,0.49216300940438873,30,7,9,0,20693,-0.001131078581726837,0.10767579423411222,68.6971567213636,-0.02944548653440937,-0.000046152800210672994,0.10649856285217471,68.66771123482918,108.88739672178886,638,-0.0034582525166222356,0.2184095637532668,99.80783622685648,118.12832189156458,-0.0011310785817268275,0.18165551421266662,data/metadata/20260915T175353868767Z/pass_plus_manifest.json
400,8,2023,00-0034796,L.Jackson,559,16,57.04720946100668,0.10205225306083485,0.4883720930232558,37,66,10,0,20693,-0.001131078581726837,0.10318333164256169,57.679482388191985,-1.667653103044129,-0.0029832792541039876,0.09906897380673085,56.011829285147854,108.27390675334678,559,-0.06660611103053293,0.2832201652722827,94.59347275534778,123.47998449866341,-0.0011310785817268275,0.18165551421266662,data/metadata/20260915T175353868767Z/pass_plus_manifest.json
400,9,2023,00-0036389,J.Hurts,622,17,60.293529583101886,0.09693493502106412,0.4646302250803859,36,48,12,0,20693,-0.001131078581726837,0.09806601360279096,60.99706046093598,-1.0591569528426412,-0.0017028246830267544,0.09523211033803737,59.937903508093335,107.95708206305402,622,-0.02863443362065379,0.20717583504377254,97.72894135709568,117.20070936423363,-0.0011310785817268275,0.18165551421266662,data/metadata/20260915T175353868767Z/pass_plus_manifest.json
400,10,2023,00-0026498,M.Stafford,562,15,53.087623723188614,0.09446196392026444,0.45907473309608543,30,14,10,0,20693,-0.001131078581726837,0.09559304250199128,53.7232898861191,0.35160330673715295,0.0006256286596746494,0.0950875925799391,54.07489319285625,107.94514867154167,562,-0.015437574331810412,0.21536087746828086,98.81865718648088,117.87658004671613,-0.0011310785817268275,0.18165551421266662,data/metadata/20260915T175353868767Z/pass_plus_manifest.json
400,11,2023,00-0033873,P.Mahomes,672,16,64.26734389441033,0.09563592841430109,0.4836309523809524,27,50,12,0,20693,-0.001131078581726837,0.09676700699602793,65.02742870133076,-5.977779739746862,-0.008895505565099496,0.0867404228492016,59.0496489615839,107.25589050889388,672,-0.041374240300966286,0.22302677142824848,96.67696613337102,118.50958262799146,-0.0011310785817268275,0.18165551421266662,data/metadata/20260915T175353868767Z/pass_plus_manifest.json
400,12,2023,00-0034855,B.Mayfield,636,17,47.37470162193718,0.0744885245627943,0.4449685534591195,40,30,6,0,20693,-0.001131078581726837,0.07561960314452114,48.09406759991545,1.143317234484373,0.0017976686076798317,0.07628619317047412,49.23738483439982,106.39264423827791,636,-0.03697472492798485,0.19941403710038763,97.04025117253292,116.55978761927372,-0.0011310785817268275,0.18165551421266662,data/metadata/20260915T175353868767Z/pass_plus_manifest.json
400,13,2023,00-0030565,G.Smith,546,15,40.21732093221288,0.07365809694544483,0.4816849816849817,31,20,10,0,20693,-0.001131078581726837,0.07478917552717167,40.83488983783573,-4.286636729336308,-0.007850983020762469,0.06580711392468236,36.54825310849942,105.52734604257955,546,-0.052572126937555225,0.1724426514389524,95.75231322494243,114.33265575005949,-0.0011310785817268275,0.18165551421266662,data/metadata/20260915T175353868767Z/pass_plus_manifest.json
400,14,2023,00-0036355,J.Herbert,516,13,25.532853876249604,0.0494822749539721,0.45930232558139533,29,31,8,0,20693,-0.001131078581726837,0.050613353535698936,26.11649042442065,4.330397303500284,0.00839224283624086,0.057874517790212965,30.446887727920934,104.87232082887898,516,-0.11053021173628032,0.19699049573815677,90.96648948736465,116.35966641408473,-0.0011310785817268275,0.18165551421266662,data/metadata/20260915T175353868767Z/pass_plus_manifest.json
400,15,2023,00-0031280,D.Carr,588,17,28.015175217448537,0.04764485581198731,0.4557823129251701,31,9,6,0,20693,-0.001131078581726837,0.048775934393714145,28.680249423503916,-4.102710743849236,-0.006977399224233394,0.04066745658775392,24.57753867965468,103.45146708185362,588,-0.07594492741015987,0.15926627608634758,93.82233048476188,113.24463135869591,-0.0011310785817268275,0.18165551421266662,data/metadata/20260915T175353868767Z/pass_plus_manifest.json
400,16,2023,00-0036442,J.Burrow,402,10,3.454267252900063,0.008592704609204136,0.472636815920398,24,14,4,0,20693,-0.001131078581726837,0.009723783190930974,3.9089608427542513,5.839153261956243,0.014525256870537918,0.023117961479742054,9.748114104710494,102.00233723979446,402,-0.13982527777754125,0.16948519846955296,88.54748232139187,114.0884473937469,-0.0011310785817268275,0.18165551421266662,data/metadata/20260915T175353868767Z/pass_plus_manifest.json
400,17,2023,00-0035289,G.Minshew II,545,16,0.24806581725598553,0.00045516663716694595,0.42201834862385323,34,21,8,0,20693,-0.001131078581726837,0.0015862452188937829,0.8645036442971117,3.1861859065507283,0.005846212672570144,0.0063013793097370895,4.05068955084784,100.6137268601791,545,-0.07170327635867503,0.09684177503977691,94.1725800549334,108.08999831737606,-0.0011310785817268275,0.18165551421266662,data/metadata/20260915T175353868767Z/pass_plus_manifest.json
400,18,2023,00-0036971,T.Lawrence,640,16,-5.695762167269545,-0.008899628386358664,0.4671875,35,41,9,0,20693,-0.001131078581726837,-0.007768549804631826,-4.9718718749643696,5.562788254198998,0.008691856647185935,-0.00020777173917272893,0.5909163792346286,100.07624102520828,640,-0.11932577325327297,0.11870522434142883,90.2402058767255,109.89534808033916,-0.0011310785817268275,0.18165551421266662,data/metadata/20260915T175353868767Z/pass_plus_manifest.json
400,19,2023,00-0029263,R.Wilson,524,15,-24.984595046162923,-0.047680524897257485,0.4312977099236641,45,36,10,0,20693,-0.001131078581726837,-0.04654944631553065,-24.39190986933806,2.095810466424404,0.003999638294703061,-0.043680886602554425,-22.296099402913658,96.4864974064855,524,-0.1621890752203323,0.07040921887132229,86.7008168728047,105.90735968818122,-0.0011310785817268275,0.18165551421266662,data/metadata/20260915T175353868767Z/pass_plus_manifest.json
400,20,2023,00-0036945,J.Fields,457,13,-16.35451183523658,-0.035786677976447655,0.40043763676148797,44,43,7,0,20693,-0.001131078581726837,-0.03465559939472082,-15.837608923387414,-4.847512392631177,-0.010607248123919425,-0.04639392610036708,-20.68512131601859,96.26247121799587,457,-0.1898775478283189,0.09182225487762036,84.41447235461094,107.67551707931024,-0.0011310785817268275,0.18165551421266662,data/metadata/20260915T175353868767Z/pass_plus_manifest.json
400,21,2023,00-0038122,D.Ridder,436,15,-30.368272388380916,-0.06965200089078191,0.46559633027522934,31,19,5,0,20693,-0.001131078581726837,-0.06852092230905507,-29.875122126748014,-4.419698341977824,-0.010136922802701431,-0.07978892369348334,-34.29482046872584,93.5049168103146,436,-0.22171037636619506,0.05778823276972596,81.7859123016024,104.86519594025165,-0.0011310785817268275,0.18165551421266662,data/metadata/20260915T175353868767Z/pass_plus_manifest.json
400,22,2023,00-0033949,J.Dobbs,481,13,-54.955599609343196,-0.11425280584063034,0.4074844074844075,30,34,7,0,20693,-0.001131078581726837,-0.1131217272589035,-54.411550811532585,0.06507427836170163,0.00013528956000353768,-0.1141175162806268,-54.346476533170886,90.67027184487569,481,-0.28822751869562657,0.05222969701954402,76.29333400434584,104.4062060955772,-0.0011310785817268275,0.18165551421266662,data/metadata/20260915T175353868767Z/pass_plus_manifest.json
400,23,2023,00-0037077,S.Howell,709,17,-94.45538552904343,-0.13322339284773402,0.4146685472496474,65,32,11,0,20693,-0.001131078581726837,-0.13209231426600718,-93.6534508145991,-0.03175171094698026,-0.00004478379541181983,-0.13326817664314583,-93.68520252554607,89.08892758080074,709,-0.28117080341469286,-0.01207833664892725,76.87603434059923,99.09604246411278,-0.0011310785817268275,0.18165551421266662,data/metadata/20260915T175353868767Z/pass_plus_manifest.json
400,24,2023,00-0039150,B.Young,619,16,-142.51092507624213,-0.23022766571283057,0.36995153473344106,62,31,7,0,20693,-0.001131078581726837,-0.22909658713110373,-141.8107874341532,-6.533809154216465,-0.010555426743483788,-0.24078309245631435,-148.34459658836968,80.21100419825211,619,-0.36068561998192683,-0.1168790442352804,70.31018769576701,90.44224177653817,-0.0011310785817268275,0.18165551421266662,data/metadata/20260915T175353868767Z/pass_plus_manifest.json
400,25,2023,00-0037013,Z.Wilson,436,12,-108.69271014196475,-0.2492952067476256,0.3738532110091743,46,25,7,0,20693,-0.001131078581726837,-0.24816412816589875,-108.19955988033185,-0.9012652876675312,-0.002067122219420943,-0.2513623289670465,-109.10082516799937,79.33743562892587,436,-0.3886620169003847,-0.11361943689842742,68.00006815111294,90.7114001902792,-0.0011310785817268275,0.18165551421266662,data/metadata/20260915T175353868767Z/pass_plus_manifest.json
400,1,2024,00-0034796,L.Jackson,538,17,191.58730195233042,0.3561102266771941,0.533457249070632,23,46,9,0,20116,0.05235087245648106,0.30375935422071304,163.4225325707436,1.4839146273095434,0.0027582056269694114,0.35886843230416354,164.90644719805314,124.25860978219134,538,0.21117170959243364,0.5323229757924667,112.56950079883381,137.9862607772007,0.052350872456481054,0.18953119898447496,data/metadata/20260915T175356430768Z/pass_plus_manifest.json
400,2,2024,00-0034857,J.Allen,539,16,163.89117417164763,0.3040652582034279,0.49907235621521334,14,43,9,0,20116,0.05235087245648106,0.2517143857469468,135.67405391760434,-3.046123467387728,-0.005651435004429922,0.29841382319899795,132.6279304502166,119.47407224200639,539,0.1673469621550111,0.4284332858810617,109.10109446212729,129.76415614735174,0.052350872456481054,0.18953119898447496,data/metadata/20260915T175356430768Z/pass_plus_manifest.json
400,3,2024,00-0033106,J.Goff,581,17,160.8769769553907,0.2768966901125485,0.5421686746987951,31,14,12,0,20116,0.05235087245648106,0.22454581765606746,130.4611200581752,1.3438083858320595,0.0023129232114149044,0.27920961332396343,131.80492844400726,117.95420031765312,581,0.11381612049215777,0.4501307093126688,104.86452217616517,131.48134758189107,0.052350872456481054,0.18953119898447496,data/metadata/20260915T175356430768Z/pass_plus_manifest.json
400,4,2024,00-0036212,T.Tagovailoa,425,11,93.42606781184945,0.219826041910234,0.5341176470588235,21,7,8,0,20116,0.05235087245648106,0.16747516945375293,71.176947017845,-3.182384148183699,-0.007487962701608703,0.2123380792086253,67.9945628696613,112.66181037285972,425,0.044017239991461045,0.369871799454248,99.34045430174513,125.12944533926913,0.052350872456481054,0.18953119898447496,data/metadata/20260915T175356430768Z/pass_plus_manifest.json
400,5,2024,00-0034855,B.Mayfield,651,17,127.90208926871232,0.19647018320846746,0.522273425499232,40,42,10,0,20116,0.05235087245648106,0.1441193107519864,93.82167129954314,-2.469006794866413,-0.0037926371656934145,0.19267754604277404,91.35266450467672,111.10582381725351,651,0.04750465540628514,0.33968881471720636,99.61645757457117,122.7406841565115,0.052350872456481054,0.18953119898447496,data/metadata/20260915T175356430768Z/pass_plus_manifest.json
400,6,2024,00-0037834,B.Purdy,525,15,97.75480343629614,0.18619962559294503,0.5066666666666667,31,44,7,0,20116,0.05235087245648106,0.13384875313646397,70.27059539664359,0.7006427842727606,0.001334557684329068,0.1875341832772741,70.97123818091634,110.69876449458853,525,0.041544081342943,0.32917770338284635,99.14472198998567,121.90880702567398,0.052350872456481054,0.18953119898447496,data/metadata/20260915T175356430768Z/pass_plus_manifest.json
400,7,2024,00-0036442,J.Burrow,721,17,121.2865044348199,0.1682198397154229,0.5187239944521498,48,22,9,0,20116,0.05235087245648106,0.11586896725894183,83.54152539369706,4.5954355206180955,0.006373696977278912,0.1745935366927018,88.13696091431515,109.67460752302586,721,0.08005284229122964,0.26311405747997935,102.19240710631111,116.68035548918485,0.052350872456481054,0.18953119898447496,data/metadata/20260915T175356430768Z/pass_plus_manifest.json
400,8,2024,00-0039910,J.Daniels,597,17,105.35591726046684,0.17647557330061447,0.48576214405360135,47,72,11,0,20116,0.05235087245648106,0.1241247008441334,74.10244640394765,-2.326660047035812,-0.003897253010110238,0.17257832029050424,71.77578635691184,109.51511797093664,597,0.057411977445065744,0.2872443824772535,100.40054922480066,118.59009318355126,0.052350872456481054,0.18953119898447496,data/metadata/20260915T175356430768Z/pass_plus_manifest.json
400,9,2024,00-0033873,P.Mahomes,652,16,103.48635474333672,0.1587214029805778,0.5076687116564417,36,37,7,0,20116,0.05235087245648106,0.10637053052409673,69.35358590171106,2.2695541623784408,0.0034809112919914737,0.16220231427256926,71.6231400640895,108.6939334319111,652,0.0776301723193782,0.24803160852347217,102.00067060185968,115.48669061733365,0.052350872456481054,0.18953119898447496,data/metadata/20260915T175356430768Z/pass_plus_manifest.json
400,10,2024,00-0036389,J.Hurts,437,15,75.21001991794212,0.17210530873670965,0.482837528604119,38,39,8,0,20116,0.05235087245648106,0.11975443628022858,52.3326886544599,-6.521479013715504,-0.014923292937564081,0.15718201579914556,45.811209640744394,108.29661374256791,437,0.02396741211403514,0.29046848142115084,97.75365793379716,118.84525689494858,0.052350872456481054,0.18953119898447496,data/metadata/20260915T175356430768Z/pass_plus_manifest.json
400,11,2024,00-0036264,J.Love,451,15,59.050819980180414,0.13093308199596543,0.4745011086474501,14,12,12,0,20116,0.05235087245648106,0.07858220953948436,35.44057650230745,6.554095940126138,0.014532363503605627,0.14546544549957105,41.99467244243359,107.3693334033135,451,0.03725397969445163,0.2731589854652937,98.8051920072062,117.47533763770204,0.052350872456481054,0.18953119898447496,data/metadata/20260915T175356430768Z/pass_plus_manifest.json
400,12,2024,00-0036355,J.Herbert,573,17,74.45434490888152,0.1299377747100899,0.4537521815008726,41,31,5,0,20116,0.05235087245648106,0.07758690225360884,44.45729499131788,1.8189358947084373,0.003174408193208442,0.13311218290329835,46.27623088602632,106.39166355298312,573,0.005900193846838368,0.25897371886683107,96.32377053024545,116.35267814883146,0.052350872456481054,0.18953119898447496,data/metadata/20260915T175356430768Z/pass_plus_manifest.json
400,13,2024,00-0035228,K.Murray,611,17,67.89961298659588,0.11112866282585251,0.49918166939443537,30,41,10,0,20116,0.05235087245648106,0.05877779036937145,35.91322991568596,5.232804203361383,0.008564327665075913,0.11969299049092842,41.14603411904734,105.32963319985885,611,0.014135663663577663,0.24486474210284315,96.97554737708114,115.23605643908775,0.052350872456481054,0.18953119898447496,data/metadata/20260915T175356430768Z/pass_plus_manifest.json
400,14,2024,00-0034869,S.Darnold,620,17,52.99291552288842,0.08547244439175551,0.49516129032258066,48,28,10,0,20116,0.05235087245648106,0.03312157193527445,20.53537459987016,0.3113141532559023,0.0005021196020256488,0.08597456399378116,20.846688753126063,102.66106781238067,620,-0.050650740147007454,0.21070027833809402,91.84818015540077,112.53219048341882,0.052350872456481054,0.18953119898447496,data/metadata/20260915T175356430768Z/pass_plus_manifest.json
400,15,2024,00-0026498,M.Stafford,547,16,38.756686665390454,0.07085317489102459,0.48811700182815354,28,3,7,0,20116,0.05235087245648106,0.01850230243454353,10.120759431695312,7.535132557308769,0.013775379446633946,0.08462855433765853,17.655891989004083,102.55454105082363,547,-0.048564514085657956,0.23473735667145068,92.01328959958683,114.434548390361,0.052350872456481054,0.18953119898447496,data/metadata/20260915T175356430768Z/pass_plus_manifest.json
400,16,2024,00-0039732,B.Nix,640,17,38.95707177327177,0.060870424645737144,0.4375,24,50,8,0,20116,0.05235087245648106,0.008519552189256083,5.452513401123895,-2.3733046337482744,-0.0037082884902316787,0.057162136155505465,3.0792087673756203,100.38077612483883,640,-0.09440719423654217,0.21468243108938778,88.38517873473872,112.84734857659532,0.052350872456481054,0.18953119898447496,data/metadata/20260915T175356430768Z/pass_plus_manifest.json
400,17,2024,00-0029604,K.Cousins,480,14,17.133125602520035,0.03569401167191674,0.48125,28,3,4,0,20116,0.05235087245648106,-0.01665686078456432,-7.995293176590874,3.1113521571836875,0.006481983660799349,0.04217599533271609,-4.883941019407186,99.19473333322301,480,-0.11110862485683233,0.1920075785911739,87.06338337520599,111.0528008224756,0.052350872456481054,0.18953119898447496,data/metadata/20260915T175356430768Z/pass_plus_manifest.json
400,18,2024,00-0030565,G.Smith,650,17,23.897968278163194,0.036766105043327994,0.47384615384615386,50,24,9,0,20116,0.05235087245648106,-0.015584767413153067,-10.130098818549495,0.6516063386803322,0.0010024712902774343,0.037768576333605426,-9.478492479869162,98.84591854525728,650,-0.02376734475162338,0.09908417898293799,93.97580311716862,103.69859739004909,0.052350872456481054,0.18953119898447496,data/metadata/20260915T175356430768Z/pass_plus_manifest.json
400,19,2024,00-0023459,A.Rodgers,640,17,3.2855196257955948,0.005133624415305617,0.4328125,40,16,12,0,20116,0.05235087245648106,-0.04721724804117544,-30.219038746352282,-0.13358087409954633,-0.00020872011578054115,0.004924904299525076,-30.35261962045183,96.24658353787646,640,-0.13993797861237955,0.14382921774700547,84.78175212583774,107.239838014586,0.052350872456481054,0.18953119898447496,data/metadata/20260915T175356430768Z/pass_plus_manifest.json
400,20,2024,00-0039851,D.Maye,416,13,1.2279524613559243,0.0029518088013363564,0.4807692307692308,34,45,8,0,20116,0.05235087245648106,-0.0493990636551447,-20.550010480540195,-2.2842199638005,-0.005490913374520433,-0.0025391045731840765,-22.834230444340694,95.65586214904692,416,-0.142248608863787,0.12465403928712296,84.59888274097224,105.72226371315504,0.052350872456481054,0.18953119898447496,data/metadata/20260915T175356430768Z/pass_plus_manifest.json
400,21,2024,00-0039163,C.Stroud,620,17,-4.369104051435761,-0.007046942018444775,0.42258064516129035,52,37,8,0,20116,0.05235087245648106,-0.059397814474925835,-36.82664497445402,-5.1543600329348855,-0.008313483924088524,-0.015360425942533298,-41.9810050073889,94.64114889038183,620,-0.12409833380272245,0.08676139702073185,86.0353434787016,102.72333985765606,0.052350872456481054,0.18953119898447496,data/metadata/20260915T175356430768Z/pass_plus_manifest.json
400,22,2024,00-0039150,B.Young,450,14,-11.356573473976056,-0.025236829942169012,0.4066666666666667,29,37,8,0,20116,0.05235087245648106,-0.07758770239865007,-34.91446607939253,2.3062265745734423,0.005124947943496538,-0.020111881998672473,-32.60823950481909,94.26510610046667,450,-0.20860118228750665,0.14618291450257975,79.34756471687574,107.42611579641182,0.052350872456481054,0.18953119898447496,data/metadata/20260915T175356430768Z/pass_plus_manifest.json
400,23,2024,00-0039918,C.Williams,676,17,-30.44836130489553,-0.04504195459304073,0.40532544378698226,68,50,4,0,20116,0.05235087245648106,-0.09739282704952179,-65.83755108547673,4.854416158334128,0.007181088991618532,-0.0378608656014222,-60.98313492714261,92.86040462932232,676,-0.17460003269909638,0.10209438128748964,82.03850555700588,103.93683275610074,0.052350872456481054,0.18953119898447496,data/metadata/20260915T175356430768Z/pass_plus_manifest.json
400,1,2025,00-0039851,D.Maye,601,17,190.20665555794244,0.31648361989674284,0.5524126455906821,47,62,5,0,19734,0.04314511131264041,0.2733385085841024,164.27644365904555,-11.690085714604598,-0.01945105776140532,0.2970325621353375,152.58635794444095,120.31037514418865,601,0.17675823420198275,0.44660783976689766,110.68872305927505,132.27603154488529,0.04314511131264042,0.18750573218388425,data/metadata/20260915T175358573019Z/pass_plus_manifest.json
400,2,2025,00-0036264,J.Love,483,15,125.08711844334718,0.2589795412905739,0.5031055900621118,21,24,7,0,19734,0.04314511131264041,0.21583442997793345,104.24802967934187,-2.3948951654580415,-0.004958375083764061,0.2540211662068098,101.85313451388383,116.86956866102895,483,0.1461420125118693,0.36340160633497864,108.23950020084357,125.6197363642409,0.04314511131264042,0.18750573218388425,data/metadata/20260915T175358573019Z/pass_plus_manifest.json
400,3,2025,00-0026498,M.Stafford,624,17,139.23713701684244,0.22313643752699108,0.5272435897435898,23,7,9,0,19734,0.04314511131264041,0.17999132621435066,112.31458755775482,-1.655811703482815,-0.002653544396607075,0.220482893130384,110.65877585427201,114.18658883802797,624,0.10602894155672717,0.3252113611948322,105.03055262724588,122.56461015327041,0.04314511131264042,0.18750573218388425,data/metadata/20260915T175358573019Z/pass_plus_manifest.json
400,4,2025,00-0033873,P.Mahomes,586,14,98.04011201882213,0.16730394542461113,0.49829351535836175,34,52,13,0,19734,0.04314511131264041,0.12415883411197072,72.75707678961484,9.07892478653123,0.015493045710804147,0.18279699113541528,81.83600157614607,111.17180884522135,586,0.05903684867154557,0.2919497653000811,101.27130012297333,119.90376382814591,0.04314511131264042,0.18750573218388425,data/metadata/20260915T175358573019Z/pass_plus_manifest.json
400,5,2025,00-0033106,J.Goff,619,17,109.3703506834146,0.17668877331730953,0.4862681744749596,38,5,6,0,19734,0.04314511131264041,0.1335436620046691,82.66352678089018,1.5443338252253045,0.0024948850165190705,0.1791836583338286,84.20786060611549,110.88275105806716,619,0.038655080865271994,0.3190270557646754,99.64080854528503,122.06988084354788,0.04314511131264042,0.18750573218388425,data/metadata/20260915T175358573019Z/pass_plus_manifest.json
400,6,2025,00-0034857,J.Allen,547,16,93.89419151296364,0.1716530009377763,0.48811700182815354,40,48,13,0,19734,0.04314511131264041,0.12850788962513587,70.29381562494933,-2.237327105542112,-0.004090177523842983,0.1675628234139333,68.05648851940722,109.95311268505206,547,0.03752615803553173,0.2895057462329052,99.55049747986385,119.70824828000423,0.04314511131264042,0.18750573218388425,data/metadata/20260915T175358573019Z/pass_plus_manifest.json
400,7,2025,00-0033077,D.Prescott,654,17,110.75132310238685,0.16934453073759456,0.4847094801223242,31,26,12,0,19734,0.04314511131264041,0.12619941942495416,82.53442030392002,-4.463357117057088,-0.006824705071952734,0.16251982566564183,78.07106318686293,109.54968519863161,654,0.056585675061241125,0.2683089165872748,101.07521222887894,118.01255374852909,0.04314511131264042,0.18750573218388425,data/metadata/20260915T175358573019Z/pass_plus_manifest.json
400,8,2025,00-0035710,D.Jones,426,13,67.82943711503373,0.15922403078646416,0.5070422535211268,22,22,6,0,19734,0.04314511131264041,0.11607891947382375,49.44961969584891,-0.32519796425844305,-0.0007633755029540916,0.15846065528351008,49.124421731590466,109.22496149539961,426,0.004011154591111916,0.30976354740684175,96.86937917051381,121.32882283028545,0.04314511131264042,0.18750573218388425,data/metadata/20260915T175358573019Z/pass_plus_manifest.json
400,9,2025,00-0034869,S.Darnold,514,17,67.08923651525515,0.13052380644991274,0.5233463035019456,27,14,11,0,19734,0.04314511131264041,0.08737869513727232,44.91264930055798,2.0074324909066092,0.003905510682697683,0.13442931713261042,46.92008179146459,107.30251321573856,514,-0.03522128262334486,0.32233439704993666,93.73088014244286,122.33446005774633,0.04314511131264042,0.18750573218388425,data/metadata/20260915T175358573019Z/pass_plus_manifest.json
400,10,2025,00-0039163,C.Stroud,468,14,55.36744336172861,0.11830650290967652,0.4636752136752137,23,25,9,0,19734,0.04314511131264041,0.07516139159703611,35.17553126741289,1.8687195392751903,0.003992990468536731,0.12229949337821325,37.04425080668808,106.33215698077544,468,-0.007713624907506161,0.2703742885085285,95.93142548541368,118.17777845103804,0.04314511131264042,0.18750573218388425,data/metadata/20260915T175358573019Z/pass_plus_manifest.json
400,11,2025,00-0039732,B.Nix,669,17,76.09520346887987,0.11374469875766798,0.4484304932735426,22,36,11,0,19734,0.04314511131264041,0.07059958744502756,47.23112400072344,-0.8022981347664584,-0.0011992498277525537,0.11254544892991541,46.42882586595698,105.55185727995892,669,0.018885913743685586,0.205594822119852,98.05932352416052,112.99557956830083,0.04314511131264042,0.18750573218388425,data/metadata/20260915T175358573019Z/pass_plus_manifest.json
400,12,2025,00-0039918,C.Williams,633,17,70.56154048219744,0.1114716279339612,0.4486571879936809,24,43,10,0,19734,0.04314511131264041,0.06832651662132079,43.250685021296064,-2.041612498749406,-0.0032252962065551435,0.10824633172740605,41.209072522546656,105.20793841792435,633,0.036199831709529035,0.19004001111542707,99.44439461752293,111.7512327296796,0.04314511131264042,0.18750573218388425,data/metadata/20260915T175358573019Z/pass_plus_manifest.json
400,13,2025,00-0036971,T.Lawrence,641,17,53.16949418214086,0.08294772883329307,0.4711388455538221,41,43,10,0,19734,0.04314511131264041,0.03980261752065266,25.513477830738353,3.9127689025348658,0.00610416365450057,0.08905189248779365,29.426246733273217,103.67243022177048,641,-0.02253799945647278,0.2182429862703039,94.74551177683207,114.0074017672655,0.04314511131264042,0.18750573218388425,data/metadata/20260915T175358573019Z/pass_plus_manifest.json
400,14,2025,00-0036389,J.Hurts,524,16,45.38151167233306,0.08660593830597912,0.4446564885496183,32,40,6,0,19734,0.04314511131264041,0.04346082699333871,22.773473344509487,0.10979747031824638,0.00020953715709589004,0.08681547546307501,22.883270814827732,103.493522329302,524,-0.0403257049179347,0.23306445185054436,93.3225388425419,115.19308276546336,0.04314511131264042,0.18750573218388425,data/metadata/20260915T175358573019Z/pass_plus_manifest.json
400,15,2025,00-0034855,B.Mayfield,620,17,38.88631993968265,0.06271987087045588,0.45,36,42,9,0,19734,0.04314511131264041,0.01957475955781547,12.136350925845594,5.9672405766439915,0.009624581575232244,0.07234445244568813,18.103591502489586,102.33587587907012,620,-0.08688158553974132,0.22899772945181582,89.59818225251378,114.86775491937327,0.04314511131264042,0.18750573218388425,data/metadata/20260915T175358573019Z/pass_plus_manifest.json
400,16,2025,00-0036355,J.Herbert,615,16,33.479670393680934,0.05443848844500965,0.4666666666666667,54,49,12,0,19734,0.04314511131264041,0.011293377132369234,6.945426936407081,0.6357259067170246,0.0010337006613284952,0.055472189106338145,7.581152843124106,100.98613607569143,615,-0.09209943288503271,0.21176380345934856,89.18076722595546,113.48908298824801,0.04314511131264042,0.18750573218388425,data/metadata/20260915T175358573019Z/pass_plus_manifest.json
400,17,2025,00-0040691,J.Dart,411,13,20.469719441998897,0.0498046701751798,0.44525547445255476,35,38,12,0,19734,0.04314511131264041,0.006659558862539383,2.7370786925036867,1.779023317818794,0.004328523887636968,0.05413319406281676,4.516102010322481,100.87901974693236,411,-0.10228851098557372,0.187171586147656,88.3656658969026,111.52176574744159,0.04314511131264042,0.18750573218388425,data/metadata/20260915T175358573019Z/pass_plus_manifest.json
400,18,2025,00-0023459,A.Rodgers,536,16,18.54329392032405,0.03459569761254487,0.43097014925373134,29,12,5,0,19734,0.04314511131264041,-0.008549413700095543,-4.582485743251212,1.0959562053728045,0.0020446944130089635,0.03664039202555383,-3.4865295378784076,99.47963836534548,536,-0.10217309759787342,0.16500087522960746,88.37489868565706,109.74816309595256,0.04314511131264042,0.18750573218388425,data/metadata/20260915T175358573019Z/pass_plus_manifest.json
400,19,2025,00-0036212,T.Tagovailoa,423,14,7.675573918918266,0.018145564820137745,0.4444444444444444,30,11,6,0,19734,0.04314511131264041,-0.024999546492502668,-10.574808166328628,-2.08346269694457,-0.004925443728001347,0.013220121092136397,-12.658270863273199,97.60607396862217,423,-0.17572997161868759,0.17635859184544272,82.49052865887745,110.65675264813999,0.04314511131264042,0.18750573218388425,data/metadata/20260915T175358573019Z/pass_plus_manifest.json
400,20,2025,00-0033119,J.Brissett,549,13,0.22407575398072188,0.0004081525573419342,0.453551912568306,43,22,7,0,19734,0.04314511131264041,-0.04273695875529848,-23.462590356658865,3.250639590053417,0.005921019289714785,0.006329171847056719,-20.211950766605447,97.05481488191421,549,-0.0468647659082765,0.05943844661400256,92.799429955615,101.30342697619906,0.04314511131264042,0.18750573218388425,data/metadata/20260915T175358573019Z/pass_plus_manifest.json
400,21,2025,00-0039150,B.Young,536,16,-5.591317618576004,-0.010431562721223888,0.43843283582089554,27,33,5,0,19734,0.04314511131264041,-0.053576674033864305,-28.717097282151265,-0.9813073491969094,-0.0018307972932778162,-0.012262360014501704,-29.698404631348176,95.5675378015,536,-0.14995174814315063,0.12137637663634836,84.55272349222713,106.25830989905319,0.04314511131264042,0.18750573218388425,data/metadata/20260915T175358573019Z/pass_plus_manifest.json
400,22,2025,00-0026158,J.Flacco,434,12,-46.28485932440055,-0.1066471413004621,0.41013824884792627,18,4,3,0,19734,0.04314511131264041,-0.14979225261310253,-65.0098376340865,-7.154330672550731,-0.016484632886061595,-0.1231317741865237,-72.16416830663722,86.69825581629964,434,-0.3369161880424589,0.08559033371880892,69.59602555117795,103.39551398603722,0.04314511131264042,0.18750573218388425,data/metadata/20260915T175358573019Z/pass_plus_manifest.json
400,23,2025,00-0030565,G.Smith,519,15,-67.66035842402934,-0.13036677923705076,0.4238921001926782,55,18,10,0,19734,0.04314511131264041,-0.17351189054969118,-90.05267119528972,1.2900551495658303,0.0024856553941538157,-0.12788112384289693,-88.76261604572389,86.31831945907011,519,-0.2680089112397609,0.03645004090591783,75.10843917182834,99.46441074130816,0.04314511131264042,0.18750573218388425,data/metadata/20260915T175358573019Z/pass_plus_manifest.json
400,24,2025,00-0040676,C.Ward,615,17,-102.79959729487082,-0.16715381673962734,0.37886178861788616,55,23,2,0,19734,0.04314511131264041,-0.21029892805226774,-129.33384075214468,11.885054199862932,0.019325291381890947,-0.14782852535773638,-117.44878655228175,84.72257612238556,615,-0.24781581013631251,-0.04411425341017218,76.72383787470469,93.01946422865313,0.04314511131264042,0.18750573218388425,data/metadata/20260915T175358573019Z/pass_plus_manifest.json
