game_id,play_id,play_type,qb_scramble,sack,qb_spike,penalty,standard_id,raw_passer_id,raw_rusher_id,event_player_id,epa,desc
2025_01_ARI_NO,359.0,run,1.0,0.0,0.0,0.0,00-0035228,,00-0035228,00-0035228,1.1335498166736215,"(10:06) (No Huddle, Shotgun) 1-K.Murray scrambles right end ran ob at NO 48 for 13 yards (21-J.Reid)."
2025_01_ARI_NO,2997.0,run,1.0,0.0,0.0,0.0,00-0035228,,00-0035228,00-0035228,-0.13792460947297513,"(2:21) (No Huddle, Shotgun) 1-K.Murray scrambles left end ran ob at ARI 46 for 4 yards (20-P.Werner)."
2025_01_ARI_NO,3449.0,run,1.0,0.0,0.0,0.0,00-0035228,,00-0035228,00-0035228,0.5809218399226665,(10:52) (Shotgun) 1-K.Murray scrambles left end ran ob at ARI 40 for 11 yards (58-C.Rumph).
2025_01_ARI_NO,4044.0,run,1.0,0.0,0.0,1.0,00-0039376,,00-0039376,00-0039376,1.6075365016586147,"(3:24) (Shotgun) 2-S.Rattler scrambles up the middle to ARI 7 for 12 yards (2-Ma.Wilson). PENALTY on ARI-16-M.Melton, Defensive Holding, 4 yards, enforced at ARI 7."
2025_01_ARI_NO,4372.0,run,1.0,0.0,0.0,0.0,00-0039376,,00-0039376,00-0039376,0.5396527596749365,(1:45) (Shotgun) 2-S.Rattler scrambles right tackle to ARI 49 for 9 yards (93-C.Campbell).
2025_01_BAL_BUF,2221.0,run,1.0,0.0,0.0,0.0,00-0034857,,00-0034857,00-0034857,0.97412234172225,(11:35) (Shotgun) 17-J.Allen scrambles up the middle to BAL 47 for 5 yards (40-T.Buchanan).
2025_01_BAL_BUF,3156.0,run,1.0,0.0,0.0,0.0,00-0034857,,00-0034857,00-0034857,1.0540653692441992,"(12:56) 17-J.Allen scrambles right end for 2 yards, TOUCHDOWN."
2025_01_BAL_BUF,3291.0,run,1.0,0.0,0.0,0.0,00-0034796,,00-0034796,00-0034796,2.562597369775176,(12:37) (Shotgun) 8-L.Jackson scrambles right end to BUF 46 for 19 yards (8-T.Bernard).
2025_01_BAL_BUF,3481.0,run,1.0,0.0,0.0,0.0,00-0034857,,00-0034857,00-0034857,0.539188876748085,(10:48) (Shotgun) 17-J.Allen scrambles left end to BAL 48 for 9 yards (44-M.Humphrey).
2025_01_BAL_BUF,3795.0,run,1.0,0.0,0.0,0.0,00-0034857,,00-0034857,00-0034857,0.30179251078516245,"(6:53) (No Huddle, Shotgun) 17-J.Allen scrambles left end ran ob at BUF 47 for 6 yards (53-K.Van Noy)."
2025_01_BAL_BUF,4472.0,run,1.0,0.0,0.0,0.0,00-0034857,,00-0034857,00-0034857,0.21123900165548548,"(1:00) (No Huddle, Shotgun) 17-J.Allen scrambles right end pushed ob at BUF 39 for 5 yards (0-R.Smith)."
2025_01_CAR_JAX,545.0,run,1.0,0.0,0.0,0.0,00-0039150,,00-0039150,00-0039150,0.8409561936277896,(6:45) (Shotgun) 9-B.Young scrambles right end ran ob at CAR 40 for 3 yards (3-T.Campbell).
2025_01_CAR_JAX,1194.0,run,1.0,0.0,0.0,0.0,00-0036971,,00-0036971,00-0036971,0.7844439905602485,(10:02) (Shotgun) 16-T.Lawrence scrambles up the middle to CAR 10 for 4 yards (7-T.Moehrig).
2025_01_CAR_JAX,1465.0,run,1.0,0.0,0.0,0.0,00-0039150,,00-0039150,00-0039150,2.8715881513780914,(5:29) (Shotgun) 9-B.Young scrambles left end ran ob at JAX 41 for 22 yards (42-A.Wingard).
2025_01_CAR_JAX,1894.0,run,1.0,0.0,0.0,0.0,00-0039150,,00-0039150,00-0039150,-2.6608954116818495,"(:55) (Shotgun) 9-B.Young scrambles up the middle to JAX 32 for 7 yards (23-F.Oluokun). FUMBLES (23-F.Oluokun), RECOVERED by JAX-2-J.Lewis at JAX 32."
2025_01_CAR_JAX,2266.0,run,1.0,0.0,0.0,0.0,00-0039150,,00-0039150,00-0039150,0.82581154583022,(13:34) (Shotgun) 9-B.Young scrambles right tackle pushed ob at JAX 40 for 9 yards (51-V.Miller).
2025_01_CAR_JAX,3158.0,run,1.0,0.0,0.0,0.0,00-0036971,,00-0036971,00-0036971,0.8866436393000185,(13:36) (Shotgun) 16-T.Lawrence scrambles left guard ran ob at CAR 43 for 10 yards (32-T.Wallace).
2025_01_CIN_CLE,1219.0,run,1.0,0.0,0.0,0.0,00-0036442,,00-0036442,00-0036442,-1.4763760643545538,(10:18) (Shotgun) 9-J.Burrow scrambles up the middle to CLE 42 for 2 yards (95-M.Garrett).
2025_01_CIN_CLE,1984.0,run,1.0,0.0,0.0,0.0,00-0036442,,00-0036442,00-0036442,-0.16830947060952894,(:12) (Shotgun) 9-J.Burrow scrambles left end to CIN 35 for 1 yard (57-I.McGuire).
2025_01_CIN_CLE,3036.0,run,1.0,0.0,0.0,0.0,00-0026158,,00-0026158,00-0026158,-0.28326418017968535,(15:00) (Shotgun) 15-J.Flacco scrambles left end pushed ob at CIN 39 for 4 yards (90-K.Jenkins).
2025_01_DAL_PHI,382.0,run,1.0,0.0,0.0,0.0,00-0036389,,00-0036389,00-0036389,0.2667791619896889,(10:40) 1-J.Hurts scrambles right tackle to PHI 48 for 7 yards (57-J.Sanborn).
2025_01_DAL_PHI,547.0,run,1.0,0.0,0.0,0.0,00-0036389,,00-0036389,00-0036389,2.2921451457659714,"(6:01) (Shotgun) 1-J.Hurts scrambles right end for 4 yards, TOUCHDOWN."
2025_01_DAL_PHI,1123.0,run,1.0,0.0,0.0,0.0,00-0036389,,00-0036389,00-0036389,1.0664394141640514,(10:38) (Shotgun) 1-J.Hurts scrambles left end to DAL 29 for 9 yards (20-K.Elam).
2025_01_DAL_PHI,1189.0,run,1.0,0.0,0.0,0.0,00-0036389,,00-0036389,00-0036389,1.4416989535675384,(8:27) (Shotgun) 1-J.Hurts scrambles right tackle to DAL 9 for 15 yards (28-M.Hooker).
2025_01_DAL_PHI,1233.0,run,1.0,0.0,0.0,0.0,00-0036389,,00-0036389,00-0036389,2.2791160559281707,"(6:58) (Shotgun) 1-J.Hurts scrambles left end for 8 yards, TOUCHDOWN."
2025_01_DAL_PHI,1396.0,run,1.0,0.0,0.0,0.0,00-0033077,,00-0033077,00-0033077,-0.270603415730875,(5:03) 4-D.Prescott scrambles left end to PHI 32 for 3 yards (53-Z.Baun).
2025_01_DAL_PHI,1750.0,run,1.0,0.0,0.0,0.0,00-0036389,,00-0036389,00-0036389,0.16647212934913114,(1:04) (Shotgun) 1-J.Hurts scrambles right tackle ran ob at DAL 10 for 5 yards (18-D.Clark).
2025_01_DAL_PHI,2803.0,run,1.0,0.0,0.0,0.0,00-0036389,,00-0036389,00-0036389,-0.46700384467840195,(3:56) (Shotgun) 1-J.Hurts scrambles right end to PHI 23 for 8 yards (59-K.Murray).
2025_01_DAL_PHI,3530.0,run,1.0,0.0,0.0,0.0,00-0036389,,00-0036389,00-0036389,-0.29494649509433657,(4:02) (Shotgun) 1-J.Hurts scrambles left end pushed ob at PHI 27 for 3 yards (54-S.Williams).
2025_01_DAL_PHI,3861.0,run,1.0,0.0,0.0,0.0,00-0036389,,00-0036389,00-0036389,-0.10680686571868137,(1:45) (Shotgun) 1-J.Hurts scrambles up the middle to DAL 33 for 4 yards (95-K.Clark).
2025_01_DET_GB,2987.0,run,1.0,0.0,0.0,0.0,00-0036264,,00-0036264,00-0036264,-0.14226216584211215,(10:35) (Shotgun) 10-J.Love scrambles up the middle to DET 10 for 3 yards (21-A.Robertson).
2025_01_HOU_LA,520.0,run,1.0,0.0,0.0,0.0,00-0039163,,00-0039163,00-0039163,1.546760806813836,(6:54) (Shotgun) 7-C.Stroud scrambles right end ran ob at HOU 16 for 6 yards (4-A.Witherspoon).
2025_01_HOU_LA,1888.0,run,1.0,0.0,0.0,0.0,00-0039163,,00-0039163,00-0039163,-0.10437310789711773,(:49) (Shotgun) 7-C.Stroud scrambles right end to HOU 28 for 5 yards (0-B.Young).
2025_01_HOU_LA,2047.0,run,1.0,0.0,0.0,0.0,00-0039163,,00-0039163,00-0039163,1.1260966352240454,(:10) (Shotgun) 7-C.Stroud scrambles right end ran ob at LA 35 for 14 yards (1-E.Forbes).
2025_01_HOU_LA,2770.0,run,1.0,0.0,0.0,1.0,00-0039163,,00-0039163,00-0039163,1.357621529372409,"(5:03) 7-C.Stroud scrambles left end ran ob at HOU 45 for 5 yards (53-N.Landman). PENALTY on LA-4-A.Witherspoon, Illegal Contact, 5 yards, enforced at HOU 45."
2025_01_KC_LAC,171.0,run,1.0,0.0,0.0,0.0,00-0036355,,00-0036355,00-0036355,0.13130572135560215,(13:26) (Shotgun) 10-J.Herbert scrambles left end to LAC 38 for 6 yards (21-J.Hicks).
2025_01_KC_LAC,427.0,run,1.0,0.0,0.0,0.0,00-0033873,,00-0033873,00-0033873,0.8795784164685756,(9:11) (Shotgun) 15-P.Mahomes scrambles left end ran ob at KC 46 for 11 yards (32-A.Gilman).
2025_01_KC_LAC,1342.0,run,1.0,0.0,0.0,0.0,00-0033873,,00-0033873,00-0033873,-0.1970409646164626,(10:13) 15-P.Mahomes scrambles left end ran ob at LAC 37 for 4 yards (3-D.James).
2025_01_KC_LAC,1824.0,run,1.0,0.0,0.0,0.0,00-0036355,,00-0036355,00-0036355,-0.447980348370038,(1:54) (Shotgun) 10-J.Herbert scrambles left tackle to KC 27 for 4 yards (90-C.Omenihu).
2025_01_KC_LAC,2353.0,run,1.0,0.0,0.0,0.0,00-0033873,,00-0033873,00-0033873,0.741985259577632,(13:58) 15-P.Mahomes scrambles right end pushed ob at KC 31 for 11 yards (43-T.Dye).
2025_01_KC_LAC,2569.0,run,1.0,0.0,0.0,0.0,00-0033873,,00-0033873,00-0033873,2.562194042489864,(10:10) (Shotgun) 15-P.Mahomes scrambles right end pushed ob at LAC 31 for 15 yards (26-D.Jackson).
2025_01_KC_LAC,2679.0,run,1.0,0.0,0.0,0.0,00-0033873,,00-0033873,00-0033873,1.8085850114002824,"(8:11) (Shotgun) 15-P.Mahomes scrambles right end for 11 yards, TOUCHDOWN."
2025_01_KC_LAC,2870.0,run,1.0,0.0,0.0,0.0,00-0036355,,00-0036355,00-0036355,0.1718374693300575,(4:54) (Shotgun) 10-J.Herbert scrambles right end to LAC 41 for 7 yards (54-L.Chenal).
2025_01_KC_LAC,3252.0,run,1.0,0.0,0.0,0.0,00-0033873,,00-0033873,00-0033873,1.4161652899347246,(12:53) (Shotgun) 15-P.Mahomes scrambles up the middle to LAC 37 for 5 yards (32-A.Gilman).
2025_01_KC_LAC,4025.0,run,1.0,0.0,0.0,0.0,00-0036355,,00-0036355,00-0036355,1.5415778433089145,(2:14) (Shotgun) 10-J.Herbert scrambles right end to KC 47 for 19 yards (27-C.Conner).
2025_01_LV_NE,280.0,run,1.0,0.0,0.0,0.0,00-0039851,,00-0039851,00-0039851,-0.515878451988101,(12:11) (Shotgun) 10-D.Maye scrambles right end to NE 48 for 1 yard (99-T.Booker).
2025_01_LV_NE,661.0,run,1.0,0.0,0.0,0.0,00-0039851,,00-0039851,00-0039851,0.1070132371969521,(6:22) 10-D.Maye scrambles left tackle to NE 26 for 3 yards (33-J.Adams).
2025_01_LV_NE,2194.0,run,1.0,0.0,0.0,0.0,00-0030565,,00-0030565,00-0030565,0.11908065629540943,(:26) (Shotgun) 7-G.Smith scrambles left tackle ran ob at LV 49 for 11 yards (21-J.Hawkins).
2025_01_LV_NE,2473.0,run,1.0,0.0,0.0,0.0,00-0039851,,00-0039851,00-0039851,-0.31352266599424183,"(12:48) (No Huddle, Shotgun) 10-D.Maye scrambles up the middle to NE 48 for 3 yards (99-T.Booker; 45-D.White)."
2025_01_MIA_IND,241.0,run,1.0,0.0,0.0,0.0,00-0035710,,00-0035710,00-0035710,-1.2717023099682403,(11:25) (Shotgun) 17-D.Jones scrambles right end to MIA 6 for 3 yards (8-M.Judon).
2025_01_MIA_IND,462.0,run,1.0,0.0,0.0,0.0,00-0035710,,00-0035710,00-0035710,0.03364732023328543,(8:12) 17-D.Jones scrambles right end pushed ob at IND 22 for 6 yards (29-M.Fitzpatrick).
2025_01_MIA_IND,2652.0,run,1.0,0.0,0.0,1.0,00-0035710,,00-0035710,00-0035710,1.2374468555208296,"(:50) (Shotgun) 17-D.Jones scrambles left end pushed ob at MIA 49 for 11 yards (33-J.Marshall). PENALTY on MIA-23-J.Jones, Defensive Holding, 5 yards, enforced at MIA 49."
2025_01_MIA_IND,3006.0,run,1.0,0.0,0.0,0.0,00-0036212,,00-0036212,00-0036212,0.4362863842397928,(8:48) (Shotgun) 1-T.Tagovailoa scrambles up the middle to IND 33 for 7 yards (20-N.Cross).
2025_01_MIA_IND,3606.0,run,1.0,0.0,0.0,0.0,00-0037013,,00-0037013,00-0037013,-0.23850150406360626,"(1:03) (No Huddle, Shotgun) 0-Z.Wilson scrambles right end to IND 37 for 3 yards (7-C.Ward)."
2025_01_MIN_CHI,420.0,run,1.0,0.0,0.0,0.0,00-0039918,,00-0039918,00-0039918,2.817259941773955,"(7:12) (Shotgun) 18-C.Williams scrambles left end for 9 yards, TOUCHDOWN."
2025_01_MIN_CHI,620.0,run,1.0,0.0,0.0,0.0,00-0039918,,00-0039918,00-0039918,1.389129645889625,(4:07) (Shotgun) 18-C.Williams scrambles right tackle to CHI 38 for 12 yards (43-A.Van Ginkel).
2025_01_MIN_CHI,872.0,run,1.0,0.0,0.0,0.0,00-0039923,,00-0039923,00-0039923,0.6558267112122849,(14:53) (Shotgun) 9-J.McCarthy scrambles left guard to CHI 16 for 11 yards (29-T.Stevenson).
2025_01_MIN_CHI,1098.0,run,1.0,0.0,0.0,0.0,00-0039918,,00-0039918,00-0039918,0.547525990055874,(10:47) (Shotgun) 18-C.Williams scrambles left end to MIN 26 for 9 yards (7-B.Murphy).
2025_01_MIN_CHI,1365.0,run,1.0,0.0,0.0,0.0,00-0039918,,00-0039918,00-0039918,-0.9728438695892692,(6:41) (Shotgun) 18-C.Williams scrambles left end pushed ob at CHI 37 for 2 yards (44-J.Metellus).
2025_01_MIN_CHI,2784.0,run,1.0,0.0,0.0,0.0,00-0039918,,00-0039918,00-0039918,1.2017104633850977,(3:47) 18-C.Williams scrambles right end ran ob at MIN 48 for 13 yards (7-B.Murphy). MIN-51-B.Cashman was injured during the play.
2025_01_MIN_CHI,4086.0,run,1.0,0.0,0.0,1.0,00-0039918,,00-0039918,00-0039918,1.6514920155896107,"(2:12) (Shotgun) 18-C.Williams scrambles up the middle for 14 yards, TOUCHDOWN. Penalty on MIN-7-B.Murphy, Illegal Contact, declined. The Replay Official reviewed the runner broke the plane ruling, and the play was REVERSED. (Shotgun) 18-C.Williams scrambles up the middle pushed ob at MIN 1 for 13 yards (26-T.Jackson). PENALTY on MIN-7-B.Murphy, Illegal Contact, 0 yards, enforced at MIN 1."
2025_01_NYG_WAS,110.0,run,1.0,0.0,0.0,0.0,00-0039910,,00-0039910,00-0039910,0.7649964988231659,"(13:50) (No Huddle, Shotgun) 5-J.Daniels scrambles right end to WAS 36 for 7 yards (27-T.Nubin; 58-B.Okereke)."
2025_01_NYG_WAS,940.0,run,1.0,0.0,0.0,0.0,00-0029263,,00-0029263,00-0029263,-0.6958375428221188,"(:39) (Shotgun) 3-R.Wilson scrambles right end to WAS 2 for 8 yards (3-W.Harris). FUMBLES (3-W.Harris), and recovers at WAS 2."
2025_01_NYG_WAS,1564.0,run,1.0,0.0,0.0,1.0,00-0039910,,00-0039910,00-0039910,1.9335127063677646,"(7:25) (No Huddle, Shotgun) 5-J.Daniels scrambles right end ran ob at NYG 17 for 11 yards (8-J.Holland). PENALTY on NYG-8-J.Holland, Defensive Holding, 5 yards, enforced at NYG 17."
2025_01_NYG_WAS,3022.0,run,1.0,0.0,0.0,0.0,00-0029263,,00-0029263,00-0029263,0.26939025009050965,(4:56) 3-R.Wilson scrambles up the middle to NYG 37 for 6 yards (4-F.Luvu).
2025_01_NYG_WAS,3399.0,run,1.0,0.0,0.0,0.0,00-0039910,,00-0039910,00-0039910,0.38823160366155207,"(:22) (No Huddle, Shotgun) 5-J.Daniels scrambles up the middle to WAS 49 for 5 yards (58-B.Okereke)."
2025_01_NYG_WAS,3538.0,run,1.0,0.0,0.0,0.0,00-0029263,,00-0029263,00-0029263,0.9904789589345455,(13:45) (Shotgun) 3-R.Wilson scrambles left tackle to NYG 43 for 15 yards (20-Q.Martin).
2025_01_NYG_WAS,3689.0,run,1.0,0.0,0.0,0.0,00-0039910,,00-0039910,00-0039910,0.9548632116056979,(12:06) (Shotgun) 5-J.Daniels scrambles up the middle ran ob at WAS 34 for 14 yards (21-P.Adebo).
2025_01_NYG_WAS,4040.0,run,1.0,0.0,0.0,0.0,00-0029263,,00-0029263,00-0029263,0.10393362725153565,(7:09) (Shotgun) 3-R.Wilson scrambles left end to NYG 42 for 7 yards (91-D.Wise).
2025_01_NYG_WAS,4148.0,run,1.0,0.0,0.0,0.0,00-0029263,,00-0029263,00-0029263,-0.5452084827702492,"(5:32) (No Huddle, Shotgun) 3-R.Wilson scrambles right end pushed ob at WAS 38 for 3 yards (54-B.Wagner)."
2025_01_NYG_WAS,4261.0,run,1.0,0.0,0.0,0.0,00-0029263,,00-0029263,00-0029263,-0.5361379729583859,(3:46) (Shotgun) 3-R.Wilson scrambles up the middle to WAS 17 for 1 yard (92-D.Armstrong).
2025_01_PIT_NYJ,596.0,run,1.0,0.0,0.0,0.0,00-0036945,,00-0036945,00-0036945,-0.3939966964535415,(3:32) (Shotgun) 7-J.Fields scrambles left end pushed ob at NYJ 47 for 2 yards (25-D.Elliott).
2025_01_PIT_NYJ,3356.0,run,1.0,0.0,0.0,0.0,00-0036945,,00-0036945,00-0036945,0.7346130963414907,(7:32) (Shotgun) 7-J.Fields scrambles right end pushed ob at PIT 1 for 9 yards (26-B.Echols). PIT-97-Ca.Heyward was injured during the play.
2025_01_SF_SEA,256.0,run,1.0,0.0,0.0,0.0,00-0037834,,00-0037834,00-0037834,-0.10416060802526772,(11:27) (Shotgun) 13-B.Purdy scrambles left guard to SF 11 for 3 yards (53-B.Mafe).
2025_01_SF_SEA,584.0,run,1.0,0.0,0.0,0.0,00-0037834,,00-0037834,00-0037834,0.29701428447151557,(4:26) (Shotgun) 13-B.Purdy scrambles right end ran ob at SEA 5 for 9 yards (27-T.Woolen).
2025_01_SF_SEA,1730.0,run,1.0,0.0,0.0,0.0,00-0037834,,00-0037834,00-0037834,0.847960671671899,(2:18) (Shotgun) 13-B.Purdy scrambles left tackle to SEA 7 for 7 yards (20-J.Love).
2025_01_SF_SEA,3661.0,run,1.0,0.0,0.0,0.0,00-0034869,,00-0034869,00-0034869,0.2675592404557392,(6:23) 14-S.Darnold scrambles right end ran ob at SF 40 for 5 yards (2-D.Lenoir).
2025_01_TB_ATL,604.0,run,1.0,0.0,0.0,0.0,00-0034855,,00-0034855,00-0034855,-0.8383567298296839,(5:40) (Shotgun) 6-B.Mayfield scrambles up the middle to TB 13 for 5 yards (55-K.Elliss).
2025_01_TB_ATL,1045.0,run,1.0,0.0,0.0,0.0,00-0034855,,00-0034855,00-0034855,1.048338323365897,(12:42) (Shotgun) 6-B.Mayfield scrambles right end pushed ob at ATL 45 for 5 yards (55-K.Elliss).
2025_01_TB_ATL,1712.0,run,1.0,0.0,0.0,0.0,00-0039917,,00-0039917,00-0039917,-0.4850238480139524,(2:36) (Shotgun) 9-M.Penix scrambles up the middle to TB 27 for 4 yards (8-S.Dennis).
2025_01_TB_ATL,2545.0,run,1.0,0.0,0.0,0.0,00-0034855,,00-0034855,00-0034855,2.3324889660580084,(8:52) (Shotgun) 6-B.Mayfield scrambles left end to ATL 8 for 20 yards (11-J.Walker).
2025_01_TB_ATL,3062.0,run,1.0,0.0,0.0,0.0,00-0034855,,00-0034855,00-0034855,2.012067020870745,(14:55) (Shotgun) 6-B.Mayfield scrambles up the middle to TB 38 for 10 yards (3-J.Bates; 17-A.Ebiketie).
2025_01_TB_ATL,3658.0,run,1.0,0.0,0.0,0.0,00-0039917,,00-0039917,00-0039917,3.1780399261333514,"(3:01) (Shotgun) 9-M.Penix scrambles left end to TB 2 for 1 yard (8-S.Dennis). The Replay Official reviewed the short of the line to gain ruling, and the play was REVERSED. (Shotgun) 9-M.Penix scrambles left end to TB 1 for 2 yards (8-S.Dennis)."
2025_01_TB_ATL,3899.0,run,1.0,0.0,0.0,0.0,00-0039917,,00-0039917,00-0039917,4.184020071174018,"(2:23) (Shotgun) 9-M.Penix scrambles up the middle for 4 yards, TOUCHDOWN."
2025_01_TB_ATL,4174.0,run,1.0,0.0,0.0,0.0,00-0039917,,00-0039917,00-0039917,0.33370934100821614,(:52) (Shotgun) 9-M.Penix scrambles up the middle to ATL 26 for 12 yards (27-Z.McCollum).
2025_01_TEN_DEN,2706.0,run,1.0,0.0,0.0,0.0,00-0039732,,00-0039732,00-0039732,0.4526908549014479,(9:48) (Shotgun) 10-B.Nix scrambles up the middle to TEN 36 for 11 yards (50-C.Barton).
2025_01_TEN_DEN,4362.0,run,1.0,0.0,0.0,0.0,00-0039732,,00-0039732,00-0039732,-0.7865082830539905,(3:07) 63-A.Palczewski reported in as eligible. 10-B.Nix scrambles left end to DEN 48 for 4 yards (49-A.Key).
2025_02_ATL_MIN,329.0,run,1.0,0.0,0.0,0.0,00-0039923,,00-0039923,00-0039923,-0.44626272935420275,(9:51) (Shotgun) 9-J.McCarthy scrambles right end to MIN 36 for 6 yards (3-J.Bates).
2025_02_ATL_MIN,999.0,run,1.0,0.0,0.0,0.0,00-0039923,,00-0039923,00-0039923,-0.5751894423738122,(14:23) 9-J.McCarthy scrambles left end ran ob at MIN 47 for 2 yards (33-B.Bowman; 27-J.Pearce).
2025_02_ATL_MIN,2702.0,run,1.0,0.0,0.0,0.0,00-0039923,,00-0039923,00-0039923,0.8026101703289896,"(2:52) (No Huddle, Shotgun) 9-J.McCarthy scrambles left end to MIN 47 for 16 yards (55-K.Elliss)."
2025_02_BUF_NYJ,217.0,run,1.0,0.0,0.0,1.0,00-0034857,,00-0034857,00-0034857,4.478069143486209,"(12:44) (Shotgun) 17-J.Allen scrambles up the middle pushed ob at NYJ 39 for 40 yards (22-T.Adams). PENALTY on NYJ-30-M.Carter, Defensive Holding, 5 yards, enforced at NYJ 39."
2025_02_BUF_NYJ,551.0,run,1.0,0.0,0.0,0.0,00-0036945,,00-0036945,00-0036945,-5.207269803038798,"(7:24) 7-J.Fields scrambles up the middle to NYJ 20 for 1 yard (97-J.Bosa; 58-M.Milano). FUMBLES (97-J.Bosa), RECOVERED by BUF-57-A.Epenesa at NYJ 24."
2025_02_BUF_NYJ,1815.0,run,1.0,0.0,0.0,0.0,00-0034857,,00-0034857,00-0034857,-0.15063979115802795,(2:23) (Shotgun) 17-J.Allen scrambles right end to BUF 38 for 7 yards (11-J.Johnson).
2025_02_BUF_NYJ,2045.0,run,1.0,0.0,0.0,0.0,00-0036945,,00-0036945,00-0036945,1.072735843656119,(:43) (Shotgun) 7-J.Fields scrambles right end to NYJ 47 for 27 yards (9-T.Rapp).
2025_02_BUF_NYJ,2905.0,run,1.0,0.0,0.0,0.0,00-0034857,,00-0034857,00-0034857,1.5873725023120642,(:35) 17-J.Allen scrambles left end ran ob at NYJ 4 for 6 yards (26-I.Oliver; 44-J.Sherwood).
2025_02_BUF_NYJ,3365.0,run,1.0,0.0,0.0,0.0,00-0028118,,00-0028118,00-0028118,-0.4672934536356479,(11:02) 2-T.Taylor scrambles left guard to NYJ 43 for 4 yards (43-D.Strong).
2025_02_BUF_NYJ,3473.0,run,1.0,0.0,0.0,0.0,00-0028118,,00-0028118,00-0028118,-0.8077641353011131,(9:00) (Shotgun) 2-T.Taylor scrambles up the middle to NYJ 47 for 2 yards (39-C.Lewis). BUF-39-C.Lewis was injured during the play.
2025_02_BUF_NYJ,3794.0,run,1.0,0.0,0.0,0.0,00-0028118,,00-0028118,00-0028118,0.6604095869115554,"(5:20) (No Huddle, Shotgun) 2-T.Taylor scrambles left end ran ob at BUF 13 for 15 yards (24-C.Bishop)."
2025_02_CAR_ARI,457.0,run,1.0,0.0,0.0,0.0,00-0035228,,00-0035228,00-0035228,-0.4135873301420361,(8:28) 1-K.Murray scrambles right end ran ob at CAR 46 for 2 yards (7-T.Moehrig).
2025_02_CAR_ARI,873.0,run,1.0,0.0,0.0,0.0,00-0039150,,00-0039150,00-0039150,-0.42250979074742645,(1:41) (Shotgun) 9-B.Young scrambles right end pushed ob at ARI 9 for 3 yards (3-B.Baker).
2025_02_CAR_ARI,1095.0,run,1.0,0.0,0.0,0.0,00-0035228,,00-0035228,00-0035228,-0.5138505068607628,(14:21) (Shotgun) 1-K.Murray scrambles left end pushed ob at ARI 35 for 2 yards (2-M.Jackson).
2025_02_CAR_ARI,3093.0,run,1.0,0.0,0.0,0.0,00-0035228,,00-0035228,00-0035228,1.960052133363206,(13:31) (Shotgun) 1-K.Murray scrambles left end ran ob at CAR 19 for 30 yards (32-T.Wallace; 11-N.Scourton).
2025_02_CHI_DET,2780.0,run,1.0,0.0,0.0,0.0,00-0033106,,00-0033106,00-0033106,-0.523322684262447,(11:25) (Shotgun) 16-J.Goff scrambles up the middle to CHI 16 for 6 yards (98-M.Sweat).
2025_02_CHI_DET,2852.0,run,1.0,0.0,0.0,0.0,00-0039918,,00-0039918,00-0039918,0.610895958961919,(10:33) (Shotgun) 18-C.Williams scrambles up the middle to CHI 41 for 10 yards (46-J.Campbell).
2025_02_CHI_DET,2924.0,run,1.0,0.0,0.0,0.0,00-0039918,,00-0039918,00-0039918,-0.3962581013329327,(8:59) (Shotgun) 18-C.Williams scrambles right end pushed ob at CHI 46 for 9 yards (55-D.Barnes).
2025_02_CHI_DET,4226.0,run,1.0,0.0,0.0,0.0,00-0038416,,00-0038416,00-0038416,0.31381640234030783,(4:01) 17-T.Bagent scrambles left end ran ob at CHI 22 for 7 yards (29-A.Maddox).
2025_02_CLE_BAL,2823.0,run,1.0,0.0,0.0,0.0,00-0026158,,00-0026158,00-0026158,1.3432667991146445,(6:40) (Shotgun) 15-J.Flacco scrambles right end to BAL 25 for 8 yards (44-M.Humphrey).
2025_02_CLE_BAL,3129.0,run,1.0,0.0,0.0,1.0,00-0034796,,00-0034796,00-0034796,1.3808605251833797,"(4:32) (Shotgun) 8-L.Jackson scrambles right end pushed ob at BAL 35 for 11 yards (30-D.Bush). PENALTY on CLE-26-M.Harden, Defensive Holding, 5 yards, enforced at BAL 35."
2025_02_DEN_IND,557.0,run,1.0,0.0,0.0,0.0,00-0035710,,00-0035710,00-0035710,0.4218925649765879,(6:58) (Shotgun) 17-D.Jones scrambles right end ran ob at IND 41 for 2 yards (49-A.Singleton).
2025_02_DEN_IND,2489.0,run,1.0,0.0,0.0,0.0,00-0039732,,00-0039732,00-0039732,2.366821361356415,(13:39) (Shotgun) 10-B.Nix scrambles up the middle to IND 36 for 18 yards (25-R.Thomas).
2025_02_DEN_IND,2679.0,run,1.0,0.0,0.0,1.0,00-0035710,,00-0035710,00-0035710,0.4763108838815242,"(10:20) (Shotgun) 17-D.Jones scrambles left end to DEN 43 for 2 yards (15-N.Bonitto). PENALTY on DEN-0-J.Cooper, Illegal Contact, 5 yards, enforced at DEN 43."
2025_02_DEN_IND,3104.0,run,1.0,0.0,0.0,0.0,00-0039732,,00-0039732,00-0039732,-0.2588981445878744,(3:27) 10-B.Nix scrambles right end ran ob at IND 45 for 3 yards (29-M.Blackmon).
2025_02_DEN_IND,3654.0,run,1.0,0.0,0.0,0.0,00-0035710,,00-0035710,00-0035710,-0.45795008941786364,(9:27) (Shotgun) 17-D.Jones scrambles right end ran ob at DEN 10 for 2 yards (2-P.Surtain).
2025_02_JAX_CIN,2021.0,run,1.0,0.0,0.0,1.0,00-0036971,,00-0036971,00-0036971,-1.0270148781216055,"(1:47) (Shotgun) 16-T.Lawrence scrambles left end to CIN 19 for 3 yards. 16-T.Lawrence pass incomplete deep left to 85-B.Strange. PENALTY on JAX-16-T.Lawrence, Illegal Forward Pass, 5 yards, enforced at CIN 19. Penalty on JAX, Illegal Shift, declined."
2025_02_LAC_LV,584.0,run,1.0,0.0,0.0,0.0,00-0036355,,00-0036355,00-0036355,-0.6766254613175988,(8:44) (Shotgun) 10-J.Herbert scrambles up the middle to LAC 35 for 5 yards (51-M.Koonce; 20-I.Pola-Mao).
2025_02_LAC_LV,787.0,run,1.0,0.0,0.0,0.0,00-0036355,,00-0036355,00-0036355,0.8824109931010753,"(4:09) (Shotgun) 10-J.Herbert scrambles right tackle ran ob at LV 35 for 12 yards (45-D.White). Penalty on LV-98-M.Crosby, Defensive Offside, declined."
2025_02_LAC_LV,901.0,run,1.0,0.0,0.0,1.0,00-0036355,,00-0036355,00-0036355,2.5777245498029515,"(1:54) (Shotgun) 10-J.Herbert scrambles up the middle to LV 24 for 9 yards (20-I.Pola-Mao). PENALTY on LV-20-I.Pola-Mao, Unnecessary Roughness, 12 yards, enforced at LV 24."
2025_02_LAC_LV,1264.0,run,1.0,0.0,0.0,0.0,00-0030565,,00-0030565,00-0030565,1.458432758692652,(12:51) (Shotgun) 7-G.Smith scrambles left tackle to LAC 20 for 15 yards (32-A.Gilman).
2025_02_LAC_LV,2658.0,run,1.0,0.0,0.0,0.0,00-0030565,,00-0030565,00-0030565,-0.4818503309506923,(4:11) (Shotgun) 7-G.Smith scrambles right end pushed ob at LV 47 for 2 yards (96-N.Jones).
2025_02_LA_TEN,510.0,run,1.0,0.0,0.0,0.0,00-0040676,,00-0040676,00-0040676,-1.3528797959443182,(7:23) (Shotgun) 1-C.Ward scrambles up the middle to TEN 42 for 2 yards (53-N.Landman).
2025_02_LA_TEN,889.0,run,1.0,0.0,0.0,0.0,00-0040676,,00-0040676,00-0040676,2.1565562312025577,(15:00) 1-C.Ward scrambles right end ran ob at LA 47 for 3 yards (4-A.Witherspoon).
2025_02_LA_TEN,2799.0,run,1.0,0.0,0.0,0.0,00-0040676,,00-0040676,00-0040676,-1.27883860049316,(4:20) (Shotgun) 1-C.Ward scrambles up the middle to LA 39 for 2 yards (91-K.Turner).
2025_02_NE_MIA,618.0,run,1.0,0.0,0.0,0.0,00-0039851,,00-0039851,00-0039851,2.1144595263758674,(4:20) (Shotgun) 10-D.Maye scrambles left guard pushed ob at MIA 32 for 13 yards (20-J.Brooks).
2025_02_NE_MIA,645.0,run,1.0,0.0,0.0,0.0,00-0039851,,00-0039851,00-0039851,0.30703008302953094,(3:43) 10-D.Maye scrambles right end ran ob at MIA 26 for 6 yards (23-J.Jones).
2025_02_NE_MIA,1480.0,run,1.0,0.0,0.0,0.0,00-0039851,,00-0039851,00-0039851,-0.13334902917267755,(2:44) (Shotgun) 10-D.Maye scrambles left end pushed ob at MIA 4 for 4 yards (25-T.Dodson).
2025_02_NE_MIA,2912.0,run,1.0,0.0,0.0,0.0,00-0039851,,00-0039851,00-0039851,1.4404862698283978,"(:12) (Shotgun) 10-D.Maye scrambles right end for 6 yards, TOUCHDOWN. Penalty on MIA-25-T.Dodson, Defensive Holding, declined."
2025_02_NYG_DAL,3413.0,run,1.0,0.0,0.0,0.0,00-0033077,,00-0033077,00-0033077,-0.6181175532345735,(15:00) (Shotgun) 4-D.Prescott scrambles left tackle to NYG 26 for 3 yards (58-B.Okereke).
2025_02_NYG_DAL,4589.0,run,1.0,0.0,0.0,0.0,00-0029263,,00-0029263,00-0029263,0.7354170652688481,(:41) (Shotgun) 3-R.Wilson scrambles up the middle to DAL 48 for 15 yards (18-D.Clark).
2025_02_NYG_DAL,5463.0,run,1.0,0.0,0.0,0.0,00-0033077,,00-0033077,00-0033077,0.14575524682210617,(:36) (Shotgun) 4-D.Prescott scrambles up the middle to NYG 28 for 14 yards (8-J.Holland).
2025_02_PHI_KC,487.0,run,1.0,0.0,0.0,0.0,00-0033873,,00-0033873,00-0033873,0.7992385451216251,(8:23) (Shotgun) 15-P.Mahomes scrambles up the middle to KC 46 for 11 yards (33-C.DeJean; 30-J.Campbell).
2025_02_PHI_KC,561.0,run,1.0,0.0,0.0,0.0,00-0033873,,00-0033873,00-0033873,0.8519941421691328,"(6:50) (No Huddle, Shotgun) 15-P.Mahomes scrambles right end ran ob at PHI 37 for 8 yards (33-C.DeJean)."
2025_02_PHI_KC,1040.0,run,1.0,0.0,0.0,0.0,00-0033873,,00-0033873,00-0033873,1.8987291237572208,(14:22) (Shotgun) 15-P.Mahomes scrambles up the middle to PHI 29 for 22 yards (24-A.Mukuba).
2025_02_PHI_KC,1585.0,run,1.0,0.0,0.0,0.0,00-0033873,,00-0033873,00-0033873,1.2071478964644484,(3:39) (Shotgun) 15-P.Mahomes scrambles right guard to PHI 13 for 6 yards (53-Z.Baun).
2025_02_PHI_KC,1607.0,run,1.0,0.0,0.0,0.0,00-0033873,,00-0033873,00-0033873,2.164944720279891,"(2:53) (Shotgun) 15-P.Mahomes scrambles right end for 13 yards, TOUCHDOWN."
2025_02_PHI_KC,1711.0,run,1.0,0.0,0.0,0.0,00-0036389,,00-0036389,00-0036389,0.4275259269634262,(2:11) (Shotgun) 1-J.Hurts scrambles right end ran ob at PHI 45 for 11 yards (55-O.Norman-Lott).
2025_02_PHI_KC,2700.0,run,1.0,0.0,0.0,0.0,00-0033873,,00-0033873,00-0033873,-0.23233936377801,(3:36) 15-P.Mahomes scrambles right end ran ob at PHI 41 for 3 yards (30-J.Campbell).
2025_02_PHI_KC,3301.0,run,1.0,0.0,0.0,0.0,00-0033873,,00-0033873,00-0033873,-0.2807581853121519,(7:43) (Shotgun) 15-P.Mahomes scrambles left end pushed ob at KC 29 for 3 yards (30-J.Campbell). PHI-90-J.Davis was injured during the play.
2025_02_SEA_PIT,3254.0,run,1.0,0.0,0.0,0.0,00-0023459,,00-0023459,00-0023459,-1.0814147219387795,(8:39) (Shotgun) 8-A.Rodgers scrambles right end to SEA 27 for 3 yards (99-L.Williams).
2025_02_SF_NO,782.0,run,1.0,0.0,0.0,0.0,00-0036972,,00-0036972,00-0036972,1.4530587426852435,"(6:21) (Shotgun) 10-M.Jones scrambles right end to NO 28 for 13 yards (93-N.Shepherd, 56-D.Davis)."
2025_02_SF_NO,1813.0,run,1.0,0.0,0.0,0.0,00-0039376,,00-0039376,00-0039376,1.5712248489726335,(2:34) (Shotgun) 2-S.Rattler scrambles right guard to SF 22 for 9 yards (20-U.Stout).
2025_02_SF_NO,2749.0,run,1.0,0.0,0.0,0.0,00-0039376,,00-0039376,00-0039376,1.660793874412775,(9:10) (Shotgun) 2-S.Rattler scrambles left end to SF 18 for 3 yards (53-D.Winters).
2025_02_SF_NO,3116.0,run,1.0,0.0,0.0,1.0,00-0039376,,00-0039376,00-0039376,1.0063673132099211,"(3:20) (Shotgun) 2-S.Rattler scrambles left end pushed ob at NO 37 for 2 yards (98-M.Williams). PENALTY on SF-53-D.Winters, Unnecessary Roughness, 15 yards, enforced at NO 37."
2025_02_TB_HOU,571.0,run,1.0,0.0,0.0,1.0,00-0039163,,00-0039163,00-0039163,0.40340964193455875,"(7:04) 7-C.Stroud scrambles right end ran ob at HOU 36 for 2 yards (27-Z.McCollum). PENALTY on TB-5-H.Reddick, Defensive Holding, 5 yards, enforced at HOU 36."
2025_02_TB_HOU,1086.0,run,1.0,0.0,0.0,0.0,00-0034855,,00-0034855,00-0034855,0.5426791397621855,(12:57) (Shotgun) 6-B.Mayfield scrambles left end to HOU 29 for 2 yards (51-W.Anderson).
2025_02_TB_HOU,1758.0,run,1.0,0.0,0.0,0.0,00-0039163,,00-0039163,00-0039163,1.2463330833124928,(2:00) (Shotgun) 7-C.Stroud scrambles up the middle to TB 44 for 19 yards (8-S.Dennis).
2025_02_TB_HOU,2302.0,run,1.0,0.0,0.0,0.0,00-0039163,,00-0039163,00-0039163,0.23918237793259323,(9:34) (Shotgun) 7-C.Stroud scrambles right end to HOU 48 for 6 yards (0-Y.Diaby).
2025_02_TB_HOU,3242.0,run,1.0,0.0,0.0,0.0,00-0034855,,00-0034855,00-0034855,2.301750530488789,(9:25) (Shotgun) 6-B.Mayfield scrambles up the middle to TB 36 for 16 yards (51-W.Anderson).
2025_02_TB_HOU,3870.0,run,1.0,0.0,0.0,0.0,00-0034855,,00-0034855,00-0034855,2.448703784029931,(1:24) (Shotgun) 6-B.Mayfield scrambles up the middle to TB 47 for 15 yards (8-C.Gardner-Johnson).
2025_02_WAS_GB,647.0,run,1.0,0.0,0.0,0.0,00-0036264,,00-0036264,00-0036264,2.2389991366653703,"(5:10) (No Huddle, Shotgun) 10-J.Love scrambles right end to WAS 5 for 14 yards (95-J.Newton). GB-85-T.Kraft was injured during the play."
2025_02_WAS_GB,1094.0,run,1.0,0.0,0.0,0.0,00-0039910,,00-0039910,00-0039910,-0.5464774484280497,"(13:17) (No Huddle, Shotgun) 5-J.Daniels scrambles up the middle to GB 43 for 1 yard (96-C.Wooden)."
2025_02_WAS_GB,1636.0,run,1.0,0.0,0.0,0.0,00-0039910,,00-0039910,00-0039910,-0.02821891289204359,"(5:27) (No Huddle, Shotgun) 5-J.Daniels scrambles up the middle to GB 33 for 5 yards (56-E.Cooper)."
2025_02_WAS_GB,1901.0,run,1.0,0.0,0.0,0.0,00-0039910,,00-0039910,00-0039910,0.3888035397976637,(2:02) (Shotgun) 5-J.Daniels scrambles right end pushed ob at GB 49 for 8 yards (20-J.Bullard).
2025_02_WAS_GB,3191.0,run,1.0,0.0,0.0,0.0,00-0039910,,00-0039910,00-0039910,-0.8501676853047684,(15:00) (Shotgun) 5-J.Daniels scrambles left end to GB 31 for 1 yard (20-J.Bullard).
2025_02_WAS_GB,3640.0,run,1.0,0.0,0.0,0.0,00-0039910,,00-0039910,00-0039910,-0.2934699463658035,(8:57) (Shotgun) 5-J.Daniels scrambles up the middle to WAS 36 for 1 yard (7-Q.Walker).
2025_02_WAS_GB,4005.0,run,1.0,0.0,0.0,0.0,00-0039910,,00-0039910,00-0039910,-0.43719507521018386,"(5:01) (No Huddle, Shotgun) 5-J.Daniels scrambles up the middle to GB 13 for 1 yard (55-K.Enagbare)."
2025_03_ARI_SF,293.0,run,1.0,0.0,0.0,0.0,00-0035228,,00-0035228,00-0035228,0.21465985104441643,(9:46) (Shotgun) 1-K.Murray scrambles right end ran ob at SF 40 for 6 yards (54-F.Warner).
2025_03_ARI_SF,670.0,run,1.0,0.0,0.0,0.0,00-0035228,,00-0035228,00-0035228,1.9038111083209515,(2:37) (Shotgun) 1-K.Murray scrambles left end ran ob at ARI 40 for 9 yards (20-U.Stout).
2025_03_ARI_SF,1079.0,run,1.0,0.0,0.0,0.0,00-0035228,,00-0035228,00-0035228,0.9643636464024894,(10:21) (Shotgun) 1-K.Murray scrambles left end ran ob at SF 21 for 8 yards (27-J.Brown; 0-R.Green).
2025_03_ARI_SF,3606.0,run,1.0,0.0,0.0,0.0,00-0035228,,00-0035228,00-0035228,-0.19323761586565524,(4:26) (Shotgun) 1-K.Murray scrambles right end to ARI 44 for 4 yards (91-S.Okuayinonu).
2025_03_ATL_CAR,543.0,run,1.0,0.0,0.0,0.0,00-0039150,,00-0039150,00-0039150,1.3066626980435103,"(6:52) 9-B.Young scrambles left end for 4 yards, TOUCHDOWN."
2025_03_ATL_CAR,879.0,run,1.0,0.0,0.0,0.0,00-0039150,,00-0039150,00-0039150,0.31124868034385145,(2:50) (Shotgun) 9-B.Young scrambles right end to ATL 45 for 4 yards (96-Z.Harrison).
2025_03_ATL_CAR,1666.0,run,1.0,0.0,0.0,0.0,00-0039917,,00-0039917,00-0039917,0.23873748211190104,(3:26) (Shotgun) 9-M.Penix scrambles up the middle to ATL 44 for 3 yards (56-C.Rozeboom).
2025_03_ATL_CAR,2405.0,run,1.0,0.0,0.0,0.0,00-0039917,,00-0039917,00-0039917,-0.9259691596962512,(10:02) (Shotgun) 9-M.Penix scrambles right end pushed ob at ATL 45 for 6 yards (7-T.Moehrig).
2025_03_CIN_MIN,861.0,run,1.0,0.0,0.0,0.0,00-0032950,,00-0032950,00-0032950,-1.5844657851848751,(2:24) (Shotgun) 11-C.Wentz scrambles left end to MIN 47 for 1 yard (99-M.Murphy).
2025_03_CIN_MIN,3221.0,run,1.0,0.0,0.0,0.0,00-0032950,,00-0032950,00-0032950,-0.5018228250555694,(1:02) 11-C.Wentz scrambles right tackle to CIN 5 for 3 yards (69-M.Pennel).
2025_03_DAL_CHI,3310.0,run,1.0,0.0,0.0,0.0,00-0039918,,00-0039918,00-0039918,-0.5043882946483791,(9:57) (Shotgun) Direct snap to 25-K.Monangai. 18-C.Williams scrambles left guard to DAL 44 for 2 yards (57-J.Sanborn).
2025_03_DEN_LAC,1062.0,run,1.0,0.0,0.0,0.0,00-0036355,,00-0036355,00-0036355,0.1341653447598219,(:57) (Shotgun) 10-J.Herbert scrambles right end pushed ob at LAC 21 for 4 yards (94-J.Jackson).
2025_03_DEN_LAC,1386.0,run,1.0,0.0,0.0,0.0,00-0039732,,00-0039732,00-0039732,-0.1563670514151454,(9:45) (Shotgun) 10-B.Nix scrambles left tackle to DEN 26 for 4 yards (45-T.Tuipulotu).
2025_03_DEN_LAC,1980.0,run,1.0,0.0,0.0,0.0,00-0039732,,00-0039732,00-0039732,-0.7247357988962904,(:53) (Shotgun) 10-B.Nix scrambles right end pushed ob at DEN 48 for 8 yards (3-D.James).
2025_03_DEN_LAC,3246.0,run,1.0,0.0,0.0,0.0,00-0039732,,00-0039732,00-0039732,0.4551792067941278,(2:11) (Shotgun) 10-B.Nix scrambles left end ran ob at DEN 48 for 7 yards (3-D.James).
2025_03_DEN_LAC,3492.0,run,1.0,0.0,0.0,0.0,00-0039732,,00-0039732,00-0039732,-0.14470404258463532,(13:15) (Shotgun) 10-B.Nix scrambles right tackle to LAC 8 for 6 yards (0-D.Henley).
2025_03_DEN_LAC,3968.0,run,1.0,0.0,0.0,0.0,00-0039732,,00-0039732,00-0039732,0.5897172172553837,"(6:05) (No Huddle, Shotgun) 10-B.Nix scrambles up the middle to DEN 29 for 12 yards (3-D.James)."
2025_03_DET_BAL,986.0,run,1.0,0.0,0.0,0.0,00-0033106,,00-0033106,00-0033106,0.1111499690450728,(14:23) 16-J.Goff scrambles up the middle to DET 33 for 5 yards (0-R.Smith).
2025_03_DET_BAL,1755.0,run,1.0,0.0,0.0,0.0,00-0034796,,00-0034796,00-0034796,0.6219177578459494,(:56) (Shotgun) 8-L.Jackson scrambles right end pushed ob at DET 36 for 13 yards (4-D.Reed).
2025_03_DET_BAL,3685.0,run,1.0,0.0,0.0,0.0,00-0034796,,00-0034796,00-0034796,-0.8264624739531428,(5:05) (Shotgun) 8-L.Jackson scrambles left guard to BAL 32 for 3 yards (96-A.Muhammad).
2025_03_DET_BAL,4051.0,run,1.0,0.0,0.0,0.0,00-0034796,,00-0034796,00-0034796,-0.22549611871363595,(:46) (Shotgun) 8-L.Jackson scrambles right end to DET 27 for 3 yards (32-B.Branch).
2025_03_GB_CLE,1256.0,run,1.0,0.0,0.0,0.0,00-0036264,,00-0036264,00-0036264,-0.035484515596181154,(8:48) 10-J.Love scrambles right end to GB 28 for 4 yards (30-D.Bush).
2025_03_HOU_JAX,58.0,run,1.0,0.0,0.0,0.0,00-0039163,,00-0039163,00-0039163,0.4533031329046935,(15:00) 7-C.Stroud scrambles right end pushed ob at HOU 41 for 6 yards (47-D.Gardeck).
2025_03_HOU_JAX,3405.0,run,1.0,0.0,0.0,0.0,00-0039163,,00-0039163,00-0039163,-0.6303287333576009,(10:41) (Shotgun) 7-C.Stroud scrambles right end to HOU 14 for 5 yards (98-D.Smoot; 44-T.Walker).
2025_03_HOU_JAX,3975.0,run,1.0,0.0,0.0,0.0,00-0036971,,00-0036971,00-0036971,1.6229719686089084,(3:06) (Shotgun) 16-T.Lawrence scrambles up the middle to JAX 31 for 10 yards (11-T.Smith).
2025_03_HOU_JAX,4305.0,run,1.0,0.0,0.0,0.0,00-0039163,,00-0039163,00-0039163,0.6771883136825636,(:50) (Shotgun) 7-C.Stroud scrambles right end pushed ob at JAX 37 for 12 yards (98-D.Smoot).
2025_03_IND_TEN,858.0,run,1.0,0.0,0.0,0.0,00-0035710,,00-0035710,00-0035710,2.5693252257769927,(3:35) (Shotgun) 17-D.Jones scrambles up the middle to TEN 25 for 17 yards (25-X.Woods).
2025_03_IND_TEN,1174.0,run,1.0,0.0,0.0,0.0,00-0040676,,00-0040676,00-0040676,-0.3828913373872638,(14:28) (Shotgun) 1-C.Ward scrambles right end pushed ob at TEN 40 for 2 yards (48-J.Bachie).
2025_03_IND_TEN,1226.0,run,1.0,0.0,0.0,0.0,00-0040676,,00-0040676,00-0040676,1.4863597175572067,(12:55) (Shotgun) 1-C.Ward scrambles right end pushed ob at IND 45 for 7 yards (99-D.Buckner).
2025_03_IND_TEN,1476.0,run,1.0,0.0,0.0,0.0,00-0035710,,00-0035710,00-0035710,-0.5353843288030475,(10:08) (Shotgun) 17-D.Jones scrambles left end to IND 45 for 2 yards (50-C.Barton).
2025_03_IND_TEN,3661.0,run,1.0,0.0,0.0,0.0,00-0040676,,00-0040676,00-0040676,0.09859816578682512,(10:13) (Shotgun) 1-C.Ward scrambles up the middle to IND 2 for 3 yards (44-Z.Franklin; 90-G.Stewart).
2025_03_KC_NYG,294.0,run,1.0,0.0,0.0,0.0,00-0033873,,00-0033873,00-0033873,0.05050860997289419,(9:06) (Shotgun) 15-P.Mahomes scrambles left end ran ob at KC 32 for 4 yards (8-J.Holland).
2025_03_KC_NYG,1088.0,run,1.0,0.0,0.0,0.0,00-0033873,,00-0033873,00-0033873,-0.3784603616222739,(12:23) (Shotgun) 15-P.Mahomes scrambles right end pushed ob at NYG 32 for 1 yard (27-T.Nubin).
2025_03_KC_NYG,2787.0,run,1.0,0.0,0.0,0.0,00-0029263,,00-0029263,00-0029263,1.4209009050391614,(7:32) (Shotgun) 3-R.Wilson scrambles up the middle to NYG 46 for 14 yards (23-D.Tranquill).
2025_03_KC_NYG,2809.0,run,1.0,0.0,0.0,0.0,00-0040691,,00-0040691,00-0040691,-0.3242715129163116,(6:54) (Shotgun) 6-J.Dart scrambles left guard to NYG 49 for 3 yards (55-O.Norman-Lott).
2025_03_KC_NYG,2855.0,run,1.0,0.0,0.0,0.0,00-0029263,,00-0029263,00-0029263,-0.5502857670653611,(5:27) (Shotgun) 3-R.Wilson scrambles up the middle to KC 48 for 8 yards (27-C.Conner).
2025_03_KC_NYG,4402.0,run,1.0,0.0,0.0,0.0,00-0029263,,00-0029263,00-0029263,-1.5424342306214385,(1:49) (Shotgun) 3-R.Wilson scrambles up the middle to NYG 45 for 2 yards (54-L.Chenal).
2025_03_LA_PHI,207.0,run,1.0,0.0,0.0,0.0,00-0036389,,00-0036389,00-0036389,-1.4364354276331142,(12:03) (Shotgun) 1-J.Hurts scrambles up the middle to LA 30 for 2 yards (48-O.Speights).
2025_03_LV_WAS,154.0,run,1.0,0.0,0.0,0.0,00-0032268,,00-0032268,00-0032268,1.72246799163986,"(11:56) (No Huddle, Shotgun) 8-M.Mariota scrambles up the middle for 2 yards, TOUCHDOWN."
2025_03_MIA_BUF,1754.0,run,1.0,0.0,0.0,0.0,00-0036212,,00-0036212,00-0036212,1.543953951797448,(:47) (Shotgun) 1-T.Tagovailoa scrambles left tackle to BUF 17 for 8 yards (7-Ta.Johnson; 9-T.Rapp).
2025_03_MIA_BUF,2183.0,run,1.0,0.0,0.0,0.0,00-0034857,,00-0034857,00-0034857,1.6485507936449721,(12:34) (Shotgun) 17-J.Allen scrambles up the middle to MIA 20 for 19 yards (25-T.Dodson).
2025_03_MIA_BUF,2683.0,run,1.0,0.0,0.0,0.0,00-0034857,,00-0034857,00-0034857,-0.19969871290959418,(5:32) (Shotgun) 17-J.Allen scrambles left guard to BUF 20 for 4 yards (25-T.Dodson).
2025_03_NO_SEA,2374.0,run,1.0,0.0,0.0,0.0,00-0039376,,00-0039376,00-0039376,-0.14426356717012823,(1:25) (Shotgun) 2-S.Rattler scrambles up the middle to NO 31 for 5 yards (13-E.Jones; 39-T.Okada).
2025_03_NO_SEA,2521.0,run,1.0,0.0,0.0,1.0,00-0039376,,00-0039376,00-0039376,0.1453851872938685,"(:19) (No Huddle, Shotgun) 2-S.Rattler scrambles right end ran ob at SEA 25 for 5 yards (39-T.Okada). PENALTY on SEA-29-J.Jobe, Defensive Holding, 5 yards, enforced at SEA 25."
2025_03_NYJ_TB,64.0,run,1.0,0.0,0.0,0.0,00-0028118,,00-0028118,00-0028118,0.4181140726432204,(14:55) 2-T.Taylor scrambles left end ran ob at NYJ 36 for 7 yards (27-Z.McCollum).
2025_03_NYJ_TB,183.0,run,1.0,0.0,0.0,0.0,00-0028118,,00-0028118,00-0028118,-0.5724834143184125,(12:54) (Shotgun) 2-T.Taylor scrambles right end to TB 43 for 1 yard (25-J.Parrish).
2025_03_NYJ_TB,1443.0,run,1.0,0.0,0.0,0.0,00-0028118,,00-0028118,00-0028118,-0.23425949178636074,(10:29) (Shotgun) 2-T.Taylor scrambles up the middle to NYJ 35 for 4 yards (8-S.Dennis).
2025_03_NYJ_TB,2044.0,run,1.0,0.0,0.0,1.0,00-0034855,,00-0034855,00-0034855,1.1862730413558893,"(2:52) 6-B.Mayfield scrambles up the middle to NYJ 31 for 2 yards (97-H.Phillips). PENALTY on NYJ-72-M.Clemons, Face Mask, 15 yards, enforced at NYJ 31."
2025_03_NYJ_TB,2422.0,run,1.0,0.0,0.0,0.0,00-0028118,,00-0028118,00-0028118,0.3558698255219497,(:45) (Shotgun) 2-T.Taylor scrambles up the middle to NYJ 45 for 11 yards (27-Z.McCollum).
2025_03_NYJ_TB,2784.0,run,1.0,0.0,0.0,0.0,00-0034855,,00-0034855,00-0034855,1.9881508423713967,(10:34) (Shotgun) 6-B.Mayfield scrambles right end to NYJ 32 for 10 yards (27-M.Moore).
2025_03_NYJ_TB,3208.0,run,1.0,0.0,0.0,0.0,00-0028118,,00-0028118,00-0028118,1.1246777817141265,(2:34) (Shotgun) 2-T.Taylor scrambles left end pushed ob at TB 45 for 6 yards (54-L.David). ** Injury Update: TB-90-L.Hall has returned to the game.
2025_03_NYJ_TB,3447.0,run,1.0,0.0,0.0,0.0,00-0028118,,00-0028118,00-0028118,0.3436068445444107,(14:06) 2-T.Taylor scrambles left end ran ob at NYJ 26 for 6 yards (54-L.David).
2025_03_NYJ_TB,4261.0,run,1.0,0.0,0.0,0.0,00-0028118,,00-0028118,00-0028118,0.7298342994181439,(4:07) (Shotgun) 2-T.Taylor scrambles left end ran ob at TB 9 for 14 yards (23-T.Smith).
2025_03_NYJ_TB,4482.0,run,1.0,0.0,0.0,0.0,00-0034855,,00-0034855,00-0034855,2.2660696573439054,(3:36) 6-B.Mayfield scrambles right end to NYJ 29 for 33 yards (30-M.Carter).
2025_03_PIT_NE,1151.0,run,1.0,0.0,0.0,0.0,00-0039851,,00-0039851,00-0039851,0.926712877349928,(13:14) 10-D.Maye scrambles right end pushed ob at NE 49 for 15 yards (6-P.Queen).
2025_03_PIT_NE,2731.0,run,1.0,0.0,0.0,0.0,00-0039851,,00-0039851,00-0039851,0.4827740378677845,(7:18) 10-D.Maye scrambles right end to NE 24 for 3 yards (6-P.Queen).
2025_03_PIT_NE,2872.0,run,1.0,0.0,0.0,0.0,00-0039851,,00-0039851,00-0039851,-0.9195191480685025,(3:35) (Shotgun) 10-D.Maye scrambles up the middle to PIT 46 for 2 yards (6-P.Queen; 51-N.Herbig).
2025_03_PIT_NE,3456.0,run,1.0,0.0,0.0,0.0,00-0039851,,00-0039851,00-0039851,2.3288446329534054,(8:28) 10-D.Maye scrambles right end ran ob at PIT 33 for 7 yards (6-P.Queen).
2025_03_PIT_NE,3616.0,run,1.0,0.0,0.0,0.0,00-0023459,,00-0023459,00-0023459,-0.3620772061403841,(4:48) 8-A.Rodgers scrambles left end to NE 25 for 3 yards (44-K.Chaisson).
2025_03_PIT_NE,3903.0,run,1.0,0.0,0.0,0.0,00-0039851,,00-0039851,00-0039851,0.8558858294272795,"(1:39) (No Huddle, Shotgun) 10-D.Maye scrambles right end ran ob at PIT 37 for 15 yards (22-J.Thornhill)."
2025_04_BAL_KC,661.0,run,1.0,0.0,0.0,0.0,00-0034796,,00-0034796,00-0034796,2.250576552003622,(4:07) (Shotgun) 8-L.Jackson scrambles right end pushed ob at BAL 37 for 12 yards (23-D.Tranquill).
2025_04_BAL_KC,823.0,run,1.0,0.0,0.0,0.0,00-0033873,,00-0033873,00-0033873,-0.5935877566225827,(1:44) (Shotgun) 15-P.Mahomes scrambles right end pushed ob at KC 18 for 2 yards (44-M.Humphrey).
2025_04_BAL_KC,1050.0,run,1.0,0.0,0.0,0.0,00-0033873,,00-0033873,00-0033873,-0.23083995922934264,(12:27) (Shotgun) 15-P.Mahomes scrambles up the middle to BAL 10 for 4 yards (40-T.Buchanan).
2025_04_BAL_KC,1659.0,run,1.0,0.0,0.0,0.0,00-0034796,,00-0034796,00-0034796,-0.46204214449971914,(3:48) (Shotgun) 8-L.Jackson scrambles right end to BAL 41 for 9 yards (30-C.Roland-Wallace).
2025_04_BAL_KC,1932.0,run,1.0,0.0,0.0,0.0,00-0034796,,00-0034796,00-0034796,-0.14977310958784074,(1:41) (Shotgun) 8-L.Jackson scrambles left end pushed ob at BAL 38 for 3 yards (20-N.Williams).
2025_04_BAL_KC,2259.0,run,1.0,0.0,0.0,0.0,00-0034796,,00-0034796,00-0034796,0.8166773293050937,(:26) (Shotgun) 8-L.Jackson scrambles left guard to KC 36 for 17 yards (32-N.Bolton; 20-N.Williams).
2025_04_CAR_NE,1015.0,run,1.0,0.0,0.0,0.0,00-0039851,,00-0039851,00-0039851,1.5608954634517431,"(15:00) 10-D.Maye scrambles left end for 5 yards, TOUCHDOWN."
2025_04_CAR_NE,1160.0,run,1.0,0.0,0.0,0.0,00-0039150,,00-0039150,00-0039150,0.6461933569516987,(12:53) 9-B.Young scrambles right end to NE 41 for 3 yards (21-J.Hawkins).
2025_04_CAR_NE,2802.0,run,1.0,0.0,0.0,0.0,00-0039851,,00-0039851,00-0039851,-0.20917904353700578,(6:28) (Shotgun) 10-D.Maye scrambles right end pushed ob at NE 38 for 3 yards (11-N.Scourton).
2025_04_CAR_NE,3043.0,run,1.0,0.0,0.0,0.0,00-0039851,,00-0039851,00-0039851,-0.3503586380975321,(2:23) 10-D.Maye scrambles right end to CAR 38 for 3 yards (32-T.Wallace).
2025_04_CHI_LV,701.0,run,1.0,0.0,0.0,0.0,00-0030565,,00-0030565,00-0030565,0.7326681511476636,(4:16) 7-G.Smith scrambles right end ran ob at LV 43 for 9 yards (49-T.Edmunds).
2025_04_CHI_LV,826.0,run,1.0,0.0,0.0,0.0,00-0030565,,00-0030565,00-0030565,1.3867404379998334,(1:05) (Shotgun) 7-G.Smith scrambles right end ran ob at CHI 8 for 20 yards (39-J.Blackwell).
2025_04_CHI_LV,2697.0,run,1.0,0.0,0.0,0.0,00-0039918,,00-0039918,00-0039918,-1.1228981278836727,(4:22) (Shotgun) 18-C.Williams scrambles up the middle to CHI 41 for 2 yards (69-A.Butler). LV-22-E.Stokes was injured during the play.
2025_04_CHI_LV,3551.0,run,1.0,0.0,0.0,0.0,00-0039918,,00-0039918,00-0039918,1.0357118751853704,(4:08) (Shotgun) 18-C.Williams scrambles up the middle to LV 29 for 12 yards (45-D.White).
2025_04_CHI_LV,3655.0,run,1.0,0.0,0.0,0.0,00-0039918,,00-0039918,00-0039918,-0.10736562218517065,(1:53) (Shotgun) 18-C.Williams scrambles left end pushed ob at LV 7 for 6 yards (98-M.Crosby).
2025_04_CIN_DEN,704.0,run,1.0,0.0,0.0,0.0,00-0039732,,00-0039732,00-0039732,-0.3496450185775757,(4:24) (Shotgun) 10-B.Nix scrambles up the middle to DEN 39 for 3 yards (55-L.Wilson).
2025_04_CIN_DEN,902.0,run,1.0,0.0,0.0,0.0,00-0039732,,00-0039732,00-0039732,2.610794278793037,"(:22) (Shotgun) 10-B.Nix scrambles right tackle for 6 yards, TOUCHDOWN."
2025_04_CIN_DEN,2166.0,run,1.0,0.0,0.0,0.0,00-0035100,,00-0035100,00-0035100,-0.045525941299274564,"(1:36) (No Huddle, Shotgun) 6-J.Browning scrambles left end ran ob at CIN 27 for 3 yards (15-N.Bonitto)."
2025_04_GB_DAL,1440.0,run,1.0,0.0,0.0,0.0,00-0036264,,00-0036264,00-0036264,-0.08749870804604143,(7:33) (Shotgun) 10-J.Love scrambles left end to DAL 46 for 4 yards (54-S.Williams).
2025_04_GB_DAL,3147.0,run,1.0,0.0,0.0,1.0,00-0036264,,00-0036264,00-0036264,2.8019346306100488,"(14:16) (Shotgun) 10-J.Love scrambles right end to DAL 37 for 25 yards (50-S.James). PENALTY on DAL-27-R.Steward, Defensive Holding, 5 yards, enforced at DAL 37."
2025_04_IND_LA,2913.0,run,1.0,0.0,0.0,0.0,00-0026498,,00-0026498,00-0026498,0.047317524906247854,(4:06) (Shotgun) 9-M.Stafford scrambles right end to LA 31 for 6 yards (20-N.Cross).
2025_04_JAX_SF,537.0,run,1.0,0.0,0.0,0.0,00-0036971,,00-0036971,00-0036971,-0.3470403414685279,(6:55) (Shotgun) 16-T.Lawrence scrambles right end to JAX 43 for 2 yards (54-F.Warner).
2025_04_JAX_SF,2061.0,run,1.0,0.0,0.0,0.0,00-0037834,,00-0037834,00-0037834,1.0146764414967038,(1:56) (Shotgun) 13-B.Purdy scrambles up the middle to JAX 34 for 11 yards (0-D.Lloyd).
2025_04_LAC_NYG,636.0,run,1.0,0.0,0.0,0.0,00-0036355,,00-0036355,00-0036355,3.3491448962595314,(6:41) (Shotgun) 10-J.Herbert scrambles left tackle pushed ob at 50 for 24 yards (8-J.Holland). LAC-76-J.Alt was injured during the play.
2025_04_LAC_NYG,1859.0,run,1.0,0.0,0.0,0.0,00-0040691,,00-0040691,00-0040691,1.9675632427679375,(6:12) (Shotgun) 6-J.Dart scrambles up the middle to LAC 39 for 11 yards (3-D.James).
2025_04_LAC_NYG,2630.0,run,1.0,0.0,0.0,0.0,00-0040691,,00-0040691,00-0040691,1.5086061211768538,(13:01) (Shotgun) 6-J.Dart scrambles left tackle to LAC 48 for 10 yards (32-A.Gilman).
2025_04_LAC_NYG,3749.0,run,1.0,0.0,0.0,0.0,00-0040691,,00-0040691,00-0040691,-1.1989900544285774,(13:09) (Shotgun) 6-J.Dart scrambles right tackle to LAC 40 for 2 yards (48-B.Dupree).
2025_04_MIN_PIT,1179.0,run,1.0,0.0,0.0,0.0,00-0032950,,00-0032950,00-0032950,-0.5437185931950808,(10:03) 11-C.Wentz scrambles up the middle to MIN 38 for 1 yard (90-T.Watt).
2025_04_MIN_PIT,1541.0,run,1.0,0.0,0.0,0.0,00-0023459,,00-0023459,00-0023459,2.186284309369512,"(2:34) (Shotgun) 8-A.Rodgers scrambles up the middle to MIN 20 for 11 yards (58-J.Greenard). FUMBLES (58-J.Greenard), recovered by PIT-77-B.Jones at MIN 21. 77-B.Jones to MIN 15 for 6 yards (97-J.Hargrave)."
2025_04_MIN_PIT,2486.0,run,1.0,0.0,0.0,0.0,00-0032950,,00-0032950,00-0032950,2.1273406713735312,(7:38) (Shotgun) 11-C.Wentz scrambles left end ran ob at PIT 44 for 11 yards (6-P.Queen).
2025_04_NO_BUF,132.0,run,1.0,0.0,0.0,0.0,00-0034857,,00-0034857,00-0034857,-0.709483094047755,(12:57) 17-J.Allen scrambles right guard to BUF 43 for 1 yard (96-C.Granderson).
2025_04_NO_BUF,351.0,run,1.0,0.0,0.0,0.0,00-0039376,,00-0039376,00-0039376,1.9756296428386122,(9:21) (Shotgun) 2-S.Rattler scrambles up the middle to NO 43 for 9 yards (39-C.Lewis).
2025_04_NO_BUF,395.0,run,1.0,0.0,0.0,1.0,00-0039376,,00-0039376,00-0039376,2.0702632318716496,"(8:00) (Shotgun) 2-S.Rattler scrambles up the middle to BUF 40 for 15 yards (27-T.White). PENALTY on BUF-27-T.White, Defensive Holding, 5 yards, enforced at BUF 40."
2025_04_NO_BUF,1847.0,run,1.0,0.0,0.0,0.0,00-0039376,,00-0039376,00-0039376,0.4497469933703542,"(1:55) (No Huddle, Shotgun) 2-S.Rattler scrambles up the middle to BUF 11 for 8 yards (52-J.Phillips). NO-51-C.Ruiz was injured during the play."
2025_04_NO_BUF,2543.0,run,1.0,0.0,0.0,0.0,00-0034857,,00-0034857,00-0034857,1.5158639175933786,"(6:48) 17-J.Allen scrambles right end for 5 yards, TOUCHDOWN."
2025_04_NO_BUF,2658.0,run,1.0,0.0,0.0,0.0,00-0039376,,00-0039376,00-0039376,0.646890704985708,(5:20) 2-S.Rattler scrambles up the middle to BUF 44 for 11 yards (8-T.Bernard).
2025_04_NO_BUF,3478.0,run,1.0,0.0,0.0,0.0,00-0034857,,00-0034857,00-0034857,2.619031790702138,(8:01) (Shotgun) 17-J.Allen scrambles up the middle to NO 28 for 27 yards (56-D.Davis).
2025_04_NYJ_MIA,389.0,run,1.0,0.0,0.0,0.0,00-0036945,,00-0036945,00-0036945,0.12416624370962381,"(9:42) (No Huddle, Shotgun) 7-J.Fields scrambles right end ran ob at NYJ 35 for 6 yards (21-A.Davis)."
2025_04_NYJ_MIA,492.0,run,1.0,0.0,0.0,0.0,00-0036945,,00-0036945,00-0036945,1.2595672103343531,(7:08) 7-J.Fields scrambles left end to MIA 21 for 19 yards (20-J.Brooks).
2025_04_NYJ_MIA,1349.0,run,1.0,0.0,0.0,0.0,00-0036945,,00-0036945,00-0036945,-0.42003706423565745,(6:31) (Shotgun) 7-J.Fields scrambles right end pushed ob at MIA 44 for 1 yard (20-J.Brooks).
2025_04_NYJ_MIA,2371.0,run,1.0,0.0,0.0,0.0,00-0036945,,00-0036945,00-0036945,6.248552663251758,"(9:36) 7-J.Fields scrambles left end for 43 yards, TOUCHDOWN."
2025_04_NYJ_MIA,2515.0,run,1.0,0.0,0.0,0.0,00-0036212,,00-0036212,00-0036212,-0.4470747332088649,(8:36) (Shotgun) 1-T.Tagovailoa scrambles left end ran ob at NYJ 41 for 1 yard (26-I.Oliver).
2025_04_NYJ_MIA,2567.0,run,1.0,0.0,0.0,1.0,00-0036212,,00-0036212,00-0036212,2.639976637205109,"(7:13) (Shotgun) 1-T.Tagovailoa scrambles up the middle to NYJ 35 for 5 yards (26-I.Oliver; 51-F.Mauigoa). PENALTY on NYJ-51-F.Mauigoa, Unnecessary Roughness, 15 yards, enforced at NYJ 35."
2025_04_NYJ_MIA,3153.0,run,1.0,0.0,0.0,0.0,00-0036945,,00-0036945,00-0036945,-0.3350882532540709,(14:24) (Shotgun) 7-J.Fields scrambles left end pushed ob at MIA 32 for 4 yards (8-M.Judon).
2025_04_NYJ_MIA,3893.0,run,1.0,0.0,0.0,0.0,00-0036945,,00-0036945,00-0036945,0.32173790584784,"(3:06) (No Huddle, Shotgun) 7-J.Fields scrambles right end to MIA 49 for 4 yards (92-Z.Sieler)."
2025_04_PHI_TB,516.0,run,1.0,0.0,0.0,0.0,00-0036389,,00-0036389,00-0036389,2.3974202980753034,(8:02) (Shotgun) 1-J.Hurts scrambles right end to TB 2 for 29 yards (8-S.Dennis).
2025_04_PHI_TB,1363.0,run,1.0,0.0,0.0,0.0,00-0036389,,00-0036389,00-0036389,-0.3592848514090292,(7:47) (Shotgun) 1-J.Hurts scrambles right end ran ob at TB 25 for 2 yards (0-Y.Diaby).
2025_04_PHI_TB,1677.0,run,1.0,0.0,0.0,0.0,00-0036389,,00-0036389,00-0036389,0.6676916488213465,"(2:54) (No Huddle, Shotgun) 1-J.Hurts scrambles up the middle to TB 49 for 9 yards (21-B.Morrison)."
2025_04_PHI_TB,1846.0,run,1.0,0.0,0.0,0.0,00-0036389,,00-0036389,00-0036389,-0.37875004549277946,(1:10) (Shotgun) 1-J.Hurts scrambles left end to TB 23 for 2 yards (5-H.Reddick).
2025_04_PHI_TB,2843.0,run,1.0,0.0,0.0,0.0,00-0036389,,00-0036389,00-0036389,1.2144998541334644,"(6:00) (Shotgun) 1-J.Hurts scrambles left end to TB 15 for 5 yards (98-A.Nelson). FUMBLES (98-A.Nelson), ball out of bounds at TB 15."
2025_04_PHI_TB,4049.0,run,1.0,0.0,0.0,0.0,00-0034855,,00-0034855,00-0034855,0.18385137943550944,(6:07) (Shotgun) 6-B.Mayfield scrambles right end ran ob at TB 28 for 6 yards (53-Z.Baun).
2025_04_PHI_TB,4217.0,run,1.0,0.0,0.0,0.0,00-0034855,,00-0034855,00-0034855,1.3416762127308175,(2:33) (Shotgun) 6-B.Mayfield scrambles up the middle to PHI 38 for 7 yards (0-J.Uche).
2025_04_SEA_ARI,1013.0,run,1.0,0.0,0.0,0.0,00-0035228,,00-0035228,00-0035228,-0.7533981036394835,(:08) (Shotgun) 1-K.Murray scrambles right end ran ob at ARI 25 for 4 yards (58-D.Hall). SEA-0-D.Lawrence was injured during the play.
2025_04_SEA_ARI,1828.0,run,1.0,0.0,0.0,0.0,00-0034869,,00-0034869,00-0034869,1.4761712797917426,(3:00) 14-S.Darnold scrambles up the middle to ARI 34 for 24 yards (34-J.Thompson).
2025_04_SEA_ARI,2155.0,run,1.0,0.0,0.0,0.0,00-0035228,,00-0035228,00-0035228,-0.2539558957214467,"(:17) (No Huddle, Shotgun) 1-K.Murray scrambles right tackle to ARI 35 for 4 yards (13-E.Jones; 21-D.Witherspoon)."
2025_04_SEA_ARI,3553.0,run,1.0,0.0,0.0,0.0,00-0035228,,00-0035228,00-0035228,2.240031836554408,"(9:01) (No Huddle, Shotgun) 1-K.Murray scrambles right tackle ran ob at SEA 41 for 29 yards (29-J.Jobe)."
2025_04_SEA_ARI,3580.0,run,1.0,0.0,0.0,0.0,00-0035228,,00-0035228,00-0035228,-0.472510400111787,"(8:35) (No Huddle, Shotgun) 1-K.Murray scrambles left end to SEA 40 for 1 yard (21-D.Witherspoon)."
2025_04_TEN_HOU,396.0,run,1.0,0.0,0.0,0.0,00-0039163,,00-0039163,00-0039163,-0.14981728442944586,(7:58) 7-C.Stroud scrambles right end ran ob at TEN 40 for 4 yards (45-D.Jones).
2025_04_TEN_HOU,2406.0,run,1.0,0.0,0.0,0.0,00-0039163,,00-0039163,00-0039163,-0.1279906954150647,"(6:24) (No Huddle, Shotgun) 7-C.Stroud scrambles left end to HOU 41 for 3 yards (50-C.Barton)."
2025_04_TEN_HOU,2935.0,run,1.0,0.0,0.0,0.0,00-0040676,,00-0040676,00-0040676,2.0189376561902463,(13:24) (Shotgun) 1-C.Ward scrambles right end to TEN 46 for 10 yards (24-D.Stingley).
2025_04_TEN_HOU,3325.0,run,1.0,0.0,0.0,0.0,00-0040676,,00-0040676,00-0040676,0.2917281405534595,"(7:42) (No Huddle, Shotgun) 1-C.Ward scrambles right end to TEN 31 for 12 yards (0-A.Al-Shaair)."
2025_04_WAS_ATL,2320.0,run,1.0,0.0,0.0,0.0,00-0032268,,00-0032268,00-0032268,3.4114169436506927,(12:52) (Shotgun) 8-M.Mariota scrambles right guard pushed ob at ATL 37 for 22 yards (31-X.Watts).
2025_04_WAS_ATL,3691.0,run,1.0,0.0,0.0,0.0,00-0039917,,00-0039917,00-0039917,0.9444261123426259,(7:19) (Shotgun) 9-M.Penix scrambles left tackle ran ob at ATL 34 for 5 yards (92-D.Armstrong).
2025_05_DAL_NYJ,304.0,run,1.0,0.0,0.0,0.0,00-0036945,,00-0036945,00-0036945,0.0010882188798859715,(9:29) 7-J.Fields scrambles right end pushed ob at DAL 6 for 4 yards (6-D.Wilson).
2025_05_DAL_NYJ,1968.0,run,1.0,0.0,0.0,1.0,00-0033077,,00-0033077,00-0033077,0.8956239083781838,"(1:27) (Shotgun) 4-D.Prescott scrambles right end to DAL 33 for 14 yards (27-M.Moore). PENALTY on NYJ-27-M.Moore, Illegal Contact, 5 yards, enforced at DAL 33."
2025_05_DAL_NYJ,2188.0,run,1.0,0.0,0.0,0.0,00-0036945,,00-0036945,00-0036945,-0.022976284381002188,(:43) (Shotgun) 7-J.Fields scrambles right end to NYJ 24 for 9 yards (50-S.James).
2025_05_DAL_NYJ,2438.0,run,1.0,0.0,0.0,0.0,00-0033077,,00-0033077,00-0033077,0.09206368098966777,(14:17) 4-D.Prescott scrambles right end to DAL 43 for 6 yards (26-I.Oliver).
2025_05_DAL_NYJ,2670.0,run,1.0,0.0,0.0,0.0,00-0033077,,00-0033077,00-0033077,0.5669378759339452,(10:10) 4-D.Prescott scrambles up the middle to DAL 23 for 7 yards (44-J.Sherwood).
2025_05_DAL_NYJ,3813.0,run,1.0,0.0,0.0,0.0,00-0036945,,00-0036945,00-0036945,0.5735145889921114,"(10:25) (No Huddle, Shotgun) 7-J.Fields scrambles up the middle to DAL 22 for 11 yards (26-D.Bland)."
2025_05_DEN_PHI,2663.0,run,1.0,0.0,0.0,0.0,00-0039732,,00-0039732,00-0039732,1.595865122973919,(11:08) (Shotgun) 10-B.Nix scrambles right end ran ob at DEN 38 for 14 yards (53-Z.Baun).
2025_05_DEN_PHI,2912.0,run,1.0,0.0,0.0,0.0,00-0036389,,00-0036389,00-0036389,-0.006929030176252127,"(6:13) (No Huddle, Shotgun) 1-J.Hurts scrambles left end ran ob at PHI 32 for 4 yards (9-T.Hufanga)."
2025_05_DEN_PHI,3011.0,run,1.0,0.0,0.0,0.0,00-0039732,,00-0039732,00-0039732,0.33034282783046365,(5:17) (Shotgun) 10-B.Nix scrambles right end to DEN 26 for 6 yards (27-Q.Mitchell).
2025_05_DET_CIN,2099.0,run,1.0,0.0,0.0,0.0,00-0035100,,00-0035100,00-0035100,0.007122648996300995,(:56) (Shotgun) 6-J.Browning scrambles left end ran ob at DET 37 for 4 yards (21-A.Robertson).
2025_05_DET_CIN,2858.0,run,1.0,0.0,0.0,0.0,00-0035100,,00-0035100,00-0035100,1.8981577798258513,(4:54) (Shotgun) 6-J.Browning scrambles left guard to CIN 40 for 11 yards (34-A.Anzalone).
2025_05_DET_CIN,3865.0,run,1.0,0.0,0.0,0.0,00-0035100,,00-0035100,00-0035100,1.5890856063342653,"(3:17) (No Huddle, Shotgun) 6-J.Browning scrambles left end pushed ob at DET 2 for 13 yards (29-A.Maddox; 31-K.Joseph)."
2025_05_HOU_BAL,1223.0,run,1.0,0.0,0.0,0.0,00-0039163,,00-0039163,00-0039163,3.0421754902927205,(8:01) (Shotgun) 7-C.Stroud scrambles right guard pushed ob at BAL 4 for 30 yards (40-T.Buchanan).
2025_05_HOU_BAL,3606.0,run,1.0,0.0,0.0,0.0,00-0036898,,00-0036898,00-0036898,0.07390815729741007,(3:58) 10-D.Mills scrambles right end to HOU 45 for 5 yards (98-T.Jones).
2025_05_KC_JAX,357.0,run,1.0,0.0,0.0,1.0,00-0036971,,00-0036971,00-0036971,-1.2282014372758567,"(9:31) (Shotgun) 16-T.Lawrence scrambles right end to JAX 15 for 1 yard. 16-T.Lawrence pass incomplete short right to 5-D.Brown [23-D.Tranquill]. PENALTY on JAX-16-T.Lawrence, Illegal Forward Pass, 5 yards, enforced at JAX 15."
2025_05_KC_JAX,1470.0,run,1.0,0.0,0.0,0.0,00-0036971,,00-0036971,00-0036971,1.4129053347278386,(8:12) (Shotgun) 16-T.Lawrence scrambles up the middle to KC 45 for 16 yards (23-D.Tranquill; 32-N.Bolton).
2025_05_KC_JAX,1592.0,run,1.0,0.0,0.0,0.0,00-0036971,,00-0036971,00-0036971,1.644420500495471,(5:09) (Shotgun) 16-T.Lawrence scrambles up the middle to KC 15 for 14 yards (6-B.Cook).
2025_05_KC_JAX,2295.0,run,1.0,0.0,0.0,0.0,00-0036971,,00-0036971,00-0036971,2.2013919568853453,"(8:47) (Shotgun) 16-T.Lawrence scrambles up the middle for 10 yards, TOUCHDOWN."
2025_05_KC_JAX,2551.0,run,1.0,0.0,0.0,0.0,00-0033873,,00-0033873,00-0033873,0.4276083547156304,(4:46) (Shotgun) 15-P.Mahomes scrambles right end to JAX 8 for 8 yards (23-F.Oluokun).
2025_05_KC_JAX,2782.0,run,1.0,0.0,0.0,0.0,00-0033873,,00-0033873,00-0033873,1.1774411066435277,(:42) (Shotgun) 15-P.Mahomes scrambles left tackle to JAX 44 for 9 yards (23-F.Oluokun).
2025_05_KC_JAX,2930.0,run,1.0,0.0,0.0,0.0,00-0033873,,00-0033873,00-0033873,-0.4335585960652679,(14:47) (Shotgun) 15-P.Mahomes scrambles left end to JAX 44 for 14 yards (23-F.Oluokun).
2025_05_KC_JAX,3188.0,run,1.0,0.0,0.0,0.0,00-0036971,,00-0036971,00-0036971,0.7432857707608491,(10:52) (Shotgun) 16-T.Lawrence scrambles left end ran ob at KC 48 for 3 yards (32-N.Bolton).
2025_05_KC_JAX,3406.0,run,1.0,0.0,0.0,0.0,00-0033873,,00-0033873,00-0033873,1.293450572527945,(7:18) (Shotgun) 15-P.Mahomes scrambles left end ran ob at KC 33 for 15 yards (29-E.Murray).
2025_05_KC_JAX,3505.0,run,1.0,0.0,0.0,0.0,00-0033873,,00-0033873,00-0033873,0.31249614723492414,(4:29) (Shotgun) 15-P.Mahomes scrambles left end to JAX 46 for 5 yards (47-D.Gardeck).
2025_05_KC_JAX,3769.0,run,1.0,0.0,0.0,0.0,00-0036971,,00-0036971,00-0036971,0.13502567471005023,(1:45) (Shotgun) 16-T.Lawrence scrambles right end to JAX 46 for 6 yards (90-C.Omenihu).
2025_05_KC_JAX,4012.0,run,1.0,0.0,0.0,0.0,00-0036971,,00-0036971,00-0036971,0.9592330275045242,"(:30) 16-T.Lawrence scrambles left end for 1 yard, TOUCHDOWN. Penalty on KC-27-C.Conner, Defensive Holding, declined."
2025_05_LV_IND,3435.0,run,1.0,0.0,0.0,1.0,00-0030565,,00-0030565,00-0030565,1.5606216662563384,"(13:00) (Shotgun) 7-G.Smith scrambles right end ran ob at IND 11 for 5 yards (92-N.Gallimore). PENALTY on IND-44-Z.Franklin, Unnecessary Roughness, 6 yards, enforced at IND 11."
2025_05_MIA_CAR,2391.0,run,1.0,0.0,0.0,0.0,00-0036212,,00-0036212,00-0036212,-0.7019798825494945,(10:19) (Shotgun) 1-T.Tagovailoa scrambles left end to MIA 32 for 5 yards (22-L.Ransom).
2025_05_MIA_CAR,3527.0,run,1.0,0.0,0.0,0.0,00-0039150,,00-0039150,00-0039150,0.41459759697318077,"(6:57) (Shotgun) 9-B.Young scrambles up the middle to MIA 1 for 4 yards (15-Ja.Phillips, 3-K.Britt)."
2025_05_MIN_CLE,1438.0,run,1.0,0.0,0.0,0.0,00-0040704,,00-0040704,00-0040704,-0.3919620178639889,(9:37) (Shotgun) 8-D.Gabriel scrambles up the middle to CLE 19 for 8 yards (22-H.Smith).
2025_05_MIN_CLE,1590.0,run,1.0,0.0,0.0,0.0,00-0032950,,00-0032950,00-0032950,-0.5067104795016348,(7:14) (Shotgun) 11-C.Wentz scrambles left end to MIN 23 for 5 yards (94-M.Graham).
2025_05_MIN_CLE,1840.0,run,1.0,0.0,0.0,0.0,00-0032950,,00-0032950,00-0032950,-0.23756570857949555,(3:20) (Shotgun) 11-C.Wentz scrambles up the middle to MIN 19 for 6 yards (49-C.Schwesinger; 5-R.Jenkins). MIN-11-C.Wentz was injured during the play.
2025_05_MIN_CLE,3155.0,run,1.0,0.0,0.0,0.0,00-0032950,,00-0032950,00-0032950,-0.8733669831417501,(1:49) (Shotgun) 11-C.Wentz scrambles right end to MIN 21 for 2 yards (95-M.Garrett).
2025_05_NE_BUF,1037.0,run,1.0,0.0,0.0,0.0,00-0034857,,00-0034857,00-0034857,-0.23370032710954547,(:50) 17-J.Allen scrambles left tackle to BUF 36 for 3 yards (14-R.Spillane). ** Injury Update: NE-7-C.Davis has returned to the game.
2025_05_NE_BUF,1625.0,run,1.0,0.0,0.0,0.0,00-0034857,,00-0034857,00-0034857,1.7734379400499165,(5:42) (Shotgun) 17-J.Allen scrambles left guard to BUF 32 for 19 yards (53-C.Elliss).
2025_05_NE_BUF,1695.0,run,1.0,0.0,0.0,0.0,00-0034857,,00-0034857,00-0034857,0.594961674651131,(4:35) (Shotgun) 17-J.Allen scrambles left guard ran ob at BUF 32 for 10 yards (53-C.Elliss; 0-C.Gonzalez).
2025_05_NE_BUF,1861.0,run,1.0,0.0,0.0,1.0,00-0039851,,00-0039851,00-0039851,1.4425380097236484,"(1:24) 10-D.Maye scrambles right guard to NE 49 for 3 yards (8-T.Bernard). PENALTY on BUF-8-T.Bernard, Unnecessary Roughness, 15 yards, enforced at NE 49."
2025_05_NE_BUF,2014.0,run,1.0,0.0,0.0,0.0,00-0039851,,00-0039851,00-0039851,0.6642095291172154,(:46) 10-D.Maye scrambles up the middle to BUF 7 for 9 yards (58-M.Milano; 57-A.Epenesa).
2025_05_NE_BUF,2332.0,run,1.0,0.0,0.0,0.0,00-0034857,,00-0034857,00-0034857,0.021374405012466013,(12:53) 17-J.Allen scrambles left end ran ob at NE 33 for 3 yards (51-J.Gibbens).
2025_05_NE_BUF,3529.0,run,1.0,0.0,0.0,0.0,00-0034857,,00-0034857,00-0034857,-0.12283319095149636,(10:50) (Shotgun) 17-J.Allen scrambles up the middle to NE 22 for 3 yards (33-A.Jennings; 2-H.Landry).
2025_05_NE_BUF,3576.0,run,1.0,0.0,0.0,0.0,00-0034857,,00-0034857,00-0034857,0.6013810863369144,(9:25) (Shotgun) 17-J.Allen scrambles left end pushed ob at NE 6 for 8 yards (91-E.Ponder).
2025_05_NE_BUF,3925.0,run,1.0,0.0,0.0,0.0,00-0034857,,00-0034857,00-0034857,-0.15690056164748967,(5:01) 17-J.Allen scrambles right end pushed ob at BUF 47 for 4 yards (25-M.Jones).
2025_05_NYG_NO,224.0,run,1.0,0.0,0.0,0.0,00-0040691,,00-0040691,00-0040691,0.12030530744232237,(12:32) 6-J.Dart scrambles up the middle to NO 34 for 6 yards (20-P.Werner).
2025_05_NYG_NO,1028.0,run,1.0,0.0,0.0,0.0,00-0040691,,00-0040691,00-0040691,1.6983854994177818,(:33) (Shotgun) 6-J.Dart scrambles up the middle to NO 33 for 20 yards (29-Q.Riley).
2025_05_NYG_NO,1569.0,run,1.0,0.0,0.0,0.0,00-0040691,,00-0040691,00-0040691,1.219765329733491,(7:34) (Shotgun) 6-J.Dart scrambles up the middle to NYG 46 for 11 yards (20-P.Werner).
2025_05_NYG_NO,3112.0,run,1.0,0.0,0.0,0.0,00-0040691,,00-0040691,00-0040691,-0.45264839637093246,(5:50) (Shotgun) 6-J.Dart scrambles up the middle to NYG 43 for 1 yard (98-J.Bullard; 93-N.Shepherd).
2025_05_NYG_NO,3933.0,run,1.0,0.0,0.0,0.0,00-0040691,,00-0040691,00-0040691,2.8736620841082186,(5:53) (Shotgun) 6-J.Dart scrambles up the middle to NYG 49 for 6 yards (56-D.Davis).
2025_05_TB_SEA,281.0,run,1.0,0.0,0.0,0.0,00-0034855,,00-0034855,00-0034855,-0.696167068747255,(8:40) (Shotgun) 6-B.Mayfield scrambles up the middle to SEA 12 for 4 yards (3-N.Emmanwori).
2025_05_TB_SEA,626.0,run,1.0,0.0,0.0,0.0,00-0034855,,00-0034855,00-0034855,1.6008536170702428,(3:26) (Shotgun) 6-B.Mayfield scrambles right end to TB 48 for 8 yards (39-T.Okada).
2025_05_TB_SEA,761.0,run,1.0,0.0,0.0,0.0,00-0034855,,00-0034855,00-0034855,-0.2762890240410343,(:41) (Shotgun) 6-B.Mayfield scrambles right end to SEA 21 for 3 yards (48-T.Knight).
2025_05_TB_SEA,1397.0,run,1.0,0.0,0.0,0.0,00-0034855,,00-0034855,00-0034855,-0.7922909887274727,(5:01) (Shotgun) 6-B.Mayfield scrambles up the middle to SEA 39 for 1 yard (7-U.Nwosu).
2025_05_TEN_ARI,181.0,run,1.0,0.0,0.0,0.0,00-0035228,,00-0035228,00-0035228,0.8174003737512976,(12:08) (Shotgun) 1-K.Murray scrambles left end ran ob at TEN 44 for 3 yards (50-C.Barton).
2025_05_TEN_ARI,508.0,run,1.0,0.0,0.0,0.0,00-0040676,,00-0040676,00-0040676,-0.38675929559394717,(8:59) 1-C.Ward scrambles right end ran ob at TEN 44 for 2 yards (13-K.Clark).
2025_05_TEN_ARI,895.0,run,1.0,0.0,0.0,0.0,00-0035228,,00-0035228,00-0035228,2.439149991434533,"(:46) (Shotgun) 1-K.Murray scrambles right end for 12 yards, TOUCHDOWN."
2025_05_WAS_LAC,148.0,run,1.0,0.0,0.0,0.0,00-0036355,,00-0036355,00-0036355,3.1142354502808303,(13:36) (Shotgun) 10-J.Herbert scrambles up the middle to WAS 27 for 41 yards (0-M.Sainristil).
2025_05_WAS_LAC,915.0,run,1.0,0.0,0.0,0.0,00-0039910,,00-0039910,00-0039910,-1.1443183314986527,"(:48) (No Huddle, Shotgun) 5-J.Daniels scrambles left tackle to WAS 38 for 4 yards (29-T.Still)."
2025_05_WAS_LAC,1374.0,run,1.0,0.0,0.0,0.0,00-0039910,,00-0039910,00-0039910,0.4928305570501834,"(6:54) (No Huddle, Shotgun) 73-T.Scott reported in as eligible. 5-J.Daniels scrambles up the middle to WAS 49 for 7 yards (0-D.Henley; 50-C.Murphy)."
2025_05_WAS_LAC,2121.0,run,1.0,0.0,0.0,0.0,00-0039910,,00-0039910,00-0039910,0.7668622736819088,"(14:33) (No Huddle, Shotgun) 5-J.Daniels scrambles up the middle to WAS 40 for 9 yards (0-D.Henley)."
2025_05_WAS_LAC,3636.0,run,1.0,0.0,0.0,1.0,00-0039910,,00-0039910,00-0039910,2.5552946869283915,"(5:00) (Shotgun) 5-J.Daniels scrambles left guard to WAS 26 for 12 yards (0-D.Henley). PENALTY on LAC-93-O.Ogbonnia, Unnecessary Roughness, 15 yards, enforced at WAS 26."
2025_05_WAS_LAC,3691.0,run,1.0,0.0,0.0,0.0,00-0039910,,00-0039910,00-0039910,0.7888294069562107,"(4:10) (No Huddle, Shotgun) 5-J.Daniels scrambles up the middle to 50 for 8 yards (43-T.Dye; 57-C.Ferrell)."
2025_05_WAS_LAC,4145.0,run,1.0,0.0,0.0,0.0,00-0037012,,00-0037012,00-0037012,0.6094038735027425,(:14) (Shotgun) 5-T.Lance scrambles right end pushed ob at WAS 36 for 11 yards (54-B.Wagner).
2025_06_ARI_IND,1482.0,run,1.0,0.0,0.0,0.0,00-0035710,,00-0035710,00-0035710,1.287312977539841,"(7:56) 17-D.Jones scrambles right end for 3 yards, TOUCHDOWN."
2025_06_ARI_IND,3140.0,run,1.0,0.0,0.0,0.0,00-0035710,,00-0035710,00-0035710,0.9650235020089895,(1:18) 17-D.Jones scrambles right end pushed ob at 50 for 17 yards (2-Ma.Wilson).
2025_06_ARI_IND,4077.0,run,1.0,0.0,0.0,0.0,00-0033119,,00-0033119,00-0033119,0.7189987300662324,(2:56) 68-K.Beachum reported in as eligible. 7-J.Brissett scrambles up the middle to ARI 49 for 12 yards (44-Z.Franklin).
2025_06_BUF_ATL,327.0,run,1.0,0.0,0.0,0.0,00-0034857,,00-0034857,00-0034857,0.7704145805328153,(10:47) 17-J.Allen scrambles up the middle to ATL 16 for 8 yards (3-J.Bates).
2025_06_BUF_ATL,407.0,run,1.0,0.0,0.0,0.0,00-0034857,,00-0034857,00-0034857,-0.3477518877480179,(8:57) (Shotgun) 17-J.Allen scrambles right guard to ATL 19 for 5 yards (17-A.Ebiketie; 96-Z.Harrison).
2025_06_BUF_ATL,1488.0,run,1.0,0.0,0.0,0.0,00-0034857,,00-0034857,00-0034857,0.00005493150092661381,"(9:13) (Shotgun) 17-J.Allen scrambles left end to BUF 49 for 5 yards (55-K.Elliss). FUMBLES (55-K.Elliss), ball out of bounds at BUF 49."
2025_06_BUF_ATL,1676.0,run,1.0,0.0,0.0,0.0,00-0039917,,00-0039917,00-0039917,0.2949061302933842,"(5:30) (No Huddle, Shotgun) 9-M.Penix scrambles left end ran ob at ATL 49 for 7 yards (9-T.Rapp)."
2025_06_BUF_ATL,4214.0,run,1.0,0.0,0.0,0.0,00-0034857,,00-0034857,00-0034857,1.6547111190157011,"(1:08) (No Huddle, Shotgun) 17-J.Allen scrambles up the middle ran ob at ATL 25 for 24 yards (31-X.Watts)."
2025_06_CHI_WAS,1224.0,run,1.0,0.0,0.0,0.0,00-0039910,,00-0039910,00-0039910,0.4226040521170944,"(11:41) (No Huddle, Shotgun) 73-T.Scott reported in as eligible. 5-J.Daniels scrambles up the middle to CHI 26 for 7 yards (44-N.Sewell)."
2025_06_CHI_WAS,1484.0,run,1.0,0.0,0.0,0.0,00-0039918,,00-0039918,00-0039918,1.0214495724067092,(7:03) (Shotgun) 18-C.Williams scrambles right end ran ob at WAS 40 for 4 yards (25-D.Savage).
2025_06_CHI_WAS,2185.0,run,1.0,0.0,0.0,0.0,00-0039910,,00-0039910,00-0039910,1.5200500542996451,"(13:39) (No Huddle, Shotgun) 5-J.Daniels scrambles right end ran ob at CHI 29 for 15 yards (53-T.Edwards)."
2025_06_CHI_WAS,2728.0,run,1.0,0.0,0.0,0.0,00-0039910,,00-0039910,00-0039910,1.159977055620402,"(6:40) (No Huddle, Shotgun) 5-J.Daniels scrambles right end ran ob at WAS 45 for 18 yards (24-N.McCloud; 49-T.Edmunds)."
2025_06_CHI_WAS,3567.0,run,1.0,0.0,0.0,0.0,00-0039910,,00-0039910,00-0039910,-0.24196085496805608,(10:19) (Shotgun) 73-T.Scott reported in as eligible. 5-J.Daniels scrambles right end to WAS 43 for 3 yards (48-D.Jackson).
2025_06_CHI_WAS,3591.0,run,1.0,0.0,0.0,0.0,00-0039910,,00-0039910,00-0039910,-0.2866958728991449,"(9:33) (No Huddle, Shotgun) 5-J.Daniels scrambles right end pushed ob at WAS 46 for 3 yards (90-D.Robinson)."
2025_06_CHI_WAS,3989.0,run,1.0,0.0,0.0,0.0,00-0039910,,00-0039910,00-0039910,0.7209169898997061,"(3:14) (No Huddle, Shotgun) 5-J.Daniels scrambles right end to CHI 40 for 8 yards (48-D.Jackson; 53-T.Edwards)."
2025_06_CIN_GB,142.0,run,1.0,0.0,0.0,0.0,00-0036264,,00-0036264,00-0036264,1.842136376304552,(13:37) (Shotgun) 10-J.Love scrambles right end to CIN 35 for 7 yards (90-K.Jenkins).
2025_06_CIN_GB,252.0,run,1.0,0.0,0.0,0.0,00-0036264,,00-0036264,00-0036264,0.2866529253660701,(10:10) (Shotgun) 10-J.Love scrambles right end pushed ob at CIN 17 for 7 yards (23-D.Hill).
2025_06_CIN_GB,735.0,run,1.0,0.0,0.0,0.0,00-0036264,,00-0036264,00-0036264,-1.1052196863064032,(15:00) (Shotgun) 10-J.Love scrambles right end to CIN 25 for 2 yards (49-B.Carter).
2025_06_CIN_GB,3258.0,run,1.0,0.0,0.0,0.0,00-0036264,,00-0036264,00-0036264,0.5074110471177846,(9:07) 10-J.Love scrambles up the middle to CIN 35 for 3 yards (99-M.Murphy).
2025_06_CIN_GB,3826.0,run,1.0,0.0,0.0,0.0,00-0036264,,00-0036264,00-0036264,0.4626870217034593,(2:19) 10-J.Love scrambles right end to CIN 21 for 5 yards (44-D.Knight).
2025_06_CLE_PIT,1441.0,run,1.0,0.0,0.0,0.0,00-0023459,,00-0023459,00-0023459,-0.4179676565108821,(6:33) (No Huddle) 8-A.Rodgers scrambles right end pushed ob at CLE 45 for 1 yard (90-J.Tryon).
2025_06_DAL_CAR,661.0,run,1.0,0.0,0.0,0.0,00-0039150,,00-0039150,00-0039150,0.6361426003277302,(4:48) (Shotgun) 9-B.Young scrambles right end ran ob at CAR 28 for 8 yards (54-S.Williams).
2025_06_DEN_NYJ,219.0,run,1.0,0.0,0.0,0.0,00-0036945,,00-0036945,00-0036945,-0.1970988160374576,(11:43) (Shotgun) 7-J.Fields scrambles right tackle to DEN 34 for 6 yards (29-J.McMillian).
2025_06_DEN_NYJ,754.0,run,1.0,0.0,0.0,0.0,00-0039732,,00-0039732,00-0039732,-0.21981871640309691,(2:25) (Shotgun) 10-B.Nix scrambles right tackle pushed ob at NYJ 47 for 11 yards (26-I.Oliver).
2025_06_DEN_NYJ,1543.0,run,1.0,0.0,0.0,0.0,00-0039732,,00-0039732,00-0039732,0.8042079225415364,"(6:31) (No Huddle, Shotgun) 10-B.Nix scrambles left end to NYJ 39 for 9 yards (44-J.Sherwood)."
2025_06_DEN_NYJ,2067.0,run,1.0,0.0,0.0,0.0,00-0036945,,00-0036945,00-0036945,0.45383022585883737,(14:55) 7-J.Fields scrambles up the middle to 50 for 7 yards (49-A.Singleton).
2025_06_DEN_NYJ,3330.0,run,1.0,0.0,0.0,0.0,00-0036945,,00-0036945,00-0036945,-0.7418899335898459,(11:03) (Shotgun) 7-J.Fields scrambles left tackle to NYJ 30 for 4 yards (22-B.Jones).
2025_06_DET_KC,695.0,run,1.0,0.0,0.0,0.0,00-0033873,,00-0033873,00-0033873,-0.9777878329623491,(1:59) (Shotgun) 15-P.Mahomes scrambles left end to DET 6 for 5 yards (31-K.Joseph).
2025_06_DET_KC,1136.0,run,1.0,0.0,0.0,0.0,00-0033873,,00-0033873,00-0033873,0.5591129387030378,(9:37) 15-P.Mahomes scrambles right end to DET 28 for 10 yards (21-A.Robertson).
2025_06_DET_KC,1329.0,run,1.0,0.0,0.0,0.0,00-0033106,,00-0033106,00-0033106,1.1686080279760063,(5:38) (Shotgun) 16-J.Goff scrambles left end to DET 33 for 7 yards (27-C.Conner). ** Injury Update: KC-20-N.Williams has returned to the game.
2025_06_DET_KC,2079.0,run,1.0,0.0,0.0,0.0,00-0033873,,00-0033873,00-0033873,0.7336914361221716,"(12:32) (No Huddle, Shotgun) 15-P.Mahomes scrambles left end to DET 20 for 11 yards (34-A.Anzalone). Penalty on DET-96-A.Muhammad, Defensive Offside, declined."
2025_06_DET_KC,2490.0,run,1.0,0.0,0.0,0.0,00-0033873,,00-0033873,00-0033873,-0.36698678112588823,(5:12) (Shotgun) 15-P.Mahomes scrambles right guard to KC 29 for 2 yards (34-A.Anzalone).
2025_06_DET_KC,2535.0,run,1.0,0.0,0.0,0.0,00-0033873,,00-0033873,00-0033873,-0.7988750003278255,(4:27) (Shotgun) 15-P.Mahomes scrambles up the middle to KC 35 for 6 yards (53-T.Nowaske; 34-A.Anzalone).
2025_06_LAC_MIA,3172.0,run,1.0,0.0,0.0,0.0,00-0036212,,00-0036212,00-0036212,-0.18017263198271394,(12:41) (Shotgun) 1-T.Tagovailoa scrambles right end to MIA 35 for 4 yards (0-D.Henley).
2025_06_LA_BAL,3146.0,run,1.0,0.0,0.0,0.0,00-0026498,,00-0026498,00-0026498,-0.23265165247721598,(15:00) 9-M.Stafford scrambles right end ran ob at BAL 6 for 3 yards (40-T.Buchanan).
2025_06_LA_BAL,3502.0,run,1.0,0.0,0.0,0.0,00-0035993,,00-0035993,00-0035993,4.029126124805771,(8:31) (Shotgun) 5-T.Huntley scrambles up the middle to LA 32 for 19 yards (26-K.Kinchens).
2025_06_LA_BAL,3594.0,run,1.0,0.0,0.0,0.0,00-0035993,,00-0035993,00-0035993,0.6059508217149414,"(5:54) (No Huddle, Shotgun) 5-T.Huntley scrambles left end pushed ob at LA 7 for 8 yards (56-S.Dolac)."
2025_06_NE_NO,432.0,run,1.0,0.0,0.0,0.0,00-0039376,,00-0039376,00-0039376,1.1546446902211756,(9:45) (Shotgun) 2-S.Rattler scrambles up the middle to NO 43 for 9 yards (14-R.Spillane).
2025_06_NE_NO,768.0,run,1.0,0.0,0.0,0.0,00-0039851,,00-0039851,00-0039851,-0.3409311226569116,(4:17) (Shotgun) 10-D.Maye scrambles right guard to NE 39 for 3 yards (93-N.Shepherd).
2025_06_NE_NO,1142.0,run,1.0,0.0,0.0,0.0,00-0039376,,00-0039376,00-0039376,-0.5570809117052704,(14:26) 2-S.Rattler scrambles right guard to NE 48 for 1 yard (95-K.Tonga). NO-71-K.Banks was injured during the play.
2025_06_NE_NO,2350.0,run,1.0,0.0,0.0,0.0,00-0039851,,00-0039851,00-0039851,1.1487108753062785,(13:33) (Shotgun) 10-D.Maye scrambles left end to NO 42 for 6 yards (44-I.Stalbird).
2025_06_NE_NO,2464.0,run,1.0,0.0,0.0,0.0,00-0039851,,00-0039851,00-0039851,1.634113799489569,(10:50) 10-D.Maye scrambles right tackle pushed ob at NO 2 for 20 yards (33-J.Sanker).
2025_06_NE_NO,4117.0,run,1.0,0.0,0.0,0.0,00-0039851,,00-0039851,00-0039851,-0.5424865938257426,(3:25) (Shotgun) 10-D.Maye scrambles left end to NE 30 for 1 yard (93-N.Shepherd).
2025_06_PHI_NYG,380.0,run,1.0,0.0,0.0,0.0,00-0040691,,00-0040691,00-0040691,3.310446319170296,"(10:06) (Shotgun) 6-J.Dart scrambles up the middle for 20 yards, TOUCHDOWN."
2025_06_PHI_NYG,1524.0,run,1.0,0.0,0.0,0.0,00-0040691,,00-0040691,00-0040691,0.7630757462466136,"(5:12) (No Huddle, Shotgun) 6-J.Dart scrambles up the middle to PHI 45 for 9 yards (58-J.Hunt)."
2025_06_PHI_NYG,1688.0,run,1.0,0.0,0.0,0.0,00-0040691,,00-0040691,00-0040691,0.4482065076008439,(2:00) (Shotgun) 6-J.Dart scrambles left tackle pushed ob at PHI 15 for 7 yards (8-A.Jackson; 53-Z.Baun).
2025_06_PHI_NYG,2049.0,run,1.0,0.0,0.0,0.0,00-0036389,,00-0036389,00-0036389,-0.25744801977998577,(:15) (Shotgun) 1-J.Hurts scrambles up the middle to NYG 48 for 9 yards (27-T.Nubin).
2025_06_PHI_NYG,2501.0,run,1.0,0.0,0.0,0.0,00-0040691,,00-0040691,00-0040691,0.923447500274051,(9:14) (Shotgun) 6-J.Dart scrambles right end pushed ob at PHI 13 for 4 yards (30-J.Campbell).
2025_06_PHI_NYG,2729.0,run,1.0,0.0,0.0,0.0,00-0036389,,00-0036389,00-0036389,-0.5835339333862066,(7:00) (Shotgun) 1-J.Hurts scrambles up the middle to PHI 47 for 3 yards (58-B.Okereke; 0-B.Burns).
2025_06_PHI_NYG,2911.0,run,1.0,0.0,0.0,0.0,00-0040691,,00-0040691,00-0040691,-0.4961704658344388,(4:49) (Shotgun) 6-J.Dart scrambles left end to NYG 18 for 2 yards (94-B.Young; 58-J.Hunt). PHI-32-R.Blankenship was injured during the play.
2025_06_SEA_JAX,1112.0,run,1.0,0.0,0.0,0.0,00-0034869,,00-0034869,00-0034869,0.39067238301504403,(13:39) 14-S.Darnold scrambles right end pushed ob at JAX 10 for 6 yards (0-D.Lloyd).
2025_06_SEA_JAX,1889.0,run,1.0,0.0,0.0,0.0,00-0036971,,00-0036971,00-0036971,-0.0839106182102114,(2:21) (Shotgun) 16-T.Lawrence scrambles up the middle to SEA 31 for 6 yards (99-L.Williams).
2025_06_SF_TB,281.0,run,1.0,0.0,0.0,0.0,00-0036972,,00-0036972,00-0036972,-0.3208000655286014,(11:24) 10-M.Jones scrambles up the middle to SF 22 for 3 yards (90-L.Hall).
2025_06_SF_TB,2370.0,run,1.0,0.0,0.0,0.0,00-0036972,,00-0036972,00-0036972,0.028123954311013222,(11:45) 10-M.Jones scrambles right end ran ob at TB 37 for 5 yards (5-H.Reddick).
2025_06_SF_TB,2825.0,run,1.0,0.0,0.0,0.0,00-0034855,,00-0034855,00-0034855,2.5985628098715097,(4:21) (Shotgun) 6-B.Mayfield scrambles left end to SF 44 for 15 yards (48-T.Bethune).
2025_07_ATL_SF,728.0,run,1.0,0.0,0.0,1.0,00-0039917,,00-0039917,00-0039917,1.602203955873847,"(1:22) (Shotgun) 9-M.Penix scrambles right end ran ob at SF 38 for 3 yards (25-J.Pinnock). PENALTY on SF-36-M.Sigle, Illegal Contact, 5 yards, enforced at SF 38. Penalty on SF-0-R.Green, Illegal Contact, declined."
2025_07_ATL_SF,1225.0,run,1.0,0.0,0.0,0.0,00-0039917,,00-0039917,00-0039917,-0.5481587450485677,(8:53) (Shotgun) 9-M.Penix scrambles left end pushed ob at SF 48 for 3 yards (48-T.Bethune).
2025_07_ATL_SF,3492.0,run,1.0,0.0,0.0,0.0,00-0036972,,00-0036972,00-0036972,0.563062502653338,(4:46) 10-M.Jones scrambles left tackle to ATL 23 for 8 yards (3-J.Bates).
2025_07_CAR_NYJ,287.0,run,1.0,0.0,0.0,0.0,00-0039150,,00-0039150,00-0039150,0.28495146217755973,(10:25) (Shotgun) 9-B.Young scrambles left end to NYJ 33 for 6 yards (1-A.Gardner).
2025_07_CAR_NYJ,1115.0,run,1.0,0.0,0.0,0.0,00-0028118,,00-0028118,00-0028118,-0.7765443179763931,(11:47) (Shotgun) 2-T.Taylor scrambles up the middle to CAR 16 for 5 yards (21-N.Scott; 32-T.Wallace). ** Injury Update: CAR-3-P.Umanmielen has returned to the game.
2025_07_CAR_NYJ,2073.0,run,1.0,0.0,0.0,0.0,00-0036945,,00-0036945,00-0036945,0.14868399110855535,"(:34) (No Huddle, Shotgun) 7-J.Fields scrambles right tackle to CAR 49 for 7 yards (32-T.Wallace). CAR-3-P.Umanmielen was injured during the play."
2025_07_CAR_NYJ,2312.0,run,1.0,0.0,0.0,0.0,00-0039150,,00-0039150,00-0039150,-0.7803137151058763,"(13:37) (Shotgun) 9-B.Young scrambles left tackle to NYJ 39 for 5 yards (11-J.Johnson). New York Jets challenged the first down ruling, and the play was REVERSED. (Shotgun) 9-B.Young scrambles left tackle to NYJ 40 for 4 yards (11-J.Johnson)."
2025_07_CAR_NYJ,2969.0,run,1.0,0.0,0.0,0.0,00-0028118,,00-0028118,00-0028118,-0.6519349589943886,(3:08) (Shotgun) 2-T.Taylor scrambles up the middle to NYJ 23 for 1 yard (97-B.Brown).
2025_07_CAR_NYJ,3692.0,run,1.0,0.0,0.0,0.0,00-0028118,,00-0028118,00-0028118,0.1045613014139235,(8:11) 2-T.Taylor scrambles left end pushed ob at CAR 45 for 5 yards (95-D.Brown).
2025_07_GB_ARI,87.0,run,1.0,0.0,0.0,0.0,00-0033119,,00-0033119,00-0033119,-0.45703504839912057,(14:17) (Shotgun) 7-J.Brissett scrambles up the middle to ARI 33 for 2 yards (7-Q.Walker).
2025_07_GB_ARI,771.0,run,1.0,0.0,0.0,0.0,00-0033119,,00-0033119,00-0033119,0.47284636821132153,(:36) (Shotgun) 7-J.Brissett scrambles right end pushed ob at GB 42 for 11 yards (29-X.McKinney).
2025_07_GB_ARI,1556.0,run,1.0,0.0,0.0,0.0,00-0036264,,00-0036264,00-0036264,0.09421749471221119,(4:55) 10-J.Love scrambles up the middle to GB 38 for 6 yards (34-J.Thompson).
2025_07_GB_ARI,2922.0,run,1.0,0.0,0.0,1.0,00-0036264,,00-0036264,00-0036264,1.3594380517024547,"(2:20) (Shotgun) 10-J.Love scrambles right end to ARI 33 for 5 yards (27-A.Davis-Gaither; 3-B.Baker). FUMBLES (27-A.Davis-Gaither), and recovers at ARI 33. PENALTY on ARI-0-W.Johnson, Illegal Use of Hands, 5 yards, enforced at ARI 33."
2025_07_GB_ARI,2955.0,run,1.0,0.0,0.0,0.0,00-0036264,,00-0036264,00-0036264,0.7383148533990607,(1:50) 10-J.Love scrambles up the middle to ARI 16 for 12 yards (2-Ma.Wilson).
2025_07_GB_ARI,3248.0,run,1.0,0.0,0.0,1.0,00-0033119,,00-0033119,00-0033119,0.9492887238739058,"(14:09) 7-J.Brissett scrambles right end to GB 38 for 3 yards (56-E.Cooper). GB-7-Q.Walker was injured during the play. PENALTY on GB-21-N.Hobbs, Defensive Holding, 5 yards, enforced at GB 38."
2025_07_GB_ARI,4282.0,run,1.0,0.0,0.0,0.0,00-0033119,,00-0033119,00-0033119,0.16057967563392594,(:27) (Shotgun) 7-J.Brissett scrambles up the middle to GB 27 for 8 yards (21-N.Hobbs; 33-E.Williams).
2025_07_HOU_SEA,799.0,run,1.0,0.0,0.0,1.0,00-0034869,,00-0034869,00-0034869,2.1308203345397487,"(:33) (Shotgun) 14-S.Darnold scrambles left end pushed ob at HOU 22 for 3 yards (0-A.Al-Shaair). PENALTY on HOU-0-A.Al-Shaair, Unnecessary Roughness, 11 yards, enforced at HOU 22."
2025_07_HOU_SEA,4191.0,run,1.0,0.0,0.0,0.0,00-0039163,,00-0039163,00-0039163,-0.37427360820584,(9:43) (Shotgun) 7-C.Stroud scrambles up the middle to SEA 45 for 10 yards (13-E.Jones).
2025_07_HOU_SEA,4887.0,run,1.0,0.0,0.0,1.0,00-0039163,,00-0039163,00-0039163,3.139761015889235,"(3:10) (No Huddle, Shotgun) 7-C.Stroud scrambles right end to SEA 6 for 15 yards (29-J.Jobe). PENALTY on SEA-13-E.Jones, Illegal Contact, 3 yards, enforced at SEA 6."
2025_07_IND_LAC,713.0,run,1.0,0.0,0.0,0.0,00-0035710,,00-0035710,00-0035710,0.48292526812292635,(5:08) (Shotgun) 17-D.Jones scrambles right tackle pushed ob at IND 47 for 7 yards (6-D.Perryman).
2025_07_IND_LAC,2822.0,run,1.0,0.0,0.0,0.0,00-0036355,,00-0036355,00-0036355,0.2607260112417862,(9:21) (Shotgun) 10-J.Herbert scrambles up the middle to IND 32 for 6 yards (58-A.Ajiake). IND-52-S.Ebukam was injured during the play.
2025_07_IND_LAC,3411.0,run,1.0,0.0,0.0,0.0,00-0036355,,00-0036355,00-0036355,1.2544082994572818,(15:00) (Shotgun) 10-J.Herbert scrambles right tackle to IND 6 for 7 yards (95-A.Adebawore).
2025_07_IND_LAC,3761.0,run,1.0,0.0,0.0,0.0,00-0036355,,00-0036355,00-0036355,0.547536275582388,(10:07) (Shotgun) 10-J.Herbert scrambles right end to LAC 25 for 11 yards (0-C.Bynum).
2025_07_LA_JAX,1991.0,run,1.0,0.0,0.0,0.0,00-0036971,,00-0036971,00-0036971,-2.595758774143178,(1:53) (Shotgun) 16-T.Lawrence scrambles left tackle to LA 7 for 4 yards (8-J.Verse; 31-D.Williams).
2025_07_LA_JAX,2838.0,run,1.0,0.0,0.0,0.0,00-0036971,,00-0036971,00-0036971,0.9343295671278611,(7:01) 70-C.Van Lanen reported in as eligible. 16-T.Lawrence scrambles left tackle pushed ob at LA 30 for 14 yards (3-K.Curl).
2025_07_LA_JAX,3647.0,run,1.0,0.0,0.0,0.0,00-0026498,,00-0026498,00-0026498,-0.3499063071794808,(12:01) 9-M.Stafford scrambles right end pushed ob at JAX 35 for 2 yards (90-E.Ogbah).
2025_07_LV_KC,1160.0,run,1.0,0.0,0.0,0.0,00-0033873,,00-0033873,00-0033873,0.8183838567929342,(11:52) (Shotgun) 15-P.Mahomes scrambles right end to LV 21 for 9 yards (45-D.White; 98-M.Crosby).
2025_07_LV_KC,1426.0,run,1.0,0.0,0.0,0.0,00-0030565,,00-0030565,00-0030565,-1.4189461497589946,(7:28) (Shotgun) 7-G.Smith scrambles left end to LV 43 for 1 yard (56-G.Karlaftis).
2025_07_LV_KC,1507.0,run,1.0,0.0,0.0,0.0,00-0033873,,00-0033873,00-0033873,0.6840133054647595,(5:43) (Shotgun) 15-P.Mahomes scrambles right end pushed ob at KC 27 for 10 yards (45-D.White).
2025_07_LV_KC,1581.0,run,1.0,0.0,0.0,0.0,00-0033873,,00-0033873,00-0033873,0.023553057049866766,(3:41) (Shotgun) 15-P.Mahomes scrambles right guard to 50 for 3 yards (51-M.Koonce).
2025_07_LV_KC,1603.0,run,1.0,0.0,0.0,0.0,00-0033873,,00-0033873,00-0033873,1.0353869958780706,(2:57) (Shotgun) 15-P.Mahomes scrambles left end to LV 44 for 6 yards (45-D.White).
2025_07_MIA_CLE,74.0,run,1.0,0.0,0.0,0.0,00-0040704,,00-0040704,00-0040704,0.2690999873448163,(14:55) 56-L.Wypler reported in as eligible. 8-D.Gabriel scrambles right end pushed ob at CLE 39 for 6 yards (20-J.Brooks).
2025_07_MIA_CLE,986.0,run,1.0,0.0,0.0,0.0,00-0040704,,00-0040704,00-0040704,-0.3218641900457442,(12:50) 56-L.Wypler reported in as eligible. 8-D.Gabriel scrambles left end ran ob at CLE 39 for 3 yards (21-A.Davis).
2025_07_MIA_CLE,1351.0,run,1.0,0.0,0.0,0.0,00-0040704,,00-0040704,00-0040704,-0.26509939739480615,(8:20) (Shotgun) 8-D.Gabriel scrambles left end pushed ob at MIA 13 for 4 yards (20-J.Brooks).
2025_07_MIA_CLE,2122.0,run,1.0,0.0,0.0,0.0,00-0036212,,00-0036212,00-0036212,-0.247525574013165,(:41) (Shotgun) 1-T.Tagovailoa scrambles up the middle to CLE 8 for 6 yards (5-R.Jenkins).
2025_07_NE_TEN,357.0,run,1.0,0.0,0.0,0.0,00-0039851,,00-0039851,00-0039851,1.0895987966796383,(9:28) (Shotgun) 10-D.Maye scrambles up the middle to TEN 16 for 11 yards (38-L.Sneed).
2025_07_NE_TEN,1100.0,run,1.0,0.0,0.0,0.0,00-0039851,,00-0039851,00-0039851,1.2303849223535508,(11:43) 10-D.Maye scrambles up the middle to NE 38 for 19 yards (18-J.Armour-Davis; 33-C.Gray).
2025_07_NE_TEN,1295.0,run,1.0,0.0,0.0,0.0,00-0039851,,00-0039851,00-0039851,-0.16597017459571362,(6:22) (Shotgun) 10-D.Maye scrambles left end pushed ob at TEN 3 for 4 yards (50-C.Barton; 28-Q.Diggs).
2025_07_NE_TEN,1676.0,run,1.0,0.0,0.0,0.0,00-0039851,,00-0039851,00-0039851,0.5028098251204938,(1:48) (Shotgun) 10-D.Maye scrambles up the middle to NE 49 for 9 yards (33-C.Gray).
2025_07_NE_TEN,2055.0,run,1.0,0.0,0.0,0.0,00-0039851,,00-0039851,00-0039851,0.29078781814314425,(12:27) 10-D.Maye scrambles right end to TEN 29 for 6 yards (21-R.McCreary). TEN-38-L.Sneed was injured during the play. NE-10-D.Maye was injured during the play.
2025_07_NE_TEN,2514.0,run,1.0,0.0,0.0,0.0,00-0039851,,00-0039851,00-0039851,-0.48766333144158125,(4:40) (Shotgun) 10-D.Maye scrambles left tackle to NE 38 for 3 yards (33-C.Gray).
2025_07_NE_TEN,2871.0,run,1.0,0.0,0.0,0.0,00-0039851,,00-0039851,00-0039851,1.0792612498626113,(13:01) (Shotgun) 10-D.Maye scrambles left end pushed ob at 50 for 3 yards (53-J.Ward).
2025_07_NE_TEN,2997.0,run,1.0,0.0,0.0,0.0,00-0039851,,00-0039851,00-0039851,-0.16888237581588328,(9:37) (Shotgun) 10-D.Maye scrambles up the middle to TEN 37 for 7 yards (93-T.Sweat). ** Injury Update: TEN-45-D.Jones has returned to the game.
2025_07_NO_CHI,3012.0,run,1.0,0.0,0.0,0.0,00-0039376,,00-0039376,00-0039376,0.3489475171081722,(4:02) (Shotgun) 2-S.Rattler scrambles right tackle pushed ob at NO 34 for 7 yards (49-T.Edmunds).
2025_07_NYG_DEN,3904.0,run,1.0,0.0,0.0,0.0,00-0039732,,00-0039732,00-0039732,1.2175671851728112,(6:35) (Shotgun) 10-B.Nix scrambles right end ran ob at NYG 19 for 21 yards (58-B.Okereke).
2025_07_PHI_MIN,3494.0,run,1.0,0.0,0.0,0.0,00-0032950,,00-0032950,00-0032950,2.2650103003252298,(5:08) (Shotgun) 11-C.Wentz scrambles up the middle to PHI 35 for 16 yards (7-K.Ringo). PHI-97-M.Ojomo was injured during the play.
2025_07_PHI_MIN,3572.0,run,1.0,0.0,0.0,0.0,00-0032950,,00-0032950,00-0032950,1.8920758232125081,(4:27) (Shotgun) 11-C.Wentz scrambles left tackle to PHI 23 for 12 yards (48-P.Johnson).
2025_07_PIT_CIN,1222.0,run,1.0,0.0,0.0,0.0,00-0023459,,00-0023459,00-0023459,0.2769366401480511,(12:10) (Shotgun) 8-A.Rodgers scrambles right end to CIN 22 for 6 yards (23-D.Hill).
2025_07_TB_DET,749.0,run,1.0,0.0,0.0,0.0,00-0033106,,00-0033106,00-0033106,0.16198429698124528,(4:01) (No Huddle) 16-J.Goff scrambles right end ran ob at TB 47 for 6 yards (43-C.Braswell).
2025_07_WAS_DAL,1312.0,run,1.0,0.0,0.0,0.0,00-0033077,,00-0033077,00-0033077,-0.6036366019397974,(:15) (Shotgun) 4-D.Prescott scrambles up the middle to DAL 35 for 1 yard (24-V.Miller; 55-J.Martin).
2025_07_WAS_DAL,1475.0,run,1.0,0.0,0.0,0.0,00-0039910,,00-0039910,00-0039910,0.373698121169582,"(13:26) (No Huddle, Shotgun) 5-J.Daniels scrambles right end pushed ob at WAS 14 for 6 yards (20-K.Elam)."
2025_07_WAS_DAL,1538.0,run,1.0,0.0,0.0,0.0,00-0039910,,00-0039910,00-0039910,0.3313796876464039,"(12:27) (No Huddle, Shotgun) 5-J.Daniels scrambles right end pushed ob at DAL 44 for 7 yards (50-S.James)."
2025_07_WAS_DAL,2303.0,run,1.0,0.0,0.0,0.0,00-0039910,,00-0039910,00-0039910,0.9113320467295125,"(1:50) (No Huddle, Shotgun) 5-J.Daniels scrambles right tackle pushed ob at DAL 42 for 14 yards (50-S.James)."
2025_07_WAS_DAL,2387.0,run,1.0,0.0,0.0,1.0,00-0039910,,00-0039910,00-0039910,0.7688319538719952,"(1:29) (No Huddle, Shotgun) 5-J.Daniels scrambles left end ran ob at DAL 32 for 5 yards (26-D.Bland). PENALTY on DAL-59-K.Murray, Illegal Contact, 5 yards, enforced at DAL 32."
2025_07_WAS_DAL,3166.0,run,1.0,0.0,0.0,0.0,00-0033077,,00-0033077,00-0033077,1.7554660463356413,(8:13) (Shotgun) 4-D.Prescott scrambles up the middle to WAS 5 for 7 yards (54-B.Wagner).
2025_08_BUF_CAR,629.0,run,1.0,0.0,0.0,0.0,00-0027973,,00-0027973,00-0027973,-4.293549673748203,"(3:51) (Shotgun) 14-A.Dalton scrambles right end to BUF 20 for 1 yard (50-G.Rousseau). FUMBLES (50-G.Rousseau), RECOVERED by BUF-47-C.Benford at BUF 11. 47-C.Benford to BUF 17 for 6 yards (70-B.Christensen; 14-A.Dalton)."
2025_08_CHI_BAL,249.0,run,1.0,0.0,0.0,0.0,00-0039918,,00-0039918,00-0039918,-0.013340954668819904,(10:38) 18-C.Williams scrambles left end to BAL 8 for 2 yards (14-K.Hamilton).
2025_08_CHI_BAL,1903.0,run,1.0,0.0,0.0,0.0,00-0039918,,00-0039918,00-0039918,1.4033506728592329,(:57) (Shotgun) 18-C.Williams scrambles right tackle to BAL 44 for 22 yards (24-M.Starks).
2025_08_CHI_BAL,2570.0,run,1.0,0.0,0.0,0.0,00-0035993,,00-0035993,00-0035993,2.320450944651384,(5:26) (Shotgun) 5-T.Huntley scrambles right guard to CHI 16 for 29 yards (26-N.Wright).
2025_08_CLE_NE,130.0,run,1.0,0.0,0.0,0.0,00-0039851,,00-0039851,00-0039851,1.4708699509501457,(13:40) (Shotgun) 10-D.Maye scrambles right end ran ob at CLE 42 for 16 yards (5-R.Jenkins).
2025_08_CLE_NE,179.0,run,1.0,0.0,0.0,0.0,00-0039851,,00-0039851,00-0039851,-0.3090986756142229,(12:16) (Shotgun) 10-D.Maye scrambles up the middle to CLE 21 for 3 yards (49-C.Schwesinger).
2025_08_CLE_NE,1563.0,run,1.0,0.0,0.0,0.0,,,00-0040259,00-0040259,-0.8114259385038167,(2:54) (Shotgun) 84-G.Larvadain scrambles right guard to CLE 40 for 3 yards (44-K.Chaisson; 14-R.Spillane).
2025_08_CLE_NE,1993.0,run,1.0,0.0,0.0,0.0,00-0039851,,00-0039851,00-0039851,0.4240401997230947,(13:13) (Shotgun) 10-D.Maye scrambles up the middle to NE 29 for 6 yards (95-M.Garrett).
2025_08_CLE_NE,2703.0,run,1.0,0.0,0.0,0.0,00-0039851,,00-0039851,00-0039851,1.7523398889461532,(1:45) (Shotgun) 10-D.Maye scrambles up the middle to CLE 39 for 28 yards (37-D.Jones).
2025_08_CLE_NE,3028.0,run,1.0,0.0,0.0,0.0,00-0040704,,00-0040704,00-0040704,0.7576488046906888,"(13:37) (No Huddle, Shotgun) 8-D.Gabriel scrambles left end ran ob at NE 11 for 13 yards (53-C.Elliss; 14-R.Spillane)."
2025_08_DAL_DEN,980.0,run,1.0,0.0,0.0,0.0,00-0033077,,00-0033077,00-0033077,0.6560267596505582,(2:21) 4-D.Prescott scrambles right end ran ob at DAL 47 for 5 yards (2-P.Surtain).
2025_08_DAL_DEN,1965.0,run,1.0,0.0,0.0,0.0,00-0033077,,00-0033077,00-0033077,0.5414610666921362,(3:47) (Shotgun) 4-D.Prescott scrambles left end to DAL 29 for 9 yards (22-B.Jones).
2025_08_DAL_DEN,2308.0,run,1.0,0.0,0.0,0.0,00-0033077,,00-0033077,00-0033077,0.18357514560921118,(:39) (Shotgun) 4-D.Prescott scrambles right end to DAL 41 for 6 yards (23-J.Barron).
2025_08_DAL_DEN,2503.0,run,1.0,0.0,0.0,0.0,00-0033077,,00-0033077,00-0033077,1.5938556490000337,(14:20) (Shotgun) 4-D.Prescott scrambles left end to DEN 49 for 9 yards (22-B.Jones; 31-K.Abrams-Draine).
2025_08_DAL_DEN,3072.0,run,1.0,0.0,0.0,0.0,00-0033077,,00-0033077,00-0033077,-0.33643019129522145,(6:02) 4-D.Prescott scrambles right end ran ob at DAL 37 for 2 yards (23-J.Barron).
2025_08_MIN_LAC,587.0,run,1.0,0.0,0.0,0.0,00-0036355,,00-0036355,00-0036355,-0.7027613091049716,(4:49) 10-J.Herbert scrambles up the middle to MIN 8 for 2 yards (58-J.Greenard).
2025_08_MIN_LAC,949.0,run,1.0,0.0,0.0,0.0,00-0036355,,00-0036355,00-0036355,1.1224290773971006,(15:00) 10-J.Herbert scrambles left tackle ran ob at MIN 13 for 18 yards (22-H.Smith).
2025_08_MIN_LAC,998.0,run,1.0,0.0,0.0,0.0,00-0036355,,00-0036355,00-0036355,1.2526904668775387,(13:45) 10-J.Herbert scrambles right end pushed ob at MIN 3 for 6 yards (55-E.Wilson).
2025_08_MIN_LAC,1794.0,run,1.0,0.0,0.0,0.0,00-0036355,,00-0036355,00-0036355,0.9945767666213214,(1:57) (Shotgun) 10-J.Herbert scrambles up the middle to MIN 49 for 18 yards (51-B.Cashman).
2025_08_MIN_LAC,1828.0,run,1.0,0.0,0.0,0.0,00-0036355,,00-0036355,00-0036355,0.18949499662267044,"(1:29) (No Huddle, Shotgun) 10-J.Herbert scrambles left guard to MIN 42 for 7 yards (44-J.Metellus)."
2025_08_MIN_LAC,3115.0,run,1.0,0.0,0.0,0.0,00-0036355,,00-0036355,00-0036355,1.2587529931915924,(:39) (Shotgun) 10-J.Herbert scrambles left tackle ran ob at MIN 14 for 8 yards (44-J.Metellus).
2025_08_MIN_LAC,3162.0,run,1.0,0.0,0.0,0.0,00-0036355,,00-0036355,00-0036355,-0.3482765497174114,(15:00) (Shotgun) 10-J.Herbert scrambles up the middle to MIN 11 for 3 yards (51-B.Cashman).
2025_08_NYG_PHI,215.0,run,1.0,0.0,0.0,0.0,00-0040691,,00-0040691,00-0040691,-0.48887182772159576,(13:41) (Shotgun) 6-J.Dart scrambles right guard to NYG 31 for 1 yard (58-J.Hunt).
2025_08_NYG_PHI,452.0,run,1.0,0.0,0.0,0.0,00-0036389,,00-0036389,00-0036389,0.1384002580307424,(8:08) (Shotgun) 1-J.Hurts scrambles right end to NYG 35 for 7 yards (5-K.Thibodeaux; 24-D.Belton).
2025_08_NYG_PHI,599.0,run,1.0,0.0,0.0,0.0,00-0040691,,00-0040691,00-0040691,1.9065197580493987,(4:46) (Shotgun) 6-J.Dart scrambles right end to PHI 42 for 8 yards (24-A.Mukuba).
2025_08_NYG_PHI,816.0,run,1.0,0.0,0.0,0.0,00-0036389,,00-0036389,00-0036389,2.8793984819203615,(:36) (Shotgun) 1-J.Hurts scrambles up the middle to NYG 41 for 5 yards (24-D.Belton).
2025_08_NYG_PHI,959.0,run,1.0,0.0,0.0,0.0,00-0036389,,00-0036389,00-0036389,0.234874356421642,(13:30) (Shotgun) 1-J.Hurts scrambles left end pushed ob at NYG 11 for 8 yards (0-B.Burns).
2025_08_NYJ_CIN,1225.0,run,1.0,0.0,0.0,0.0,00-0036945,,00-0036945,00-0036945,-0.1370440679602325,(10:02) 7-J.Fields scrambles right end ran ob at NYJ 36 for 4 yards (44-D.Knight; 97-S.Stewart).
2025_08_NYJ_CIN,1343.0,run,1.0,0.0,0.0,0.0,00-0036945,,00-0036945,00-0036945,-0.46325780113693327,(6:43) 7-J.Fields scrambles right end ran ob at CIN 16 for 2 yards (27-J.Battle).
2025_08_NYJ_CIN,2096.0,run,1.0,0.0,0.0,1.0,00-0036945,,00-0036945,00-0036945,0.28916152921738103,"(:24) (Shotgun) 7-J.Fields scrambles left tackle ran ob at CIN 17 for 2 yards (22-G.Stone). PENALTY on CIN-29-C.Taylor-Britt, Illegal Contact, 5 yards, enforced at CIN 17."
2025_08_NYJ_CIN,2950.0,run,1.0,0.0,0.0,0.0,00-0026158,,00-0026158,00-0026158,2.5373135798145086,(5:29) (Shotgun) 16-J.Flacco scrambles left tackle ran ob at CIN 46 for 13 yards (29-J.Brownlee).
2025_08_NYJ_CIN,3144.0,run,1.0,0.0,0.0,0.0,00-0036945,,00-0036945,00-0036945,-0.23050949582830071,(2:29) (Shotgun) 7-J.Fields scrambles left end pushed ob at NYJ 37 for 3 yards (22-G.Stone).
2025_08_NYJ_CIN,3672.0,run,1.0,0.0,0.0,0.0,00-0036945,,00-0036945,00-0036945,-0.6550714932382107,(9:28) (Shotgun) 7-J.Fields scrambles left guard to NYJ 49 for 5 yards (58-J.Ossai; 29-C.Taylor-Britt).
2025_08_SF_HOU,633.0,run,1.0,0.0,0.0,1.0,00-0036972,,00-0036972,00-0036972,-0.28994282940402627,"(4:47) 10-M.Jones scrambles right end pushed ob at SF 48 for 13 yards (29-M.Stewart). PENALTY on SF-15-J.Jennings, Face Mask, 15 yards, enforced at SF 48."
2025_08_SF_HOU,1299.0,run,1.0,0.0,0.0,0.0,00-0039163,,00-0039163,00-0039163,-0.19517726154299453,(9:29) (Shotgun) 7-C.Stroud scrambles left end to SF 19 for 4 yards (53-D.Winters). SF-95-A.Collins was injured during the play.
2025_08_SF_HOU,1754.0,run,1.0,0.0,0.0,0.0,00-0039163,,00-0039163,00-0039163,1.521184691984672,(2:12) (Shotgun) 7-C.Stroud scrambles left end ran ob at SF 22 for 13 yards (53-D.Winters). ** Injury Update: SF-20-U.Stout has returned to the game.
2025_08_SF_HOU,2892.0,run,1.0,0.0,0.0,0.0,00-0036972,,00-0036972,00-0036972,2.0180931005161256,(5:00) (Shotgun) 10-M.Jones scrambles up the middle to HOU 49 for 10 yards (2-C.Bullock).
2025_08_SF_HOU,3199.0,run,1.0,0.0,0.0,0.0,00-0039163,,00-0039163,00-0039163,1.5641443855129182,(14:10) (Shotgun) 7-C.Stroud scrambles right end to SF 42 for 8 yards (48-T.Bethune). SF-91-S.Okuayinonu was injured during the play.
2025_08_TB_NO,167.0,run,1.0,0.0,0.0,0.0,00-0039376,,00-0039376,00-0039376,-5.380941447103396,"(12:25) (Shotgun) 2-S.Rattler scrambles left guard to TB 34 for 7 yards (98-A.Nelson; 8-S.Dennis). FUMBLES (98-A.Nelson), touched at TB 33, RECOVERED by TB-54-L.David at TB 32."
2025_08_TB_NO,424.0,run,1.0,0.0,0.0,0.0,00-0039376,,00-0039376,00-0039376,0.7468312529381365,"(8:02) (No Huddle, Shotgun) 2-S.Rattler scrambles right end to NO 38 for 2 yards (54-L.David)."
2025_08_TB_NO,3389.0,run,1.0,0.0,0.0,0.0,00-0040743,,00-0040743,00-0040743,-0.8336001296993345,(13:04) (Shotgun) 6-T.Shough scrambles left tackle to NO 38 for 2 yards (95-E.Roberts).
2025_08_TB_NO,4109.0,run,1.0,0.0,0.0,0.0,00-0040743,,00-0040743,00-0040743,1.4536715961294249,"(1:36) (No Huddle, Shotgun) 6-T.Shough scrambles right guard to NO 30 for 4 yards (8-S.Dennis)."
2025_08_TB_NO,4243.0,run,1.0,0.0,0.0,0.0,00-0040743,,00-0040743,00-0040743,0.13696549891028553,(:53) (Shotgun) 6-T.Shough scrambles right end ran ob at TB 42 for 6 yards (21-B.Morrison).
2025_08_TEN_IND,628.0,run,1.0,0.0,0.0,0.0,00-0035710,,00-0035710,00-0035710,-0.29471827019006014,(3:01) 17-D.Jones scrambles right end pushed ob at IND 41 for 3 yards (99-A.Gaye).
2025_08_TEN_IND,1587.0,run,1.0,0.0,0.0,0.0,00-0040676,,00-0040676,00-0040676,0.47493434930220246,(3:15) 1-C.Ward scrambles up the middle to IND 47 for 7 yards (92-N.Gallimore).
2025_08_WAS_KC,329.0,run,1.0,0.0,0.0,0.0,00-0033873,,00-0033873,00-0033873,-0.3996350720990449,(8:30) (Shotgun) 15-P.Mahomes scrambles left end pushed ob at KC 41 for 9 yards (39-J.Reaves).
2025_08_WAS_KC,881.0,run,1.0,0.0,0.0,0.0,00-0033873,,00-0033873,00-0033873,0.2985211624763906,(14:25) (Shotgun) 15-P.Mahomes scrambles left end pushed ob at WAS 47 for 7 yards (54-B.Wagner).
2025_08_WAS_KC,1462.0,run,1.0,0.0,0.0,0.0,00-0032268,,00-0032268,00-0032268,-0.07280195585917681,"(4:00) (No Huddle, Shotgun) 8-M.Mariota scrambles left end pushed ob at KC 39 for 4 yards (23-D.Tranquill)."
2025_08_WAS_KC,1829.0,run,1.0,0.0,0.0,0.0,00-0033873,,00-0033873,00-0033873,0.2535318298614584,(:53) (Shotgun) 15-P.Mahomes scrambles right end to KC 30 for 15 yards (20-Q.Martin).
2025_08_WAS_KC,3439.0,run,1.0,0.0,0.0,0.0,00-0032268,,00-0032268,00-0032268,0.004304029513150454,"(7:48) (No Huddle, Shotgun) 8-M.Mariota scrambles up the middle to WAS 36 for 6 yards (95-C.Jones)."
2025_08_WAS_KC,3911.0,run,1.0,0.0,0.0,0.0,00-0032268,,00-0032268,00-0032268,-0.7789721212466247,"(1:30) (No Huddle, Shotgun) 8-M.Mariota scrambles right end to WAS 41 for 2 yards (31-J.Bassa). FUMBLES (31-J.Bassa), ball out of bounds at WAS 39."
2025_09_ARI_DAL,1285.0,run,1.0,0.0,0.0,0.0,00-0033077,,00-0033077,00-0033077,0.7767258834792301,(9:09) 4-D.Prescott scrambles left tackle to ARI 38 for 9 yards (3-B.Baker).
2025_09_ARI_DAL,3287.0,run,1.0,0.0,0.0,0.0,00-0033077,,00-0033077,00-0033077,0.04620362352579832,(12:48) (Shotgun) 4-D.Prescott scrambles up the middle to DAL 28 for 6 yards (5-B.Browning). ARI-2-Ma.Wilson was injured during the play.
2025_09_ARI_DAL,3698.0,run,1.0,0.0,0.0,0.0,00-0033077,,00-0033077,00-0033077,0.0189220798201859,(7:11) (Shotgun) 4-D.Prescott scrambles up the middle to DAL 42 for 5 yards (50-C.Simon). ** Injury Update: ARI-34-J.Thompson has returned to the game.
2025_09_ARI_DAL,3759.0,run,1.0,0.0,0.0,0.0,00-0033077,,00-0033077,00-0033077,0.9151653875596821,(6:42) (Shotgun) 4-D.Prescott scrambles right end to DAL 47 for 14 yards (21-G.Williams).
2025_09_ARI_DAL,4058.0,run,1.0,0.0,0.0,0.0,00-0033119,,00-0033119,00-0033119,-0.4531095399870537,(3:24) 7-J.Brissett scrambles right end to DAL 36 for 4 yards (26-D.Bland).
2025_09_ATL_NE,265.0,run,1.0,0.0,0.0,0.0,00-0039851,,00-0039851,00-0039851,1.2356027131900191,(10:07) (Shotgun) 10-D.Maye scrambles right end to ATL 37 for 12 yards (24-A.Terrell).
2025_09_ATL_NE,1343.0,run,1.0,0.0,0.0,0.0,00-0039851,,00-0039851,00-0039851,-0.7464144295081496,(7:06) (Shotgun) 10-D.Maye scrambles right guard to NE 31 for 1 yard (90-D.Onyemata).
2025_09_ATL_NE,1757.0,run,1.0,0.0,0.0,0.0,00-0039851,,00-0039851,00-0039851,-0.30566373048350215,(1:13) (Shotgun) 10-D.Maye scrambles right end to NE 35 for 1 yard (40-J.Bertrand).
2025_09_ATL_NE,1908.0,run,1.0,0.0,0.0,0.0,00-0039917,,00-0039917,00-0039917,-0.11559183843201026,(:23) (Shotgun) 9-M.Penix scrambles left tackle to NE 2 for 4 yards (53-C.Elliss; 97-M.Williams).
2025_09_ATL_NE,2388.0,run,1.0,0.0,0.0,0.0,00-0039851,,00-0039851,00-0039851,0.772859028307721,(9:22) (Shotgun) 10-D.Maye scrambles left end ran ob at ATL 8 for 3 yards (20-D.Alford).
2025_09_ATL_NE,2797.0,run,1.0,0.0,0.0,0.0,00-0039917,,00-0039917,00-0039917,1.878541403915733,(3:37) (Shotgun) 9-M.Penix scrambles left guard to NE 40 for 15 yards (7-C.Davis; 31-C.Woodson).
2025_09_ATL_NE,3201.0,run,1.0,0.0,0.0,0.0,00-0039851,,00-0039851,00-0039851,-0.6269389940425754,(10:35) (Shotgun) 10-D.Maye scrambles right end ran ob at ATL 47 for 6 yards (20-D.Alford).
2025_09_BAL_MIA,2267.0,run,1.0,0.0,0.0,0.0,00-0034796,,00-0034796,00-0034796,2.1464769556187093,(13:35) (Shotgun) 8-L.Jackson scrambles left tackle to BAL 49 for 13 yards (25-T.Dodson). MIA-23-J.Jones was injured during the play.
2025_09_BAL_MIA,3377.0,run,1.0,0.0,0.0,0.0,00-0036212,,00-0036212,00-0036212,-1.4328270184341818,(12:24) (Shotgun) 1-T.Tagovailoa scrambles left end to BAL 38 for 1 yard (3-C.Awuzie).
2025_09_BAL_MIA,3564.0,run,1.0,0.0,0.0,0.0,00-0034796,,00-0034796,00-0034796,-0.28624170972034335,(9:39) 8-L.Jackson scrambles up the middle to BAL 34 for 3 yards (23-J.Jones).
2025_09_CAR_GB,557.0,run,1.0,0.0,0.0,0.0,00-0039150,,00-0039150,00-0039150,2.311536812223494,(3:47) 9-B.Young scrambles left end pushed ob at CAR 45 for 4 yards (56-E.Cooper).
2025_09_CAR_GB,2260.0,run,1.0,0.0,0.0,0.0,00-0039150,,00-0039150,00-0039150,1.250425938051194,(9:54) (Shotgun) 9-B.Young scrambles left tackle ran ob at CAR 45 for 5 yards (24-C.Valentine).
2025_09_CHI_CIN,402.0,run,1.0,0.0,0.0,0.0,00-0039918,,00-0039918,00-0039918,-0.06439608603250235,(10:15) 75-O.Trapilo reported in as eligible. 18-C.Williams scrambles left end pushed ob at CIN 3 for 5 yards (22-G.Stone).
2025_09_CHI_CIN,751.0,run,1.0,0.0,0.0,0.0,00-0039918,,00-0039918,00-0039918,0.8648511939682066,(5:03) (No Huddle) 18-C.Williams scrambles right end to CIN 48 for 13 yards (20-D.Turner).
2025_09_CHI_CIN,1829.0,run,1.0,0.0,0.0,0.0,00-0039918,,00-0039918,00-0039918,0.8044254542328417,(4:42) (Shotgun) 18-C.Williams scrambles left guard ran ob at CHI 41 for 13 yards (22-G.Stone).
2025_09_CHI_CIN,2364.0,run,1.0,0.0,0.0,0.0,00-0039918,,00-0039918,00-0039918,0.1458693835302256,(:38) (Shotgun) 18-C.Williams scrambles up the middle to CHI 48 for 8 yards (49-B.Carter).
2025_09_CHI_CIN,5047.0,run,1.0,0.0,0.0,0.0,00-0039918,,00-0039918,00-0039918,0.34399126190692186,(:35) (Shotgun) 18-C.Williams scrambles right end to CHI 42 for 14 yards (99-M.Murphy).
2025_09_DEN_HOU,717.0,run,1.0,0.0,0.0,1.0,00-0039163,,00-0039163,00-0039163,1.358798417786602,"(2:51) (Shotgun) 7-C.Stroud scrambles right end to DEN 2 for 6 yards (49-A.Singleton). PENALTY on DEN-22-B.Jones, Defensive Holding, 1 yard, enforced at DEN 2."
2025_09_DEN_HOU,1054.0,run,1.0,0.0,0.0,0.0,00-0039163,,00-0039163,00-0039163,-0.4857842265628278,(13:56) (Shotgun) 7-C.Stroud scrambles up the middle to HOU 29 for 6 yards (31-K.Abrams-Draine). HOU-7-C.Stroud was injured during the play.
2025_09_DEN_HOU,4086.0,run,1.0,0.0,0.0,0.0,00-0036898,,00-0036898,00-0036898,0.15154081024229527,(6:04) (Shotgun) 10-D.Mills scrambles left end to HOU 27 for 7 yards (49-A.Singleton; 9-T.Hufanga). ** Injury Update: DEN-51-Q.Robinson has returned to the game.
2025_09_DEN_HOU,4532.0,run,1.0,0.0,0.0,0.0,00-0039732,,00-0039732,00-0039732,1.8651982515584677,(:44) (Shotgun) 10-B.Nix scrambles left end ran ob at HOU 36 for 25 yards (29-M.Stewart).
2025_09_IND_PIT,1563.0,run,1.0,0.0,0.0,0.0,00-0023459,,00-0023459,00-0023459,-0.1522439586406108,(7:00) 8-A.Rodgers scrambles right end to IND 1 for 1 yard (40-J.Jones; 44-Z.Franklin).
2025_09_IND_PIT,3270.0,run,1.0,0.0,0.0,0.0,00-0035710,,00-0035710,00-0035710,-0.341927497764118,"(11:33) (Shotgun) 17-D.Jones scrambles up the middle to PIT 33 for 1 yard (51-N.Herbig, 6-P.Queen). FUMBLES (6-P.Queen), recovered by IND-84-T.Warren at PIT 33."
2025_09_JAX_LV,705.0,run,1.0,0.0,0.0,0.0,00-0036971,,00-0036971,00-0036971,-0.3160163280554116,(3:14) 16-T.Lawrence scrambles right end pushed ob at LV 4 for 3 yards (45-D.White).
2025_09_JAX_LV,2332.0,run,1.0,0.0,0.0,0.0,00-0036971,,00-0036971,00-0036971,-1.0791253495384585,(10:36) (Shotgun) 16-T.Lawrence scrambles up the middle to LV 15 for 1 yard (9-T.Wilson). ** Injury Update: JAX-84-H.Long has returned to the game.
2025_09_JAX_LV,3199.0,run,1.0,0.0,0.0,0.0,00-0030565,,00-0030565,00-0030565,-0.3519602604210377,(11:42) (Shotgun) 7-G.Smith scrambles up the middle to JAX 35 for 2 yards (51-V.Miller).
2025_09_JAX_LV,3853.0,run,1.0,0.0,0.0,0.0,00-0036971,,00-0036971,00-0036971,-0.2128983773291111,"(:52) (No Huddle, Shotgun) 16-T.Lawrence scrambles up the middle to 50 for 3 yards (45-D.White; 96-J.Laulu)."
2025_09_JAX_LV,3930.0,run,1.0,0.0,0.0,0.0,00-0036971,,00-0036971,00-0036971,0.12023675593081862,(:33) (Shotgun) 16-T.Lawrence scrambles right tackle to LV 30 for 5 yards (11-J.Chinn).
2025_09_JAX_LV,4499.0,run,1.0,0.0,0.0,0.0,00-0030565,,00-0030565,00-0030565,-0.1754722535260953,(1:17) (Shotgun) 7-G.Smith scrambles right tackle to JAX 19 for 4 yards (30-M.Brown).
2025_09_KC_BUF,3214.0,run,1.0,0.0,0.0,0.0,00-0033873,,00-0033873,00-0033873,0.560683838382829,(12:56) (Shotgun) 15-P.Mahomes scrambles up the middle to BUF 2 for 5 yards (50-G.Rousseau).
2025_09_KC_BUF,3324.0,run,1.0,0.0,0.0,0.0,00-0034857,,00-0034857,00-0034857,0.274398973910138,(11:21) 17-J.Allen scrambles right end to BUF 37 for 6 yards (32-N.Bolton).
2025_09_LAC_TEN,1707.0,run,1.0,0.0,0.0,0.0,00-0040676,,00-0040676,00-0040676,-0.3938655147794634,(6:33) (Shotgun) 1-C.Ward scrambles up the middle to LAC 41 for 6 yards (0-D.Henley; 46-N.Reed).
2025_09_LAC_TEN,2065.0,run,1.0,0.0,0.0,0.0,00-0036355,,00-0036355,00-0036355,1.5497603151015937,"(2:02) (No Huddle, Shotgun) 10-J.Herbert scrambles right end pushed ob at TEN 39 for 29 yards (50-C.Barton)."
2025_09_LAC_TEN,2875.0,run,1.0,0.0,0.0,0.0,00-0036355,,00-0036355,00-0036355,1.2608112543821335,(2:37) 10-J.Herbert scrambles up the middle to TEN 41 for 10 yards (92-J.Harrell; 50-C.Barton).
2025_09_LAC_TEN,3025.0,run,1.0,0.0,0.0,0.0,00-0036355,,00-0036355,00-0036355,0.16378632432315499,(15:00) (Shotgun) 10-J.Herbert scrambles right tackle pushed ob at TEN 10 for 7 yards (33-C.Gray).
2025_09_LAC_TEN,3099.0,run,1.0,0.0,0.0,0.0,00-0036355,,00-0036355,00-0036355,0.6342624083335977,"(13:02) (Shotgun) 10-J.Herbert scrambles right end for 1 yard, TOUCHDOWN."
2025_09_MIN_DET,2783.0,run,1.0,0.0,0.0,0.0,00-0039923,,00-0039923,00-0039923,3.057881342130713,"(6:13) (Shotgun) 9-J.McCarthy scrambles right end for 9 yards, TOUCHDOWN."
2025_09_SEA_WAS,62.0,run,1.0,0.0,0.0,0.0,00-0039910,,00-0039910,00-0039910,-0.17707438580691814,(14:55) (Shotgun) 5-J.Daniels scrambles left tackle to WAS 29 for 3 yards (99-L.Williams).
2025_09_SEA_WAS,84.0,run,1.0,0.0,0.0,0.0,00-0039910,,00-0039910,00-0039910,-0.31478620506823063,"(14:25) (No Huddle, Shotgun) 5-J.Daniels scrambles left guard to WAS 32 for 3 yards (7-U.Nwosu)."
2025_09_SEA_WAS,196.0,run,1.0,0.0,0.0,0.0,00-0039910,,00-0039910,00-0039910,-0.5336109390482306,"(12:41) (No Huddle, Shotgun) 5-J.Daniels scrambles right end pushed ob at WAS 30 for 4 yards (3-N.Emmanwori)."
2025_09_SEA_WAS,810.0,run,1.0,0.0,0.0,0.0,00-0039910,,00-0039910,00-0039910,0.4916266053915024,"(2:30) (No Huddle, Shotgun) 5-J.Daniels scrambles up the middle to WAS 28 for 6 yards (3-N.Emmanwori)."
2025_09_SEA_WAS,1713.0,run,1.0,0.0,0.0,0.0,00-0039910,,00-0039910,00-0039910,0.28682336781639606,"(4:28) (No Huddle, Shotgun) 5-J.Daniels scrambles right tackle to WAS 39 for 8 yards (21-D.Witherspoon)."
2025_09_SEA_WAS,1913.0,run,1.0,0.0,0.0,0.0,00-0039910,,00-0039910,00-0039910,2.251674055092735,"(1:04) (No Huddle, Shotgun) 5-J.Daniels scrambles right end pushed ob at SEA 1 for 12 yards (21-D.Witherspoon)."
2025_09_SEA_WAS,2611.0,run,1.0,0.0,0.0,0.0,00-0039910,,00-0039910,00-0039910,0.3643983374349773,"(8:30) (No Huddle, Shotgun) 5-J.Daniels scrambles up the middle to SEA 44 for 6 yards (99-L.Williams; 48-T.Knight)."
2025_09_SEA_WAS,2655.0,run,1.0,0.0,0.0,0.0,00-0039910,,00-0039910,00-0039910,-0.6829549289541319,"(7:23) (No Huddle, Shotgun) 5-J.Daniels scrambles right end ran ob at SEA 40 for 1 yard (53-B.Mafe)."
2025_09_SEA_WAS,2772.0,run,1.0,0.0,0.0,0.0,00-0039910,,00-0039910,00-0039910,-1.8935963793192059,"(5:49) (No Huddle, Shotgun) 5-J.Daniels scrambles right guard to SEA 39 for 7 yards (99-L.Williams)."
2025_09_SF_NYG,107.0,run,1.0,0.0,0.0,0.0,00-0040691,,00-0040691,00-0040691,1.5961730587296188,"(13:55) (No Huddle, Shotgun) 6-J.Dart scrambles up the middle to NYG 47 for 6 yards (48-T.Bethune)."
2025_09_SF_NYG,1363.0,run,1.0,0.0,0.0,0.0,00-0036972,,00-0036972,00-0036972,-0.5639607779448852,(7:14) 10-M.Jones scrambles up the middle to NYG 46 for 1 yard (24-D.Belton).
2025_09_SF_NYG,2404.0,run,1.0,0.0,0.0,1.0,00-0040691,,00-0040691,00-0040691,1.460028289235197,"(8:57) (No Huddle) 6-J.Dart scrambles left guard pushed ob at SF 30 for 18 yards (0-R.Green; 53-D.Winters). NYG-61-J.Schmitz was injured during the play. PENALTY on SF-20-U.Stout, Defensive Holding, 5 yards, enforced at SF 30."
2025_09_SF_NYG,2440.0,run,1.0,0.0,0.0,1.0,00-0040691,,00-0040691,00-0040691,0.8353300159214996,"(8:37) (Shotgun) 6-J.Dart scrambles up the middle to SF 19 for 6 yards (48-T.Bethune). PENALTY on SF-48-T.Bethune, Unnecessary Roughness, 10 yards, enforced at SF 19."
2025_09_SF_NYG,3535.0,run,1.0,0.0,0.0,0.0,00-0036972,,00-0036972,00-0036972,-0.7093144552782178,(5:04) 10-M.Jones scrambles left end to NYG 3 for 2 yards (58-B.Okereke).
2025_09_SF_NYG,3811.0,run,1.0,0.0,0.0,0.0,00-0040691,,00-0040691,00-0040691,1.4685051600681618,(1:56) (Shotgun) 6-J.Dart scrambles left end to SF 24 for 10 yards (48-T.Bethune).
2025_10_ARI_SEA,459.0,run,1.0,0.0,0.0,0.0,00-0033119,,00-0033119,00-0033119,0.45576775074005127,(9:17) (Shotgun) 7-J.Brissett scrambles right end to ARI 30 for 6 yards (48-T.Knight).
2025_10_ARI_SEA,1229.0,run,1.0,0.0,0.0,0.0,00-0033119,,00-0033119,00-0033119,0.7407739048358053,(13:36) (Shotgun) 7-J.Brissett scrambles right end ran ob at ARI 38 for 9 yards (48-T.Knight).
2025_10_ARI_SEA,1772.0,run,1.0,0.0,0.0,0.0,00-0033119,,00-0033119,00-0033119,-0.20811165042687207,(5:45) (Shotgun) 7-J.Brissett scrambles right end pushed ob at SEA 3 for 1 yard (21-D.Witherspoon).
2025_10_ARI_SEA,2667.0,run,1.0,0.0,0.0,0.0,00-0033119,,00-0033119,00-0033119,0.9855781926307827,"(14:03) (No Huddle, Shotgun) 7-J.Brissett scrambles right end ran ob at SEA 49 for 15 yards (3-N.Emmanwori)."
2025_10_ATL_IND,981.0,run,1.0,0.0,0.0,0.0,00-0035710,,00-0035710,00-0035710,0.1785373070742935,(2:03) (Shotgun) 17-D.Jones scrambles right end pushed ob at IND 13 for 3 yards (36-R.Harrison).
2025_10_ATL_IND,1031.0,run,1.0,0.0,0.0,0.0,00-0035710,,00-0035710,00-0035710,1.4494843548163772,(1:13) (Shotgun) 17-D.Jones scrambles up the middle to IND 26 for 13 yards (3-J.Bates).
2025_10_ATL_IND,1878.0,run,1.0,0.0,0.0,0.0,00-0035710,,00-0035710,00-0035710,0.3576779954601079,(1:26) (Shotgun) 17-D.Jones scrambles up the middle to IND 49 for 9 yards (31-X.Watts).
2025_10_ATL_IND,2758.0,run,1.0,0.0,0.0,0.0,00-0035710,,00-0035710,00-0035710,-0.36873789568198845,(2:14) (Shotgun) 17-D.Jones scrambles right end pushed ob at ATL 9 for 3 yards (3-J.Bates).
2025_10_ATL_IND,2785.0,run,1.0,0.0,0.0,0.0,00-0035710,,00-0035710,00-0035710,-0.38393258483847603,(1:35) (Shotgun) 17-D.Jones scrambles up the middle to ATL 5 for 4 yards (11-J.Walker).
2025_10_ATL_IND,3885.0,run,1.0,0.0,0.0,0.0,00-0035710,,00-0035710,00-0035710,0.40991556621156633,(1:27) (Shotgun) 17-D.Jones scrambles right end pushed ob at ATL 40 for 19 yards (3-J.Bates).
2025_10_BAL_MIN,1029.0,run,1.0,0.0,0.0,0.0,00-0039923,,00-0039923,00-0039923,-0.14048432523850352,(12:39) (Shotgun) 9-J.McCarthy scrambles up the middle to BAL 31 for 3 yards (45-M.Green).
2025_10_BAL_MIN,1150.0,run,1.0,0.0,0.0,0.0,00-0034796,,00-0034796,00-0034796,-0.45147657906636596,(10:51) 8-L.Jackson scrambles up the middle to BAL 32 for 2 yards (61-J.Redmond).
2025_10_BAL_MIN,1425.0,run,1.0,0.0,0.0,0.0,00-0034796,,00-0034796,00-0034796,0.9535605183336884,(6:06) (Shotgun) 8-L.Jackson scrambles up the middle to BAL 33 for 8 yards (55-E.Wilson).
2025_10_BAL_MIN,2400.0,run,1.0,0.0,0.0,0.0,00-0034796,,00-0034796,00-0034796,0.14876420458313078,(10:13) 8-L.Jackson scrambles right tackle to MIN 18 for 5 yards (61-J.Redmond).
2025_10_BAL_MIN,3990.0,run,1.0,0.0,0.0,0.0,00-0039923,,00-0039923,00-0039923,-0.11327701527625322,"(4:16) (No Huddle, Shotgun) 9-J.McCarthy scrambles right tackle to BAL 5 for 2 yards (53-K.Van Noy)."
2025_10_BAL_MIN,4403.0,run,1.0,0.0,0.0,0.0,00-0039923,,00-0039923,00-0039923,0.6514749376801774,(1:39) (Shotgun) 9-J.McCarthy scrambles right end to MIN 34 for 26 yards (12-A.Gilman).
2025_10_BAL_MIN,4497.0,run,1.0,0.0,0.0,0.0,00-0039923,,00-0039923,00-0039923,-0.2574512811261229,(:47) (Shotgun) 9-J.McCarthy scrambles left tackle to MIN 40 for 7 yards (38-K.Martin).
2025_10_BUF_MIA,2008.0,run,1.0,0.0,0.0,1.0,00-0034857,,00-0034857,00-0034857,1.3088052924722433,"(14:18) 17-J.Allen scrambles left end to BUF 26 for 5 yards (20-J.Brooks; 25-T.Dodson). PENALTY on MIA-2-B.Chubb, Defensive Holding, 5 yards, enforced at BUF 26."
2025_10_BUF_MIA,2312.0,run,1.0,0.0,0.0,0.0,00-0034857,,00-0034857,00-0034857,1.0446849953732453,(8:15) 17-J.Allen scrambles up the middle to MIA 7 for 9 yards (25-T.Dodson).
2025_10_BUF_MIA,3822.0,run,1.0,0.0,0.0,0.0,00-0033869,,00-0033869,00-0033869,-0.6325378366746008,(2:00) 11-M.Trubisky scrambles right end to BUF 37 for 4 yards (93-Z.Biggers).
2025_10_CLE_NYJ,484.0,run,1.0,0.0,0.0,1.0,00-0040704,,00-0040704,00-0040704,1.5632356304558925,"(7:49) (Shotgun) 8-D.Gabriel scrambles left end pushed ob at NYJ 17 for 8 yards (26-I.Oliver). PENALTY on NYJ-29-J.Brownlee, Defensive Holding, 5 yards, enforced at NYJ 17."
2025_10_CLE_NYJ,1086.0,run,1.0,0.0,0.0,0.0,00-0036945,,00-0036945,00-0036945,-0.089759960770607,(:55) (Shotgun) 7-J.Fields scrambles left tackle to NYJ 28 for 9 yards (30-D.Bush).
2025_10_CLE_NYJ,1708.0,run,1.0,0.0,0.0,1.0,00-0036945,,00-0036945,00-0036945,2.2956376297515817,"(6:24) (Shotgun) 7-J.Fields scrambles right tackle to CLE 16 for 13 yards (49-C.Schwesinger). PENALTY on CLE-49-C.Schwesinger, Unnecessary Roughness, 8 yards, enforced at CLE 16."
2025_10_CLE_NYJ,2656.0,run,1.0,0.0,0.0,0.0,00-0040704,,00-0040704,00-0040704,-0.3579410379752517,(8:50) (Shotgun) 8-D.Gabriel scrambles left end ran ob at CLE 38 for 8 yards (35-D.Clark).
2025_10_CLE_NYJ,3609.0,run,1.0,0.0,0.0,1.0,00-0040704,,00-0040704,00-0040704,2.552463560597971,"(5:39) (No Huddle, Shotgun) 8-D.Gabriel scrambles right end to CLE 43 for 19 yards (44-J.Sherwood). PENALTY on NYJ-29-J.Brownlee, Defensive Holding, 5 yards, enforced at CLE 43."
2025_10_CLE_NYJ,3642.0,run,1.0,0.0,0.0,1.0,00-0040704,,00-0040704,00-0040704,1.2298389986972325,"(5:22) (No Huddle, Shotgun) 8-D.Gabriel scrambles up the middle to NYJ 37 for 15 yards (26-I.Oliver; 22-T.Adams). PENALTY on NYJ-44-J.Sherwood, Defensive Holding, 5 yards, enforced at NYJ 37."
2025_10_CLE_NYJ,3748.0,run,1.0,0.0,0.0,0.0,00-0040704,,00-0040704,00-0040704,-0.10540087916888297,"(4:12) (No Huddle, Shotgun) 8-D.Gabriel scrambles left end pushed ob at NYJ 13 for 4 yards (22-T.Adams)."
2025_10_DET_WAS,1593.0,run,1.0,0.0,0.0,0.0,00-0032268,,00-0032268,00-0032268,0.6317202554200776,"(6:31) (No Huddle, Shotgun) 8-M.Mariota scrambles up the middle to DET 16 for 9 yards (29-A.Maddox)."
2025_10_DET_WAS,2556.0,run,1.0,0.0,0.0,0.0,00-0032268,,00-0032268,00-0032268,0.767139007570222,"(11:28) (No Huddle, Shotgun) 8-M.Mariota scrambles left end ran ob at WAS 46 for 9 yards (23-R.Ya-Sin)."
2025_10_JAX_HOU,839.0,run,1.0,0.0,0.0,0.0,00-0036898,,00-0036898,00-0036898,-0.9666193053126335,(2:55) (Shotgun) 10-D.Mills scrambles up the middle to HOU 49 for 6 yards (47-D.Gardeck).
2025_10_JAX_HOU,1657.0,run,1.0,0.0,0.0,0.0,00-0036971,,00-0036971,00-0036971,-0.4810837940312922,(5:51) (Shotgun) 16-T.Lawrence scrambles up the middle to HOU 44 for 5 yards (11-T.Smith).
2025_10_JAX_HOU,2518.0,run,1.0,0.0,0.0,0.0,00-0036971,,00-0036971,00-0036971,-0.10979881987441331,(11:50) (Shotgun) 16-T.Lawrence scrambles right guard to HOU 17 for 4 yards (92-D.Horton).
2025_10_JAX_HOU,3969.0,run,1.0,0.0,0.0,0.0,00-0036971,,00-0036971,00-0036971,-0.21666096220724285,(7:22) (Shotgun) 16-T.Lawrence scrambles left end ran ob at JAX 48 for 3 yards (72-T.Togiai).
2025_10_JAX_HOU,4470.0,run,1.0,0.0,0.0,0.0,00-0036898,,00-0036898,00-0036898,3.8593617918668315,"(:37) (Shotgun) 10-D.Mills scrambles left end for 14 yards, TOUCHDOWN."
2025_10_JAX_HOU,4558.0,run,1.0,0.0,0.0,0.0,00-0036971,,00-0036971,00-0036971,0.31061467539984733,(:22) (Shotgun) 16-T.Lawrence scrambles left end ran ob at JAX 45 for 21 yards (11-T.Smith).
2025_10_LV_DEN,151.0,run,1.0,0.0,0.0,0.0,00-0030565,,00-0030565,00-0030565,0.613885845290497,(12:25) 7-G.Smith scrambles right end to DEN 44 for 6 yards (22-B.Jones).
2025_10_LV_DEN,3256.0,run,1.0,0.0,0.0,0.0,00-0030565,,00-0030565,00-0030565,-0.39167136372998357,(15:00) 7-G.Smith scrambles right end to LV 32 for 1 yard (15-N.Bonitto). LV-7-G.Smith was injured during the play.
2025_10_NE_TB,778.0,run,1.0,0.0,0.0,0.0,00-0039851,,00-0039851,00-0039851,-0.9348493851721287,(2:23) (Shotgun) 10-D.Maye scrambles up the middle to NE 39 for 4 yards (95-E.Roberts).
2025_10_NE_TB,1633.0,run,1.0,0.0,0.0,0.0,00-0039851,,00-0039851,00-0039851,-0.4028584670741111,(5:02) (Shotgun) 10-D.Maye scrambles right end to NE 45 for 3 yards (54-L.David).
2025_10_NE_TB,2929.0,run,1.0,0.0,0.0,0.0,00-0039851,,00-0039851,00-0039851,-1.280661752447486,(1:52) (Shotgun) 10-D.Maye scrambles right end pushed ob at TB 42 for 5 yards (0-Y.Diaby). NE-32-T.Henderson was injured during the play.
2025_10_NE_TB,3492.0,run,1.0,0.0,0.0,1.0,00-0039851,,00-0039851,00-0039851,0.7556798898731358,"(6:39) 10-D.Maye scrambles right end to TB 6 for 2 yards (43-C.Braswell; 23-T.Smith). PENALTY on TB-43-C.Braswell, Defensive Holding, 3 yards, enforced at TB 6."
2025_10_NO_CAR,1203.0,run,1.0,0.0,0.0,0.0,00-0040743,,00-0040743,00-0040743,-0.31405040505342185,(10:12) (Shotgun) 6-T.Shough scrambles up the middle to NO 38 for 3 yards (32-T.Wallace).
2025_10_NYG_CHI,1569.0,run,1.0,0.0,0.0,0.0,00-0039918,,00-0039918,00-0039918,0.2487626723595895,(4:44) 18-C.Williams scrambles right end to 50 for 6 yards (33-D.Flannigan-Fowles).
2025_10_NYG_CHI,2205.0,run,1.0,0.0,0.0,0.0,00-0040691,,00-0040691,00-0040691,-0.0333263180218637,(13:42) 6-J.Dart scrambles left end to CHI 40 for 4 yards (35-C.Gardner-Johnson).
2025_10_NYG_CHI,2374.0,run,1.0,0.0,0.0,0.0,00-0039918,,00-0039918,00-0039918,1.3467472593765706,(10:52) (Shotgun) 18-C.Williams scrambles right end to CHI 36 for 5 yards (24-D.Belton).
2025_10_NYG_CHI,3340.0,run,1.0,0.0,0.0,0.0,00-0029263,,00-0029263,00-0029263,-1.9751654924454636,(11:06) 3-R.Wilson scrambles up the middle to CHI 1 for 1 yard (99-G.Dexter; 96-J.Ford).
2025_10_NYG_CHI,3709.0,run,1.0,0.0,0.0,0.0,00-0039918,,00-0039918,00-0039918,0.1773646748624742,(6:13) (Shotgun) 18-C.Williams scrambles right guard to CHI 16 for 7 yards (33-D.Flannigan-Fowles). ** Injury Update: NYG-5-K.Thibodeaux has returned to the game.
2025_10_NYG_CHI,3931.0,run,1.0,0.0,0.0,0.0,00-0039918,,00-0039918,00-0039918,2.5216094846546184,"(4:31) (No Huddle, Shotgun) 18-C.Williams scrambles left end to NYG 2 for 29 yards (22-A.Phillips)."
2025_10_NYG_CHI,4194.0,run,1.0,0.0,0.0,0.0,00-0039918,,00-0039918,00-0039918,3.116280970571097,"(1:54) 18-C.Williams scrambles left end for 17 yards, TOUCHDOWN."
2025_10_NYG_CHI,4279.0,run,1.0,0.0,0.0,0.0,00-0029263,,00-0029263,00-0029263,0.7143033551983535,(1:41) (Shotgun) 3-R.Wilson scrambles right end to NYG 46 for 11 yards (49-T.Edmunds).
2025_10_PHI_GB,808.0,run,1.0,0.0,0.0,0.0,00-0036264,,00-0036264,00-0036264,0.3067723629064858,(:05) (Shotgun) 10-J.Love scrambles right end to GB 45 for 12 yards (3-N.Smith).
2025_10_PHI_GB,1618.0,run,1.0,0.0,0.0,0.0,00-0036389,,00-0036389,00-0036389,-0.5932123024249449,(2:58) (Shotgun) 1-J.Hurts scrambles up the middle to PHI 43 for 4 yards (25-K.Nixon).
2025_10_PHI_GB,1786.0,run,1.0,0.0,0.0,0.0,00-0036264,,00-0036264,00-0036264,0.5584970201016404,"(1:00) (No Huddle, Shotgun) 10-J.Love scrambles left tackle ran ob at PHI 41 for 9 yards (17-N.Dean)."
2025_10_PHI_GB,1951.0,run,1.0,0.0,0.0,0.0,00-0036389,,00-0036389,00-0036389,-0.08298610764904879,(:23) (Shotgun) 1-J.Hurts scrambles left tackle ran ob at PHI 39 for 4 yards (94-K.Brooks).
2025_10_PHI_GB,2250.0,run,1.0,0.0,0.0,0.0,00-0036389,,00-0036389,00-0036389,0.24891879328060895,(11:29) (Shotgun) 1-J.Hurts scrambles left tackle pushed ob at GB 17 for 6 yards (95-D.Wyatt).
2025_10_PHI_GB,2536.0,run,1.0,0.0,0.0,0.0,00-0036264,,00-0036264,00-0036264,-0.1476628517266363,(5:37) 10-J.Love scrambles up the middle to PHI 41 for 5 yards (53-Z.Baun).
2025_10_PIT_LAC,735.0,run,1.0,0.0,0.0,0.0,00-0036355,,00-0036355,00-0036355,-0.4536322222556919,(4:24) (Shotgun) 10-J.Herbert scrambles right guard to LAC 40 for 3 yards (6-P.Queen).
2025_10_PIT_LAC,2885.0,run,1.0,0.0,0.0,0.0,00-0036355,,00-0036355,00-0036355,2.1744051028508693,(4:02) (Shotgun) 10-J.Herbert scrambles right tackle to PIT 45 for 15 yards (6-P.Queen; 42-J.Pierre).
2025_11_BAL_CLE,462.0,run,1.0,0.0,0.0,0.0,00-0034796,,00-0034796,00-0034796,2.3725433037034236,(7:04) (Shotgun) 8-L.Jackson scrambles up the middle to CLE 4 for 13 yards (49-C.Schwesinger).
2025_11_BAL_CLE,1568.0,run,1.0,0.0,0.0,0.0,00-0040704,,00-0040704,00-0040704,-1.074950038571842,(2:50) (Shotgun) 8-D.Gabriel scrambles left end pushed ob at CLE 36 for 1 yard (32-T.Simpson).
2025_11_BAL_CLE,2694.0,run,1.0,0.0,0.0,0.0,00-0040668,,00-0040668,00-0040668,1.132631452055648,(3:40) (Shotgun) 12-S.Sanders scrambles up the middle to CLE 35 for 5 yards (45-M.Green; 0-R.Smith).
2025_11_BAL_CLE,3076.0,run,1.0,0.0,0.0,0.0,00-0040668,,00-0040668,00-0040668,-1.0696780136786401,(11:48) (Shotgun) 12-S.Sanders scrambles left end ran ob at BAL 40 for 6 yards (38-K.Martin).
2025_11_BAL_CLE,3760.0,run,1.0,0.0,0.0,0.0,00-0040668,,00-0040668,00-0040668,0.23913444532081485,(1:42) (Shotgun) 12-S.Sanders scrambles up the middle to BAL 25 for 5 yards (14-K.Hamilton).
2025_11_CAR_ATL,2605.0,run,1.0,0.0,0.0,0.0,00-0039917,,00-0039917,00-0039917,0.9993381411768496,(6:04) (Shotgun) 9-M.Penix scrambles right tackle ran ob at ATL 31 for 9 yards (11-N.Scourton).
2025_11_CHI_MIN,1107.0,run,1.0,0.0,0.0,0.0,00-0039918,,00-0039918,00-0039918,0.2920888843946159,(13:20) 75-O.Trapilo reported in as eligible. 18-C.Williams scrambles right end ran ob at CHI 33 for 7 yards (0-I.Pace; 61-J.Redmond).
2025_11_CHI_MIN,2732.0,run,1.0,0.0,0.0,0.0,00-0039918,,00-0039918,00-0039918,1.0410283298697323,(5:42) 18-C.Williams scrambles right end ran ob at CHI 49 for 16 yards (55-E.Wilson).
2025_11_CIN_PIT,1888.0,run,1.0,0.0,0.0,0.0,00-0023459,,00-0023459,00-0023459,0.6398022032226436,(1:37) (Shotgun) 8-A.Rodgers scrambles right end to PIT 21 for 8 yards (29-C.Taylor-Britt).
2025_11_DAL_LV,1103.0,run,1.0,0.0,0.0,0.0,00-0030565,,00-0030565,00-0030565,0.2817068235017359,(14:47) (Shotgun) 7-G.Smith scrambles up the middle to LV 38 for 7 yards (50-S.James).
2025_11_DAL_LV,3204.0,run,1.0,0.0,0.0,0.0,00-0030565,,00-0030565,00-0030565,-0.3079302202677354,(:13) (Shotgun) 7-G.Smith scrambles left tackle to DAL 19 for 1 yard (42-J.Clowney).
2025_11_DAL_LV,3271.0,run,1.0,0.0,0.0,0.0,00-0030565,,00-0030565,00-0030565,2.8780481262365356,(14:14) (Shotgun) 7-G.Smith scrambles left guard to DAL 6 for 7 yards (27-R.Steward).
2025_11_DET_PHI,231.0,run,1.0,0.0,0.0,0.0,00-0036389,,00-0036389,00-0036389,-1.257565748412162,(13:16) (Shotgun) 1-J.Hurts scrambles up the middle to PHI 43 for 1 yard (96-A.Muhammad).
2025_11_DET_PHI,3119.0,run,1.0,0.0,0.0,0.0,00-0036389,,00-0036389,00-0036389,-0.35949004581198096,(15:00) (Shotgun) 1-J.Hurts scrambles left tackle pushed ob at PHI 44 for 7 yards (46-J.Campbell).
2025_11_GB_NYG,842.0,run,1.0,0.0,0.0,0.0,00-0036264,,00-0036264,00-0036264,-0.48560720682144165,(3:20) (Shotgun) 10-J.Love scrambles right end to NYG 40 for 4 yards (33-D.Flannigan-Fowles). GB-10-J.Love was injured during the play.
2025_11_HOU_TEN,1906.0,run,1.0,0.0,0.0,0.0,00-0036898,,00-0036898,00-0036898,-0.1259538398589939,(1:08) (Shotgun) 10-D.Mills scrambles left end pushed ob at HOU 45 for 10 yards (39-D.Baker).
2025_11_HOU_TEN,2446.0,run,1.0,0.0,0.0,0.0,00-0036898,,00-0036898,00-0036898,-0.015583615051582456,"(9:08) (No Huddle, Shotgun) 10-D.Mills scrambles up the middle to TEN 24 for 4 yards (33-C.Gray)."
2025_11_HOU_TEN,3088.0,run,1.0,0.0,0.0,0.0,00-0040676,,00-0040676,00-0040676,1.4144625880289823,(15:00) (Shotgun) 1-C.Ward scrambles up the middle to TEN 42 for 10 yards (30-J.Mills).
2025_11_HOU_TEN,3925.0,run,1.0,0.0,0.0,1.0,00-0040676,,00-0040676,00-0040676,1.2870046506868675,"(2:50) (Shotgun) 1-C.Ward scrambles up the middle to HOU 45 for 20 yards (4-K.Lassiter). PENALTY on HOU-96-D.Autry, Illegal Use of Hands, 5 yards, enforced at HOU 45."
2025_11_HOU_TEN,4064.0,run,1.0,0.0,0.0,0.0,00-0040676,,00-0040676,00-0040676,0.14319350774167106,(1:49) (Shotgun) 1-C.Ward scrambles up the middle to HOU 4 for 3 yards (97-M.Edwards).
2025_11_KC_DEN,936.0,run,1.0,0.0,0.0,0.0,00-0033873,,00-0033873,00-0033873,-0.33135655929800123,(1:40) (Shotgun) 15-P.Mahomes scrambles right guard to DEN 18 for 3 yards (40-J.Strnad; 15-N.Bonitto).
2025_11_KC_DEN,1973.0,run,1.0,0.0,0.0,0.0,00-0039732,,00-0039732,00-0039732,0.11453936074394733,(1:46) (Shotgun) 10-B.Nix scrambles up the middle to DEN 35 for 8 yards (32-N.Bolton).
2025_11_LAC_JAX,176.0,run,1.0,0.0,0.0,0.0,00-0036971,,00-0036971,00-0036971,-0.20367833925411105,(13:28) (Shotgun) 16-T.Lawrence scrambles right tackle to JAX 16 for 4 yards (6-D.Perryman).
2025_11_LAC_JAX,488.0,run,1.0,0.0,0.0,0.0,00-0036355,,00-0036355,00-0036355,0.06008829374331981,(6:27) (Shotgun) 10-J.Herbert scrambles left tackle to JAX 33 for 4 yards (23-F.Oluokun).
2025_11_LAC_JAX,539.0,run,1.0,0.0,0.0,0.0,00-0036355,,00-0036355,00-0036355,0.1397746083093807,(5:00) (Shotgun) 10-J.Herbert scrambles up the middle to JAX 25 for 5 yards (23-F.Oluokun).
2025_11_LAC_JAX,1098.0,run,1.0,0.0,0.0,0.0,00-0036355,,00-0036355,00-0036355,0.8192831260384992,(11:42) (Shotgun) 10-J.Herbert scrambles left end ran ob at JAX 28 for 12 yards (21-C.Braswell; 22-J.Jones).
2025_11_LAC_JAX,2028.0,run,1.0,0.0,0.0,0.0,00-0036971,,00-0036971,00-0036971,-0.88423454714939,(12:17) (Shotgun) 16-T.Lawrence scrambles left guard to LAC 44 for 1 yard (92-J.Eboigbe).
2025_11_NYJ_NE,137.0,run,1.0,0.0,0.0,0.0,00-0036945,,00-0036945,00-0036945,0.25031670625321567,(13:04) 7-J.Fields scrambles right end to NE 46 for 6 yards (2-H.Landry).
2025_11_NYJ_NE,181.0,run,1.0,0.0,0.0,0.0,00-0036945,,00-0036945,00-0036945,1.9148633893346414,(11:40) (Shotgun) 7-J.Fields scrambles left end pushed ob at NE 32 for 14 yards (14-R.Spillane). NE-97-M.Williams was injured during the play.
2025_11_NYJ_NE,643.0,run,1.0,0.0,0.0,0.0,00-0039851,,00-0039851,00-0039851,0.010511687491089106,(2:31) (Shotgun) 10-D.Maye scrambles up the middle to NYJ 24 for 4 yards (27-M.Moore).
2025_11_NYJ_NE,1001.0,run,1.0,0.0,0.0,0.0,00-0039851,,00-0039851,00-0039851,-0.6194886760786176,(11:24) (Shotgun) 10-D.Maye scrambles up the middle to NE 43 for 1 yard (56-Q.Williams).
2025_11_NYJ_NE,3592.0,run,1.0,0.0,0.0,0.0,00-0036945,,00-0036945,00-0036945,1.6147223924053833,(5:17) (Shotgun) 7-J.Fields scrambles left end pushed ob at NYJ 45 for 8 yards (0-C.Gonzalez).
2025_11_NYJ_NE,3720.0,run,1.0,0.0,0.0,0.0,00-0036945,,00-0036945,00-0036945,1.2336997667443939,(3:30) (Shotgun) 7-J.Fields scrambles left tackle ran ob at NE 21 for 12 yards (7-C.Davis).
2025_11_SEA_LA,3831.0,run,1.0,0.0,0.0,0.0,00-0034869,,00-0034869,00-0034869,0.47511268383823335,"(4:16) (No Huddle, Shotgun) 14-S.Darnold scrambles up the middle to LA 25 for 8 yards (3-K.Curl)."
2025_11_TB_BUF,1013.0,run,1.0,0.0,0.0,0.0,00-0034855,,00-0034855,00-0034855,-0.08288512617582455,(13:38) (Shotgun) 6-B.Mayfield scrambles right tackle pushed ob at BUF 11 for 6 yards (7-Ta.Johnson).
2025_11_TB_BUF,1065.0,run,1.0,0.0,0.0,0.0,00-0034855,,00-0034855,00-0034855,3.343630781164393,"(12:04) (Shotgun) 6-B.Mayfield scrambles right end for 4 yards, TOUCHDOWN."
2025_11_TB_BUF,1564.0,run,1.0,0.0,0.0,0.0,00-0034857,,00-0034857,00-0034857,-0.43225521477870643,(5:17) (Shotgun) 17-J.Allen scrambles right tackle to TB 43 for 8 yards (0-Y.Diaby).
2025_11_TB_BUF,2332.0,run,1.0,0.0,0.0,1.0,00-0034857,,00-0034857,00-0034857,-0.7146714124828577,"(13:22) (Shotgun) 17-J.Allen scrambles up the middle to 50 for 12 yards. PENALTY on BUF-17-J.Allen, Illegal Forward Pass, 5 yards, enforced at 50."
2025_11_TB_BUF,2624.0,run,1.0,0.0,0.0,0.0,00-0034855,,00-0034855,00-0034855,1.4078160565113649,(8:20) (Shotgun) 6-B.Mayfield scrambles right tackle pushed ob at BUF 6 for 8 yards (8-T.Bernard).
2025_11_TB_BUF,3166.0,run,1.0,0.0,0.0,0.0,00-0034855,,00-0034855,00-0034855,1.7629608293063939,(:13) (Shotgun) 6-B.Mayfield scrambles right tackle to BUF 37 for 8 yards (24-C.Bishop).
2025_11_WAS_MIA,3053.0,run,1.0,0.0,0.0,0.0,00-0032268,,00-0032268,00-0032268,4.14017836144194,"(10:49) (No Huddle, Shotgun) 8-M.Mariota scrambles right tackle pushed ob at MIA 15 for 44 yards (20-J.Brooks)."
2025_12_ATL_NO,2236.0,run,1.0,0.0,0.0,0.0,00-0029604,,00-0029604,00-0029604,0.08065286319470033,(:27) (Shotgun) 18-K.Cousins scrambles right tackle to NO 40 for 6 yards (21-J.Reid; 56-D.Davis).
2025_12_ATL_NO,2766.0,run,1.0,0.0,0.0,0.0,00-0040743,,00-0040743,00-0040743,-0.3087207638891414,(8:17) (Shotgun) 6-T.Shough scrambles left end to ATL 1 for 1 yard (3-J.Bates).
2025_12_ATL_NO,3892.0,run,1.0,0.0,0.0,0.0,00-0040743,,00-0040743,00-0040743,0.6739590949146077,"(4:35) (No Huddle, Shotgun) 6-T.Shough scrambles right guard to NO 34 for 11 yards (20-D.Alford)."
2025_12_BUF_HOU,805.0,run,1.0,0.0,0.0,0.0,00-0034857,,00-0034857,00-0034857,-1.1760678384453058,(3:13) (Shotgun) 17-J.Allen scrambles up the middle to BUF 18 for 2 yards (51-W.Anderson). BUF-17-J.Allen was injured during the play.
2025_12_BUF_HOU,1545.0,run,1.0,0.0,0.0,0.0,,,00-0038618,00-0038618,0.9142109247040935,(6:02) 19-X.Hutchinson scrambles left end pushed ob at BUF 4 for 9 yards (24-C.Bishop; 7-Ta.Johnson).
2025_12_BUF_HOU,2265.0,run,1.0,0.0,0.0,0.0,00-0034857,,00-0034857,00-0034857,-0.45553435618057847,(13:31) (Shotgun) 17-J.Allen scrambles right tackle to BUF 41 for 2 yards (72-T.Togiai; 55-D.Hunter).
2025_12_BUF_HOU,3143.0,run,1.0,0.0,0.0,0.0,00-0034857,,00-0034857,00-0034857,2.5836780646350235,(14:21) (Shotgun) 17-J.Allen scrambles right end to BUF 46 for 14 yards (4-K.Lassiter).
2025_12_CAR_SF,629.0,run,1.0,0.0,0.0,0.0,00-0039150,,00-0039150,00-0039150,0.10120158124482259,(3:29) 9-B.Young scrambles right end ran ob at SF 11 for 5 yards (25-J.Pinnock).
2025_12_CAR_SF,678.0,run,1.0,0.0,0.0,0.0,00-0039150,,00-0039150,00-0039150,1.6550100182648748,(2:08) (Shotgun) 9-B.Young scrambles right end to SF 1 for 7 yards (6-M.Mustapha).
2025_12_CAR_SF,942.0,run,1.0,0.0,0.0,0.0,00-0037834,,00-0037834,00-0037834,1.0561835429398343,(11:11) (Shotgun) 13-B.Purdy scrambles right tackle to CAR 32 for 9 yards (94-A.Robinson).
2025_12_CAR_SF,1332.0,run,1.0,0.0,0.0,0.0,00-0039150,,00-0039150,00-0039150,-0.4771519856294617,(4:24) 9-B.Young scrambles right end pushed ob at SF 9 for 1 yard (91-S.Okuayinonu).
2025_12_CAR_SF,3092.0,run,1.0,0.0,0.0,0.0,00-0039150,,00-0039150,00-0039150,-0.3203464786056429,(7:13) (Shotgun) 9-B.Young scrambles left end ran ob at SF 33 for 2 yards (92-J.Elliott).
2025_12_CLE_LV,202.0,run,1.0,0.0,0.0,0.0,00-0030565,,00-0030565,00-0030565,1.3904571989551187,(12:09) (Shotgun) 7-G.Smith scrambles left end to LV 25 for 4 yards (33-R.Hickman).
2025_12_CLE_LV,3782.0,run,1.0,0.0,0.0,0.0,00-0030565,,00-0030565,00-0030565,-0.28465520549798384,(6:00) (Shotgun) 7-G.Smith scrambles up the middle to CLE 5 for 9 yards (49-C.Schwesinger).
2025_12_IND_KC,1050.0,run,1.0,0.0,0.0,0.0,00-0035710,,00-0035710,00-0035710,0.5478742283303291,(13:26) (Shotgun) 17-D.Jones scrambles right end ran ob at IND 38 for 4 yards (97-A.Gillotte).
2025_12_IND_KC,1298.0,run,1.0,0.0,0.0,0.0,00-0033873,,00-0033873,00-0033873,1.1973726695869118,(9:03) (Shotgun) 15-P.Mahomes scrambles left guard to KC 34 for 6 yards (58-A.Ajiake).
2025_12_IND_KC,2708.0,run,1.0,0.0,0.0,0.0,00-0033873,,00-0033873,00-0033873,-0.4560327788349241,(7:19) (Shotgun) 15-P.Mahomes scrambles right guard to KC 43 for 2 yards (52-S.Ebukam).
2025_12_IND_KC,2905.0,run,1.0,0.0,0.0,0.0,00-0035710,,00-0035710,00-0035710,1.4947259243344888,(3:43) (Shotgun) 17-D.Jones scrambles left end to KC 23 for 13 yards (21-J.Hicks).
2025_12_IND_KC,3524.0,run,1.0,0.0,0.0,0.0,00-0033873,,00-0033873,00-0033873,1.3061331255594268,(11:51) (Shotgun) 15-P.Mahomes scrambles right end ran ob at IND 32 for 13 yards (51-K.Paye).
2025_12_IND_KC,3644.0,run,1.0,0.0,0.0,0.0,00-0033873,,00-0033873,00-0033873,1.0443143947049975,(9:29) (Shotgun) 15-P.Mahomes scrambles right guard to IND 2 for 9 yards (53-G.Pratt).
2025_12_JAX_ARI,894.0,run,1.0,0.0,0.0,0.0,00-0036971,,00-0036971,00-0036971,2.4749280107207596,(1:44) (Shotgun) 16-T.Lawrence scrambles left end ran ob at ARI 43 for 19 yards (21-G.Williams).
2025_12_JAX_ARI,1727.0,run,1.0,0.0,0.0,0.0,00-0033119,,00-0033119,00-0033119,1.1486013184767216,(4:20) (Shotgun) 7-J.Brissett scrambles right end to ARI 25 for 6 yards (22-J.Jones; 47-D.Gardeck).
2025_12_JAX_ARI,3056.0,run,1.0,0.0,0.0,0.0,00-0036971,,00-0036971,00-0036971,-0.11348971398547292,(4:20) 64-W.Milum reported in as eligible. 16-T.Lawrence scrambles up the middle to JAX 30 for 4 yards (55-D.Stills; 27-A.Davis-Gaither).
2025_12_JAX_ARI,4161.0,run,1.0,0.0,0.0,0.0,00-0033119,,00-0033119,00-0033119,-0.30843618977814913,(2:16) (Shotgun) 7-J.Brissett scrambles right end pushed ob at ARI 28 for 9 yards (47-D.Gardeck).
2025_12_JAX_ARI,4862.0,run,1.0,0.0,0.0,0.0,00-0033119,,00-0033119,00-0033119,1.2527463510632515,(6:41) (Shotgun) 7-J.Brissett scrambles left end ran ob at ARI 38 for 5 yards (98-D.Smoot).
2025_12_MIN_GB,1929.0,run,1.0,0.0,0.0,0.0,00-0036264,,00-0036264,00-0036264,0.8066862518899143,(13:57) 70-D.Kinnard reported in as eligible. 10-J.Love scrambles right end ran ob at MIN 45 for 13 yards (51-B.Cashman).
2025_12_MIN_GB,3270.0,run,1.0,0.0,0.0,0.0,00-0039923,,00-0039923,00-0039923,0.5741525946650654,"(5:01) (No Huddle, Shotgun) 9-J.McCarthy scrambles left end to MIN 28 for 10 yards (58-I.McDuffie; 36-K.Hadden)."
2025_12_NE_CIN,1185.0,run,1.0,0.0,0.0,0.0,00-0039851,,00-0039851,00-0039851,1.175536061404273,(12:21) (Shotgun) 10-D.Maye scrambles left tackle to CIN 48 for 5 yards (90-K.Jenkins).
2025_12_NE_CIN,1914.0,run,1.0,0.0,0.0,0.0,00-0039851,,00-0039851,00-0039851,-0.2953215575176631,(:42) (Shotgun) 10-D.Maye scrambles left end to CIN 23 for 6 yards (44-D.Knight).
2025_12_NE_CIN,3476.0,run,1.0,0.0,0.0,0.0,00-0039851,,00-0039851,00-0039851,1.176300294115208,(9:41) (Shotgun) 10-D.Maye scrambles right end to CIN 19 for 12 yards (99-M.Murphy).
2025_12_NYG_DET,4736.0,run,1.0,0.0,0.0,0.0,00-0031503,,00-0031503,00-0031503,3.2778392552863806,"(8:43) (Shotgun) 19-J.Winston scrambles left end ran ob at NYG 41 for 11 yards (32-B.Branch). Penalty on DET-54-A.McNeill, Defensive Offside, declined."
2025_12_NYJ_BAL,259.0,run,1.0,0.0,0.0,0.0,00-0034796,,00-0034796,00-0034796,0.09325490007176995,(11:19) (Shotgun) 8-L.Jackson scrambles right end to BAL 35 for 6 yards (26-I.Oliver).
2025_12_NYJ_BAL,1170.0,run,1.0,0.0,0.0,0.0,00-0028118,,00-0028118,00-0028118,0.9621170940808952,(8:35) (Shotgun) 2-T.Taylor scrambles right end to NYJ 49 for 8 yards (0-R.Smith).
2025_12_NYJ_BAL,1502.0,run,1.0,0.0,0.0,0.0,00-0034796,,00-0034796,00-0034796,-0.3871493340120651,(2:55) 8-L.Jackson scrambles right guard to NYJ 33 for 1 yard (91-J.Briggs).
2025_12_NYJ_BAL,1604.0,run,1.0,0.0,0.0,0.0,00-0034796,,00-0034796,00-0034796,-0.9800220840596499,(1:46) (Shotgun) 8-L.Jackson scrambles left tackle to NYJ 13 for 1 yard (44-J.Sherwood; 11-J.Johnson).
2025_12_NYJ_BAL,2165.0,run,1.0,0.0,0.0,0.0,00-0034796,,00-0034796,00-0034796,0.06152680853847414,(10:11) 8-L.Jackson scrambles right end pushed ob at NYJ 3 for 3 yards (22-T.Adams).
2025_12_NYJ_BAL,2695.0,run,1.0,0.0,0.0,0.0,00-0028118,,00-0028118,00-0028118,1.7986718073952943,(2:22) (Shotgun) 2-T.Taylor scrambles right end to BAL 49 for 8 yards (32-T.Simpson; 0-R.Smith).
2025_12_NYJ_BAL,3098.0,run,1.0,0.0,0.0,0.0,00-0034796,,00-0034796,00-0034796,-0.6487111882306635,(10:29) (Shotgun) 8-L.Jackson scrambles left guard to NYJ 17 for 2 yards (56-Q.Williams).
2025_12_NYJ_BAL,3497.0,run,1.0,0.0,0.0,0.0,00-0028118,,00-0028118,00-0028118,-0.4301623422652483,(3:11) (Shotgun) 2-T.Taylor scrambles left tackle to NYJ 6 for 1 yard (14-K.Hamilton). BAL-14-K.Hamilton was injured during the play.
2025_12_PHI_DAL,131.0,run,1.0,0.0,0.0,0.0,00-0033077,,00-0033077,00-0033077,-0.6185130465310067,(13:20) 4-D.Prescott scrambles left end to DAL 47 for 2 yards (98-J.Carter).
2025_12_PHI_DAL,3036.0,run,1.0,0.0,0.0,0.0,00-0036389,,00-0036389,00-0036389,-1.1218260303139687,(5:07) (Shotgun) 1-J.Hurts scrambles left tackle pushed ob at PHI 48 for 4 yards (42-J.Clowney).
2025_12_PHI_DAL,3710.0,run,1.0,0.0,0.0,0.0,00-0033077,,00-0033077,00-0033077,1.9636517947656102,"(11:48) (Shotgun) 4-D.Prescott scrambles left tackle for 8 yards, TOUCHDOWN."
2025_12_PHI_DAL,3778.0,run,1.0,0.0,0.0,0.0,00-0036389,,00-0036389,00-0036389,0.37621018616482615,(11:35) (Shotgun) 1-J.Hurts scrambles right guard to PHI 38 for 7 yards (0-D.Overshown).
2025_12_PHI_DAL,3850.0,run,1.0,0.0,0.0,0.0,00-0036389,,00-0036389,00-0036389,1.0469959353795275,"(9:38) (No Huddle, Shotgun) 1-J.Hurts scrambles right tackle to DAL 31 for 8 yards (28-M.Hooker; 97-O.Odighizuwa)."
2025_12_PHI_DAL,4207.0,run,1.0,0.0,0.0,0.0,00-0033077,,00-0033077,00-0033077,-0.07977788397693075,(4:35) 4-D.Prescott scrambles right end to PHI 1 for 1 yard (3-N.Smith; 33-C.DeJean).
2025_12_PIT_CHI,269.0,run,1.0,0.0,0.0,0.0,00-0039918,,00-0039918,00-0039918,0.6724346859846264,(12:30) (Shotgun) 18-C.Williams scrambles right tackle pushed ob at PIT 47 for 9 yards (24-J.Porter).
2025_12_PIT_CHI,1140.0,run,1.0,0.0,0.0,0.0,00-0039918,,00-0039918,00-0039918,-0.005805058171972632,(13:15) (Shotgun) 18-C.Williams scrambles right tackle ran ob at CHI 48 for 5 yards (6-P.Queen).
2025_12_PIT_CHI,2432.0,run,1.0,0.0,0.0,0.0,00-0034771,,00-0034771,00-0034771,0.0508347125723958,(14:15) 74-S.Anderson reported in as eligible. 2-M.Rudolph scrambles right end to PIT 34 for 3 yards (45-A.Ogbongbemiga).
2025_12_SEA_TEN,85.0,run,1.0,0.0,0.0,0.0,00-0040676,,00-0040676,00-0040676,1.2892377281095833,(14:14) (Shotgun) 1-C.Ward scrambles up the middle to 50 for 14 yards (3-N.Emmanwori).
2025_12_SEA_TEN,320.0,run,1.0,0.0,0.0,0.0,00-0040676,,00-0040676,00-0040676,0.08672259195009246,(9:40) (Shotgun) 1-C.Ward scrambles left tackle to SEA 12 for 4 yards (42-D.Thomas).
2025_12_SEA_TEN,1207.0,run,1.0,0.0,0.0,0.0,00-0040676,,00-0040676,00-0040676,-0.33219600515440106,(10:56) (Shotgun) 1-C.Ward scrambles up the middle to TEN 18 for 3 yards (91-B.Murphy).
2025_12_SEA_TEN,4046.0,run,1.0,0.0,0.0,0.0,00-0040676,,00-0040676,00-0040676,2.465956577914767,(2:59) (Shotgun) 1-C.Ward scrambles up the middle to SEA 32 for 9 yards (42-D.Thomas).
2025_12_TB_LA,131.0,run,1.0,0.0,0.0,0.0,00-0034855,,00-0034855,00-0034855,-0.2198485224507749,(12:53) (Shotgun) 6-B.Mayfield scrambles right end to TB 43 for 3 yards (91-K.Turner).
2025_12_TB_LA,1292.0,run,1.0,0.0,0.0,0.0,00-0034855,,00-0034855,00-0034855,1.7007446389179677,(10:00) (Shotgun) 6-B.Mayfield scrambles up the middle to TB 48 for 9 yards (30-J.Wallace).
2025_12_TB_LA,1361.0,run,1.0,0.0,0.0,0.0,00-0034855,,00-0034855,00-0034855,1.6199683625018224,(7:52) (Shotgun) 6-B.Mayfield scrambles up the middle to LA 41 for 7 yards (26-K.Kinchens; 53-N.Landman).
2025_12_TB_LA,2554.0,run,1.0,0.0,0.0,0.0,00-0031237,,00-0031237,00-0031237,-0.018806083593517542,(10:19) (Shotgun) 10-T.Bridgewater scrambles up the middle to LA 32 for 6 yards (3-K.Curl).
2025_13_ARI_TB,896.0,run,1.0,0.0,0.0,0.0,00-0033119,,00-0033119,00-0033119,-0.697970419190824,(14:03) (Shotgun) 7-J.Brissett scrambles up the middle to ARI 30 for 5 yards (54-L.David).
2025_13_ARI_TB,1369.0,run,1.0,0.0,0.0,0.0,00-0034855,,00-0034855,00-0034855,0.06273176817921922,(5:29) (Shotgun) 6-B.Mayfield scrambles right end to ARI 43 for 5 yards (3-B.Baker).
2025_13_ARI_TB,1391.0,run,1.0,0.0,0.0,0.0,00-0034855,,00-0034855,00-0034855,2.0587352713919245,(4:47) (Shotgun) 6-B.Mayfield scrambles up the middle ran ob at ARI 22 for 21 yards (27-A.Davis-Gaither).
2025_13_ARI_TB,1851.0,run,1.0,0.0,0.0,0.0,00-0033119,,00-0033119,00-0033119,-0.7116506431484595,"(:39) (No Huddle, Shotgun) 7-J.Brissett scrambles up the middle to TB 42 for 3 yards (54-L.David)."
2025_13_ARI_TB,3499.0,run,1.0,0.0,0.0,0.0,00-0033119,,00-0033119,00-0033119,0.9698049988946877,"(5:47) (No Huddle, Shotgun) 7-J.Brissett scrambles up the middle to TB 15 for 8 yards (25-J.Parrish)."
2025_13_ARI_TB,3745.0,run,1.0,0.0,0.0,0.0,00-0034855,,00-0034855,00-0034855,-0.6354494114639238,(2:31) (Shotgun) 6-B.Mayfield scrambles up the middle to TB 37 for 5 yards (5-B.Browning).
2025_13_ATL_NYJ,367.0,run,1.0,0.0,0.0,0.0,00-0028118,,00-0028118,00-0028118,-0.5215875005815178,(8:47) (Shotgun) 2-T.Taylor scrambles left end to NYJ 46 for 3 yards (17-A.Ebiketie; 90-D.Onyemata).
2025_13_ATL_NYJ,394.0,run,1.0,0.0,0.0,0.0,00-0028118,,00-0028118,00-0028118,-0.8292062301188707,(8:03) (Shotgun) 2-T.Taylor scrambles left guard to ATL 48 for 6 yards (24-A.Terrell; 20-D.Alford).
2025_13_ATL_NYJ,3117.0,run,1.0,0.0,0.0,0.0,00-0028118,,00-0028118,00-0028118,-0.45660752890398726,(14:48) 2-T.Taylor scrambles left end to ATL 14 for 1 yard (17-A.Ebiketie).
2025_13_ATL_NYJ,3749.0,run,1.0,0.0,0.0,0.0,00-0028118,,00-0028118,00-0028118,1.236430682183709,(4:27) (Shotgun) 2-T.Taylor scrambles left tackle ran ob at ATL 20 for 9 yards (55-K.Elliss).
2025_13_ATL_NYJ,3897.0,run,1.0,0.0,0.0,0.0,00-0028118,,00-0028118,00-0028118,2.565018048917409,"(2:00) (Shotgun) 2-T.Taylor scrambles up the middle for 10 yards, TOUCHDOWN."
2025_13_ATL_NYJ,4356.0,run,1.0,0.0,0.0,0.0,00-0028118,,00-0028118,00-0028118,0.5023687611683272,(:35) (Shotgun) 2-T.Taylor scrambles right end ran ob at ATL 43 for 14 yards (3-J.Bates).
2025_13_BUF_PIT,1131.0,run,1.0,0.0,0.0,0.0,00-0034857,,00-0034857,00-0034857,0.31453215703368187,(12:34) 17-J.Allen scrambles left end ran ob at BUF 40 for 6 yards (41-P.Wilson).
2025_13_BUF_PIT,1492.0,run,1.0,0.0,0.0,0.0,00-0034857,,00-0034857,00-0034857,-0.10919800749979913,(6:45) (Shotgun) 17-J.Allen scrambles left guard to PIT 48 for 4 yards (29-K.Dugger; 6-P.Queen).
2025_13_BUF_PIT,1635.0,run,1.0,0.0,0.0,0.0,00-0034857,,00-0034857,00-0034857,-0.423221371951513,(3:07) 17-J.Allen scrambles right end to PIT 26 for 1 yard (6-P.Queen).
2025_13_BUF_PIT,2703.0,run,1.0,0.0,0.0,0.0,00-0034857,,00-0034857,00-0034857,1.4523629797622561,(5:14) 17-J.Allen scrambles left tackle ran ob at BUF 46 for 11 yards (41-P.Wilson).
2025_13_CHI_PHI,1267.0,run,1.0,0.0,0.0,0.0,00-0039918,,00-0039918,00-0039918,1.151249086484313,(8:32) (Shotgun) 18-C.Williams scrambles left end ran ob at PHI 29 for 5 yards (90-J.Davis).
2025_13_CHI_PHI,4005.0,run,1.0,0.0,0.0,0.0,00-0039918,,00-0039918,00-0039918,-0.42198754620039836,(2:59) 18-C.Williams scrambles left end to PHI 36 for 4 yards (32-R.Blankenship).
2025_13_CIN_BAL,495.0,run,1.0,0.0,0.0,0.0,00-0034796,,00-0034796,00-0034796,1.2338548133848235,(7:14) (Shotgun) 8-L.Jackson scrambles left tackle to CIN 28 for 11 yards (44-D.Knight).
2025_13_CIN_BAL,1391.0,run,1.0,0.0,0.0,0.0,00-0034796,,00-0034796,00-0034796,1.3388613823335618,(10:30) (Shotgun) 8-L.Jackson scrambles right guard ran ob at BAL 43 for 6 yards (44-D.Knight).
2025_13_CIN_BAL,2606.0,run,1.0,0.0,0.0,0.0,00-0034796,,00-0034796,00-0034796,-1.3376370631158352,(13:40) (Shotgun) 8-L.Jackson scrambles right tackle pushed ob at BAL 28 for 1 yard (99-M.Murphy).
2025_13_CIN_BAL,2737.0,run,1.0,0.0,0.0,0.0,00-0036442,,00-0036442,00-0036442,-0.2758484189398587,(11:19) (Shotgun) 9-J.Burrow scrambles right end ran ob at BAL 46 for 3 yards (0-R.Smith).
2025_13_DEN_WAS,1134.0,run,1.0,0.0,0.0,0.0,00-0039732,,00-0039732,00-0039732,-0.2778768443968147,"(12:28) (No Huddle, Shotgun) 10-B.Nix scrambles up the middle to WAS 49 for 5 yards (54-B.Wagner)."
2025_13_DEN_WAS,1493.0,run,1.0,0.0,0.0,0.0,00-0032268,,00-0032268,00-0032268,2.300566582242027,"(5:19) (No Huddle, Shotgun) 8-M.Mariota scrambles right end ran ob at DEN 43 for 12 yards (2-P.Surtain)."
2025_13_DEN_WAS,2557.0,run,1.0,0.0,0.0,0.0,00-0039732,,00-0039732,00-0039732,2.0584792976733297,"(9:01) (No Huddle, Shotgun) 10-B.Nix scrambles up the middle to DEN 41 for 11 yards (31-Jo.Jones; 20-Q.Martin)."
2025_13_DEN_WAS,4062.0,run,1.0,0.0,0.0,0.0,00-0032268,,00-0032268,00-0032268,0.8822134974179789,"(2:55) (No Huddle, Shotgun) 8-M.Mariota scrambles right end ran ob at WAS 26 for 11 yards (57-D.Greenlaw; 49-A.Singleton)."
2025_13_DEN_WAS,4790.0,run,1.0,0.0,0.0,0.0,00-0032268,,00-0032268,00-0032268,-0.31860018090810627,"(6:13) (No Huddle, Shotgun) 8-M.Mariota scrambles left end to DEN 41 for 4 yards (29-J.McMillian)."
2025_13_GB_DET,1727.0,run,1.0,0.0,0.0,0.0,00-0036264,,00-0036264,00-0036264,-0.503943573392462,(3:01) (Shotgun) 10-J.Love scrambles right guard to DET 2 for 2 yards (97-A.Hutchinson).
2025_13_GB_DET,2476.0,run,1.0,0.0,0.0,0.0,00-0033106,,00-0033106,00-0033106,1.3226023281458765,(10:25) (Shotgun) 16-J.Goff scrambles left end pushed ob at GB 47 for 24 yards (20-J.Bullard).
2025_13_GB_DET,3339.0,run,1.0,0.0,0.0,0.0,00-0036264,,00-0036264,00-0036264,0.0998623464256525,(10:50) 10-J.Love scrambles right tackle to GB 27 for 5 yards (34-A.Anzalone).
2025_13_JAX_TEN,188.0,run,1.0,0.0,0.0,0.0,00-0036971,,00-0036971,00-0036971,-0.11878967378288507,(11:49) (Shotgun) 16-T.Lawrence scrambles right tackle to TEN 49 for 14 yards (26-M.Harris).
2025_13_JAX_TEN,2720.0,run,1.0,0.0,0.0,0.0,00-0036971,,00-0036971,00-0036971,0.09844878246076405,"(7:57) (Shotgun) 16-T.Lawrence scrambles right tackle to TEN 3 for 10 yards (92-J.Harrell; 98-J.Simmons). Tennessee challenged the first down ruling, and the play was REVERSED. (Shotgun) 16-T.Lawrence scrambles right tackle to TEN 4 for 9 yards (92-J.Harrell; 98-J.Simmons)."
2025_13_JAX_TEN,4129.0,run,1.0,0.0,0.0,0.0,00-0040676,,00-0040676,00-0040676,1.4716385826468468,"(3:53) (No Huddle, Shotgun) 1-C.Ward scrambles left end to TEN 29 for 7 yards (95-B.Green; 92-D.Striggow)."
2025_13_KC_DAL,776.0,run,1.0,0.0,0.0,0.0,00-0033873,,00-0033873,00-0033873,2.4033185365842655,(2:53) (Shotgun) 15-P.Mahomes scrambles left tackle to DAL 9 for 16 yards (6-D.Wilson).
2025_13_KC_DAL,1897.0,run,1.0,0.0,0.0,0.0,00-0033873,,00-0033873,00-0033873,0.3654270715196617,(1:13) (Shotgun) 15-P.Mahomes scrambles left guard to DAL 43 for 4 yards (59-K.Murray).
2025_13_KC_DAL,4238.0,run,1.0,0.0,0.0,0.0,00-0033873,,00-0033873,00-0033873,1.0346595274750143,(3:43) (Shotgun) 15-P.Mahomes scrambles left end pushed ob at DAL 10 for 10 yards (55-L.Wilson).
2025_13_LA_CAR,1277.0,run,1.0,0.0,0.0,0.0,00-0039150,,00-0039150,00-0039150,1.5035530464956537,(10:59) 9-B.Young scrambles left end ran ob at LA 33 for 24 yards (3-K.Curl).
2025_13_LA_CAR,1489.0,run,1.0,0.0,0.0,0.0,00-0039150,,00-0039150,00-0039150,-0.7060808550715416,(6:18) (Shotgun) 9-B.Young scrambles right end pushed ob at LA 14 for 3 yards (0-B.Young).
2025_13_LV_LAC,230.0,run,1.0,0.0,0.0,0.0,00-0036355,,00-0036355,00-0036355,-0.35319749219343066,(12:34) (Shotgun) 10-J.Herbert scrambles up the middle to LAC 33 for 3 yards (69-A.Butler).
2025_13_LV_LAC,531.0,run,1.0,0.0,0.0,0.0,00-0036355,,00-0036355,00-0036355,-0.4880614497233182,(5:15) 10-J.Herbert scrambles left end to LV 10 for 1 yard (11-J.Chinn).
2025_13_LV_LAC,956.0,run,1.0,0.0,0.0,0.0,00-0037012,,00-0037012,00-0037012,0.26776086864992976,(14:24) (Shotgun) 5-T.Lance scrambles right end to LAC 28 for 4 yards (11-J.Chinn).
2025_13_LV_LAC,2374.0,run,1.0,0.0,0.0,0.0,00-0036355,,00-0036355,00-0036355,-0.11468703951686621,(7:25) (Shotgun) 10-J.Herbert scrambles right end to LAC 44 for 4 yards (11-J.Chinn).
2025_13_NO_MIA,1604.0,run,1.0,0.0,0.0,1.0,00-0040743,,00-0040743,00-0040743,0.8425210465211421,"(5:17) (Shotgun) 6-T.Shough scrambles up the middle to NO 31 for 2 yards (29-M.Fitzpatrick). PENALTY on MIA-26-R.Douglas, Illegal Contact, 5 yards, enforced at NO 31."
2025_13_NO_MIA,1784.0,run,1.0,0.0,0.0,0.0,00-0040743,,00-0040743,00-0040743,0.780157022702042,(2:00) (Shotgun) 6-T.Shough scrambles left guard to MIA 32 for 8 yards (23-J.Jones).
2025_13_NO_MIA,2812.0,run,1.0,0.0,0.0,0.0,00-0036212,,00-0036212,00-0036212,-0.31409148685634136,(4:05) (Shotgun) 1-T.Tagovailoa scrambles left end to MIA 10 for 3 yards (56-D.Davis).
2025_13_NO_MIA,3446.0,run,1.0,0.0,0.0,0.0,00-0040743,,00-0040743,00-0040743,0.3937065410427749,"(8:45) (No Huddle, Shotgun) 6-T.Shough scrambles left guard to NO 44 for 6 yards (25-T.Dodson)."
2025_13_NO_MIA,3757.0,run,1.0,0.0,0.0,0.0,00-0036212,,00-0036212,00-0036212,-1.2397628012113273,(3:14) (Shotgun) 1-T.Tagovailoa scrambles up the middle to NO 43 for 3 yards (90-B.Bresee; 44-I.Stalbird).
2025_13_NYG_NE,627.0,run,1.0,0.0,0.0,1.0,00-0040691,,00-0040691,00-0040691,-1.2020112350583076,"(4:20) (Shotgun) 6-J.Dart scrambles right end pushed ob at NYG 39 for 12 yards (53-C.Elliss). PENALTY on NYG-84-T.Johnson, Unnecessary Roughness, 15 yards, enforced at NYG 39."
2025_13_NYG_NE,2444.0,run,1.0,0.0,0.0,0.0,00-0039851,,00-0039851,00-0039851,1.796161375241354,(9:33) (Shotgun) 10-D.Maye scrambles left end ran ob at NE 49 for 8 yards (51-A.Carter).
2025_13_NYG_NE,2761.0,run,1.0,0.0,0.0,0.0,00-0040691,,00-0040691,00-0040691,0.4239680639002472,(3:35) 6-J.Dart scrambles right tackle to NYG 46 for 4 yards (91-E.Ponder).
2025_13_NYG_NE,3283.0,run,1.0,0.0,0.0,0.0,00-0040691,,00-0040691,00-0040691,0.9224321953952312,(9:46) (Shotgun) 6-J.Dart scrambles left guard to NYG 25 for 3 yards (2-H.Landry).
2025_13_NYG_NE,3350.0,run,1.0,0.0,0.0,0.0,00-0040691,,00-0040691,00-0040691,-1.0670887064188719,(8:33) (Shotgun) 6-J.Dart scrambles right end to NYG 27 for 1 yard (2-H.Landry).
2025_13_NYG_NE,3712.0,run,1.0,0.0,0.0,0.0,00-0039851,,00-0039851,00-0039851,-0.4084040382409282,(3:04) (Shotgun) 10-D.Maye scrambles up the middle to NYG 5 for 2 yards (46-Z.Barnes).
2025_13_SF_CLE,2287.0,run,1.0,0.0,0.0,0.0,00-0037834,,00-0037834,00-0037834,-0.9915495091117918,"(9:36) (Shotgun) 13-B.Purdy scrambles left end to SF 41 for 2 yards (9-G.Delpit). Penalty on SF-74-S.Burford, Offensive Holding, declined."
2025_13_SF_CLE,3891.0,run,1.0,0.0,0.0,0.0,00-0040668,,00-0040668,00-0040668,-1.4424316210788675,(1:51) (Shotgun) 12-S.Sanders scrambles left end to SF 38 for 6 yards (53-D.Winters; 59-C.Robinson).
2025_14_CHI_GB,1607.0,run,1.0,0.0,0.0,0.0,00-0039918,,00-0039918,00-0039918,1.9184746174723841,(4:49) 18-C.Williams scrambles right end ran ob at GB 34 for 5 yards (58-I.McDuffie).
2025_14_CHI_GB,2308.0,run,1.0,0.0,0.0,0.0,00-0039918,,00-0039918,00-0039918,0.6191453991923481,(13:20) 18-C.Williams scrambles left end to CHI 48 for 6 yards (33-E.Williams).
2025_14_CHI_GB,3234.0,run,1.0,0.0,0.0,0.0,00-0039918,,00-0039918,00-0039918,-0.25910012295935303,"(11:39) (Shotgun) 18-C.Williams scrambles up the middle to GB 24 for 3 yards (52-R.Gary). Green Bay challenged the first down ruling, and the play was REVERSED. (Shotgun) 18-C.Williams scrambles up the middle to GB 25 for 2 yards (52-R.Gary)."
2025_14_CIN_BUF,1075.0,run,1.0,0.0,0.0,0.0,00-0034857,,00-0034857,00-0034857,0.14458279957761988,(10:01) 17-J.Allen scrambles left end ran ob at CIN 17 for 3 yards (22-G.Stone).
2025_14_CIN_BUF,2088.0,run,1.0,0.0,0.0,0.0,00-0034857,,00-0034857,00-0034857,1.9610067412722856,(12:45) (Shotgun) 17-J.Allen scrambles right end to CIN 43 for 16 yards (22-G.Stone).
2025_14_CIN_BUF,2616.0,run,1.0,0.0,0.0,0.0,00-0034857,,00-0034857,00-0034857,0.5935843400657177,(3:46) (Shotgun) 17-J.Allen scrambles left tackle pushed ob at CIN 22 for 8 yards (49-B.Carter).
2025_14_CIN_BUF,3392.0,run,1.0,0.0,0.0,0.0,00-0034857,,00-0034857,00-0034857,4.2646705355728045,"(7:41) (Shotgun) 17-J.Allen scrambles left end for 40 yards, TOUCHDOWN."
2025_14_CIN_BUF,4124.0,run,1.0,0.0,0.0,0.0,00-0034857,,00-0034857,00-0034857,0.18875160394236445,(1:54) (Shotgun) 17-J.Allen scrambles up the middle to BUF 42 for 17 yards (44-D.Knight).
2025_14_DAL_DET,3779.0,run,1.0,0.0,0.0,0.0,00-0033077,,00-0033077,00-0033077,0.6981407611165196,(11:45) 4-D.Prescott scrambles left end ran ob at DAL 42 for 12 yards (32-B.Branch).
2025_14_DAL_DET,4198.0,run,1.0,0.0,0.0,0.0,00-0033077,,00-0033077,00-0033077,-0.4807798005640507,(5:30) (Shotgun) 4-D.Prescott scrambles left end to DET 42 for 1 yard (97-A.Hutchinson).
2025_14_DEN_LV,440.0,run,1.0,0.0,0.0,0.0,00-0039732,,00-0039732,00-0039732,2.849488902022131,"(6:10) (Shotgun) 10-B.Nix scrambles up the middle for 8 yards, TOUCHDOWN."
2025_14_DEN_LV,2625.0,run,1.0,0.0,0.0,0.0,00-0030565,,00-0030565,00-0030565,-0.13523954979609698,(1:59) (Shotgun) 7-G.Smith scrambles right guard to DEN 18 for 4 yards (49-A.Singleton; 57-D.Greenlaw).
2025_14_DEN_LV,3108.0,run,1.0,0.0,0.0,0.0,00-0039732,,00-0039732,00-0039732,0.26870781125035137,(7:25) (Shotgun) 10-B.Nix scrambles right guard ran ob at LV 16 for 6 yards (45-D.White).
2025_14_DEN_LV,3781.0,run,1.0,0.0,0.0,0.0,00-0038102,,00-0038102,00-0038102,0.23104166885605082,"(:33) (No Huddle, Shotgun) 15-K.Pickett scrambles left tackle to LV 41 for 6 yards (29-J.McMillian; 49-A.Singleton)."
2025_14_HOU_KC,798.0,run,1.0,0.0,0.0,0.0,00-0033873,,00-0033873,00-0033873,1.128459739498794,(4:09) (Shotgun) 15-P.Mahomes scrambles right end ran ob at KC 32 for 9 yards (51-W.Anderson).
2025_14_HOU_KC,847.0,run,1.0,0.0,0.0,0.0,00-0033873,,00-0033873,00-0033873,0.8205152517184615,(3:05) (Shotgun) 15-P.Mahomes scrambles right tackle to KC 46 for 9 yards (24-D.Stingley).
2025_14_HOU_KC,1697.0,run,1.0,0.0,0.0,0.0,00-0033873,,00-0033873,00-0033873,-0.1307189695071429,(4:05) (Shotgun) 15-P.Mahomes scrambles left tackle to KC 21 for 5 yards (4-K.Lassiter).
2025_14_HOU_KC,2416.0,run,1.0,0.0,0.0,0.0,00-0033873,,00-0033873,00-0033873,0.16452906897757202,(10:45) (Shotgun) 15-P.Mahomes scrambles left guard to HOU 2 for 6 yards (25-M.Bryant).
2025_14_HOU_KC,2995.0,run,1.0,0.0,0.0,0.0,00-0033873,,00-0033873,00-0033873,1.8532543735345826,(3:48) (Shotgun) 15-P.Mahomes scrambles left guard to HOU 26 for 15 yards (0-A.Al-Shaair).
2025_14_HOU_KC,3039.0,run,1.0,0.0,0.0,0.0,00-0033873,,00-0033873,00-0033873,0.25139761937316507,(2:38) 15-P.Mahomes scrambles left end ran ob at HOU 18 for 6 yards (5-J.Pitre).
2025_14_HOU_KC,3562.0,run,1.0,0.0,0.0,0.0,00-0033873,,00-0033873,00-0033873,0.13922991883009672,(11:13) (Shotgun) 15-P.Mahomes scrambles left end to KC 31 for 9 yards (90-S.Rankins).
2025_14_HOU_KC,3678.0,run,1.0,0.0,0.0,0.0,00-0039163,,00-0039163,00-0039163,-0.13831973867490888,(8:18) 7-C.Stroud scrambles left end ran ob at KC 13 for 3 yards (32-N.Bolton).
2025_14_IND_JAX,551.0,run,1.0,0.0,0.0,0.0,00-0035710,,00-0035710,00-0035710,-0.10666406445670873,(6:42) 17-D.Jones scrambles right end ran ob at JAX 8 for 4 yards (26-An.Johnson).
2025_14_IND_JAX,2266.0,run,1.0,0.0,0.0,0.0,00-0036971,,00-0036971,00-0036971,0.39914312423206866,(:50) (Shotgun) 16-T.Lawrence scrambles up the middle to IND 5 for 7 yards (53-G.Pratt; 23-K.Moore).
2025_14_IND_JAX,3601.0,run,1.0,0.0,0.0,0.0,00-0036971,,00-0036971,00-0036971,1.3165377047844231,(12:00) (Shotgun) 16-T.Lawrence scrambles left end ran ob at IND 45 for 5 yards (29-M.Blackmon).
2025_14_IND_JAX,4408.0,run,1.0,0.0,0.0,0.0,00-0040206,,00-0040206,00-0040206,2.1521473960601725,"(1:56) (Shotgun) 15-R.Leonard scrambles up the middle for 6 yards, TOUCHDOWN."
2025_14_LA_ARI,870.0,run,1.0,0.0,0.0,0.0,00-0033119,,00-0033119,00-0033119,-0.3478562096133828,(1:25) 78-J.Fryar reported in as eligible. 7-J.Brissett scrambles up the middle to ARI 22 for 4 yards (3-K.Curl; 94-D.Johnson).
2025_14_LA_ARI,927.0,run,1.0,0.0,0.0,0.0,00-0033119,,00-0033119,00-0033119,0.3976631797850132,(:19) 7-J.Brissett scrambles up the middle to ARI 23 for 11 yards (48-O.Speights).
2025_14_LA_ARI,4042.0,run,1.0,0.0,0.0,0.0,00-0033119,,00-0033119,00-0033119,-0.047872225171886384,"(6:46) (No Huddle, Shotgun) 7-J.Brissett scrambles right end to LA 28 for 2 yards (30-J.Wallace)."
2025_14_NO_TB,1199.0,run,1.0,0.0,0.0,0.0,00-0034855,,00-0034855,00-0034855,-0.7716928608715534,(12:33) (Shotgun) 6-B.Mayfield scrambles left end to NO 47 for 2 yards (96-C.Granderson).
2025_14_NO_TB,1667.0,run,1.0,0.0,0.0,0.0,00-0034855,,00-0034855,00-0034855,1.8142177116824314,(5:06) (Shotgun) 6-B.Mayfield scrambles up the middle to TB 42 for 12 yards (58-C.Rumph).
2025_14_NO_TB,3105.0,run,1.0,0.0,0.0,0.0,00-0034855,,00-0034855,00-0034855,2.314887845888734,(:44) (Shotgun) 6-B.Mayfield scrambles up the middle ran ob at TB 46 for 16 yards (4-K.McKinstry).
2025_14_NO_TB,3196.0,run,1.0,0.0,0.0,0.0,00-0034855,,00-0034855,00-0034855,-1.3103389053139836,(13:37) (Shotgun) 6-B.Mayfield scrambles up the middle to NO 46 for 2 yards (99-C.Young).
2025_14_NO_TB,3458.0,run,1.0,0.0,0.0,0.0,00-0040743,,00-0040743,00-0040743,2.024344466626644,"(8:34) (Shotgun) 6-T.Shough scrambles left end for 13 yards, TOUCHDOWN."
2025_14_NO_TB,4141.0,run,1.0,0.0,0.0,0.0,00-0034855,,00-0034855,00-0034855,-0.2970654413802549,(1:35) (Shotgun) 6-B.Mayfield scrambles right end ran ob at TB 26 for 6 yards (94-C.Jordan).
2025_14_PHI_LAC,600.0,run,1.0,0.0,0.0,0.0,00-0036389,,00-0036389,00-0036389,-0.14366475050337613,(4:47) (Shotgun) 1-J.Hurts scrambles right end ran ob at LAC 24 for 2 yards (52-K.Mack; 2-E.Molden).
2025_14_PHI_LAC,1099.0,run,1.0,0.0,0.0,0.0,00-0036355,,00-0036355,00-0036355,-0.2504112645983696,(13:45) (Shotgun) 10-J.Herbert scrambles left tackle to LAC 32 for 5 yards (33-C.DeJean).
2025_14_PHI_LAC,1363.0,run,1.0,0.0,0.0,0.0,00-0036389,,00-0036389,00-0036389,0.36790679197292775,(9:14) (Shotgun) 1-J.Hurts scrambles left end ran ob at LAC 21 for 8 yards (2-E.Molden).
2025_14_PHI_LAC,2409.0,run,1.0,0.0,0.0,0.0,00-0036355,,00-0036355,00-0036355,1.365581498015672,"(13:48) (No Huddle, Shotgun) 10-J.Herbert scrambles up the middle to LAC 44 for 5 yards (53-Z.Baun; 32-R.Blankenship)."
2025_14_PHI_LAC,2546.0,run,1.0,0.0,0.0,0.0,00-0036355,,00-0036355,00-0036355,2.376088993740268,(9:50) (Shotgun) 10-J.Herbert scrambles left end ran ob at PHI 27 for 15 yards (32-R.Blankenship).
2025_14_PHI_LAC,3385.0,run,1.0,0.0,0.0,0.0,00-0036355,,00-0036355,00-0036355,-0.23055397532880306,(12:47) (Shotgun) 10-J.Herbert scrambles left end pushed ob at LAC 49 for 4 yards (58-J.Hunt).
2025_14_PHI_LAC,3844.0,run,1.0,0.0,0.0,0.0,00-0036355,,00-0036355,00-0036355,-0.09847660991363227,(5:09) (Shotgun) 10-J.Herbert scrambles up the middle to LAC 28 for 4 yards (3-N.Smith).
2025_14_PHI_LAC,4238.0,run,1.0,0.0,0.0,0.0,00-0036355,,00-0036355,00-0036355,0.14463935885578394,(1:54) (Shotgun) 10-J.Herbert scrambles left end ran ob at LAC 44 for 7 yards (33-C.DeJean; 17-N.Dean).
2025_14_PHI_LAC,4335.0,run,1.0,0.0,0.0,0.0,00-0036355,,00-0036355,00-0036355,0.3063147124776151,(:52) (Shotgun) 10-J.Herbert scrambles up the middle to PHI 38 for 4 yards (3-N.Smith).
2025_14_PHI_LAC,4640.0,run,1.0,0.0,0.0,0.0,00-0036355,,00-0036355,00-0036355,-1.144761352271304,(7:10) (Shotgun) 10-J.Herbert scrambles up the middle to PHI 36 for 1 yard (3-N.Smith).
2025_14_PIT_BAL,545.0,run,1.0,0.0,0.0,0.0,00-0023459,,00-0023459,00-0023459,1.3645331194275059,"(7:19) 8-A.Rodgers scrambles left end for 1 yard, TOUCHDOWN."
2025_14_PIT_BAL,613.0,run,1.0,0.0,0.0,0.0,00-0034796,,00-0034796,00-0034796,-0.08840037370100617,(7:08) 8-L.Jackson scrambles up the middle to BAL 30 for 4 yards (91-L.Lee).
2025_14_PIT_BAL,913.0,run,1.0,0.0,0.0,0.0,00-0034796,,00-0034796,00-0034796,1.5983088477514684,"(2:12) (No Huddle, Shotgun) 8-L.Jackson scrambles up the middle to BAL 26 for 9 yards (50-M.Harrison)."
2025_14_PIT_BAL,2214.0,run,1.0,0.0,0.0,0.0,00-0034796,,00-0034796,00-0034796,3.3676858615945093,"(:21) (Shotgun) 8-L.Jackson scrambles right tackle for 6 yards, TOUCHDOWN. Penalty on PIT-21-C.Clark, Defensive Holding, declined."
2025_14_PIT_BAL,2998.0,run,1.0,0.0,0.0,0.0,00-0034796,,00-0034796,00-0034796,-0.5261677205562592,(3:24) (Shotgun) 8-L.Jackson scrambles right end to BAL 37 for 1 yard (90-T.Watt).
2025_14_PIT_BAL,4382.0,run,1.0,0.0,0.0,0.0,00-0034796,,00-0034796,00-0034796,-0.32998001389205456,"(:55) (No Huddle, Shotgun) 8-L.Jackson scrambles left guard to BAL 34 for 8 yards (6-P.Queen; 41-P.Wilson)."
2025_14_SEA_ATL,1929.0,run,1.0,0.0,0.0,0.0,00-0034869,,00-0034869,00-0034869,0.3156383516616188,(:22) (Shotgun) 14-S.Darnold scrambles right tackle to SEA 49 for 12 yards (27-J.Pearce).
2025_14_SEA_ATL,3107.0,run,1.0,0.0,0.0,0.0,00-0034869,,00-0034869,00-0034869,0.6006840588524938,(13:32) (Shotgun) 14-S.Darnold scrambles left end to ATL 15 for 8 yards (21-M.Hughes).
2025_14_TEN_CLE,1430.0,run,1.0,0.0,0.0,0.0,00-0040668,,00-0040668,00-0040668,0.3085166378878057,(9:10) (Shotgun) 12-S.Sanders scrambles right end to CLE 45 for 8 yards (33-C.Gray).
2025_14_TEN_CLE,1792.0,run,1.0,0.0,0.0,0.0,00-0040668,,00-0040668,00-0040668,0.8299405074794777,(3:42) 12-S.Sanders scrambles up the middle to CLE 40 for 14 yards (33-C.Gray; 25-X.Woods).
2025_14_TEN_CLE,4183.0,run,1.0,0.0,0.0,0.0,00-0040668,,00-0040668,00-0040668,1.6568135914567392,"(4:47) (Shotgun) 12-S.Sanders scrambles up the middle for 7 yards, TOUCHDOWN."
2025_14_WAS_MIN,432.0,run,1.0,0.0,0.0,0.0,00-0039910,,00-0039910,00-0039910,0.828678349382244,"(7:46) (No Huddle, Shotgun) 5-J.Daniels scrambles right end to MIN 31 for 2 yards (51-B.Cashman)."
2025_14_WAS_MIN,512.0,run,1.0,0.0,0.0,0.0,00-0039910,,00-0039910,00-0039910,-0.37216259096749127,"(6:03) (No Huddle, Shotgun) 5-J.Daniels scrambles up the middle to MIN 34 for 5 yards (22-H.Smith)."
2025_14_WAS_MIN,725.0,run,1.0,0.0,0.0,0.0,00-0039923,,00-0039923,00-0039923,1.4904527780599892,(1:24) (Shotgun) 9-J.McCarthy scrambles up the middle to MIN 13 for 7 yards (4-F.Luvu).
2025_14_WAS_MIN,1236.0,run,1.0,0.0,0.0,0.0,00-0039910,,00-0039910,00-0039910,-0.6938090750481933,"(4:57) (No Huddle, Shotgun) 5-J.Daniels scrambles right end pushed ob at WAS 33 for 4 yards (22-H.Smith)."
2025_14_WAS_MIN,1968.0,run,1.0,0.0,0.0,0.0,00-0039910,,00-0039910,00-0039910,-0.41534797498025,(11:13) (Shotgun) 5-J.Daniels scrambles right end to MIN 37 for 5 yards (7-B.Murphy; 58-J.Greenard).
2025_14_WAS_MIN,2647.0,run,1.0,0.0,0.0,0.0,00-0039923,,00-0039923,00-0039923,0.8782778682652861,(1:18) (Shotgun) 9-J.McCarthy scrambles right end to 50 for 16 yards (6-N.Igbinoghene).
2025_14_WAS_MIN,3062.0,run,1.0,0.0,0.0,0.0,00-0032268,,00-0032268,00-0032268,-0.25240005063824356,"(8:48) (No Huddle, Shotgun) 8-M.Mariota scrambles right end to MIN 24 for 3 yards (55-E.Wilson)."
2025_14_WAS_MIN,3084.0,run,1.0,0.0,0.0,0.0,00-0032268,,00-0032268,00-0032268,-4.322573279845528,"(8:02) (No Huddle, Shotgun) 8-M.Mariota scrambles right end to MIN 20 for 4 yards (97-J.Hargrave; 43-A.Van Ginkel). FUMBLES (97-J.Hargrave), RECOVERED by MIN-97-J.Hargrave at MIN 17."
2025_15_ARI_HOU,251.0,run,1.0,0.0,0.0,0.0,00-0039163,,00-0039163,00-0039163,-0.9840416305973805,(12:43) (Shotgun) 7-C.Stroud scrambles up the middle to ARI 12 for 1 yard (25-Z.Collins; 97-W.Nolen).
2025_15_ARI_HOU,1359.0,run,1.0,0.0,0.0,0.0,00-0039163,,00-0039163,00-0039163,-0.41064804872638705,(9:43) (Shotgun) 7-C.Stroud scrambles right end ran ob at ARI 37 for 6 yards (3-B.Baker).
2025_15_ARI_HOU,3442.0,run,1.0,0.0,0.0,0.0,00-0033119,,00-0033119,00-0033119,-0.28337999316863716,(12:33) (Shotgun) 7-J.Brissett scrambles up the middle to ARI 40 for 3 yards (0-A.Al-Shaair).
2025_15_ATL_TB,1830.0,run,1.0,0.0,0.0,0.0,00-0034855,,00-0034855,00-0034855,-0.7868982772392372,(2:54) (Shotgun) 6-B.Mayfield scrambles up the middle to ATL 31 for 1 yard (55-K.Elliss).
2025_15_BAL_CIN,806.0,run,1.0,0.0,0.0,0.0,00-0036442,,00-0036442,00-0036442,-0.4644610946998,(15:00) (Shotgun) 9-J.Burrow scrambles right tackle to CIN 49 for 3 yards (0-R.Smith).
2025_15_BAL_CIN,1223.0,run,1.0,0.0,0.0,0.0,00-0034796,,00-0034796,00-0034796,0.7036811020225286,(7:34) 8-L.Jackson scrambles up the middle to BAL 35 for 14 yards (49-B.Carter).
2025_15_BAL_CIN,1667.0,run,1.0,0.0,0.0,0.0,00-0034796,,00-0034796,00-0034796,0.5572702524368651,"(:56) (Shotgun) 8-L.Jackson scrambles left end ran ob at CIN 42 for 12 yards (22-G.Stone). Penalty on CIN-58-J.Ossai, Defensive Offside, declined."
2025_15_BAL_CIN,2502.0,run,1.0,0.0,0.0,0.0,00-0036442,,00-0036442,00-0036442,-1.2494592580478638,(5:30) (Shotgun) 9-J.Burrow scrambles right guard ran ob at CIN 41 for 2 yards (53-K.Van Noy).
2025_15_BUF_NE,709.0,run,1.0,0.0,0.0,0.0,00-0039851,,00-0039851,00-0039851,0.9485800846014172,(3:43) (Shotgun) 10-D.Maye scrambles left guard to BUF 33 for 17 yards (7-Ta.Johnson).
2025_15_BUF_NE,832.0,run,1.0,0.0,0.0,0.0,00-0039851,,00-0039851,00-0039851,1.9059603303903714,"(:31) (Shotgun) 10-D.Maye scrambles up the middle for 7 yards, TOUCHDOWN."
2025_15_BUF_NE,982.0,run,1.0,0.0,0.0,0.0,00-0034857,,00-0034857,00-0034857,-0.30626091826707125,(14:23) 17-J.Allen scrambles right tackle to BUF 49 for 3 yards (92-J.Farmer).
2025_15_BUF_NE,1734.0,run,1.0,0.0,0.0,0.0,00-0039851,,00-0039851,00-0039851,0.1024540493672248,"(:32) (Shotgun) 10-D.Maye scrambles left tackle pushed ob at BUF 29 for 11 yards (31-M.Hairston). The Replay Official reviewed the runner was out of bounds ruling, and the play was REVERSED. (Shotgun) 10-D.Maye scrambles left tackle to BUF 29 for 11 yards (31-M.Hairston)."
2025_15_BUF_NE,2003.0,run,1.0,0.0,0.0,0.0,00-0034857,,00-0034857,00-0034857,-0.1599586884258315,(13:33) 17-J.Allen scrambles left guard to NE 26 for 3 yards (31-C.Woodson; 25-M.Jones).
2025_15_BUF_NE,3015.0,run,1.0,0.0,0.0,0.0,00-0034857,,00-0034857,00-0034857,0.5500456490553916,(15:00) 17-J.Allen scrambles left tackle to BUF 44 for 8 yards (53-C.Elliss).
2025_15_CAR_NO,287.0,run,1.0,0.0,0.0,0.0,00-0039150,,00-0039150,00-0039150,2.158838905626908,(10:35) (Shotgun) 9-B.Young scrambles left tackle to NO 42 for 15 yards (4-K.McKinstry).
2025_15_CAR_NO,627.0,run,1.0,0.0,0.0,0.0,00-0040743,,00-0040743,00-0040743,-0.5217435343656689,(5:55) (Shotgun) 6-T.Shough scrambles right tackle pushed ob at NO 38 for 4 yards (8-Ja.Horn).
2025_15_CAR_NO,884.0,run,1.0,0.0,0.0,1.0,00-0039150,,00-0039150,00-0039150,-1.707557225599885,"(1:08) 9-B.Young scrambles left end pushed ob at CAR 44 for 2 yards (94-C.Jordan). PENALTY on CAR-79-I.Ekwonu, Unnecessary Roughness, 15 yards, enforced at CAR 44."
2025_15_CAR_NO,2448.0,run,1.0,0.0,0.0,0.0,00-0040743,,00-0040743,00-0040743,0.7724437245633453,(6:04) (Shotgun) 6-T.Shough scrambles left end ran ob at CAR 36 for 13 yards (2-M.Jackson).
2025_15_CAR_NO,2475.0,run,1.0,0.0,0.0,1.0,00-0040743,,00-0040743,00-0040743,1.0198019684758037,"(5:21) (Shotgun) 6-T.Shough scrambles up the middle to CAR 35 for 1 yard (95-D.Brown). PENALTY on CAR-95-D.Brown, Unnecessary Roughness, 15 yards, enforced at CAR 35."
2025_15_CAR_NO,2954.0,run,1.0,0.0,0.0,0.0,00-0039150,,00-0039150,00-0039150,2.0319004408083856,"(13:01) (Shotgun) 9-B.Young scrambles left end to NO 44 for 10 yards (31-J.Howden). Penalty on NO-99-C.Young, Defensive Offside, declined."
2025_15_CAR_NO,3497.0,run,1.0,0.0,0.0,0.0,00-0039150,,00-0039150,00-0039150,-0.5410801069810987,(6:10) (Shotgun) 9-B.Young scrambles right end ran ob at CAR 28 for 2 yards (94-C.Jordan).
2025_15_CAR_NO,3945.0,run,1.0,0.0,0.0,0.0,00-0039150,,00-0039150,00-0039150,1.5001546427374706,(2:12) (Shotgun) 9-B.Young scrambles left tackle to CAR 40 for 11 yards (33-J.Sanker).
2025_15_CAR_NO,4019.0,run,1.0,0.0,0.0,0.0,00-0039150,,00-0039150,00-0039150,-0.43258447968401015,(1:14) (Shotgun) 9-B.Young scrambles up the middle to CAR 43 for 7 yards (99-C.Young).
2025_15_CLE_CHI,674.0,run,1.0,0.0,0.0,0.0,00-0040668,,00-0040668,00-0040668,-0.094034134875983,(6:40) (Shotgun) 12-S.Sanders scrambles left end to CLE 39 for 9 yards (50-G.Jarrett).
2025_15_CLE_CHI,2900.0,run,1.0,0.0,0.0,0.0,00-0039918,,00-0039918,00-0039918,1.0572815553750843,(2:52) 18-C.Williams scrambles left end ran ob at CLE 38 for 14 yards (7-T.Campbell).
2025_15_CLE_CHI,3642.0,run,1.0,0.0,0.0,0.0,00-0040668,,00-0040668,00-0040668,1.3984313639812171,(6:43) (Shotgun) 12-S.Sanders scrambles right end to CLE 47 for 15 yards (31-K.Byard).
2025_15_DET_LA,2418.0,run,1.0,0.0,0.0,0.0,00-0026498,,00-0026498,00-0026498,-0.7871588605921715,(11:55) 9-M.Stafford scrambles right tackle to DET 25 for 2 yards (97-A.Hutchinson).
2025_15_GB_DEN,306.0,run,1.0,0.0,0.0,0.0,00-0036264,,00-0036264,00-0036264,2.1690592942759395,(9:41) 70-D.Kinnard reported in as eligible. 10-J.Love scrambles left end to DEN 42 for 1 yard (9-T.Hufanga).
2025_15_GB_DEN,848.0,run,1.0,0.0,0.0,0.0,00-0036264,,00-0036264,00-0036264,-0.1466854363679886,(:39) (Shotgun) 10-J.Love scrambles left end ran ob at DEN 13 for 4 yards (57-D.Greenlaw).
2025_15_GB_DEN,1258.0,run,1.0,0.0,0.0,0.0,00-0039732,,00-0039732,00-0039732,-0.38031042111106217,(9:40) 10-B.Nix scrambles right end ran ob at GB 26 for 1 yard (96-C.Wooden).
2025_15_GB_DEN,2837.0,run,1.0,0.0,0.0,0.0,00-0036264,,00-0036264,00-0036264,3.257085570367053,(7:17) (Shotgun) 10-J.Love scrambles left tackle to DEN 47 for 24 yards (2-P.Surtain).
2025_15_GB_DEN,4313.0,run,1.0,0.0,0.0,0.0,00-0039732,,00-0039732,00-0039732,-0.5013785818591714,(2:00) 73-F.Crum reported in as eligible. 10-B.Nix scrambles left end to GB 37 for 3 yards (7-Q.Walker; 39-Z.Anderson).
2025_15_IND_SEA,1498.0,run,1.0,0.0,0.0,0.0,00-0034869,,00-0034869,00-0034869,-0.6878551645204425,"(7:11) (Shotgun) 14-S.Darnold scrambles left end to SEA 11 for 1 yard (20-N.Cross). FUMBLES (20-N.Cross), ball out of bounds at SEA 10."
2025_15_IND_SEA,3417.0,run,1.0,0.0,0.0,0.0,00-0034869,,00-0034869,00-0034869,0.05042496952228248,(7:30) 14-S.Darnold scrambles left end to SEA 17 for 4 yards (92-N.Gallimore).
2025_15_LAC_KC,313.0,run,1.0,0.0,0.0,0.0,00-0033873,,00-0033873,00-0033873,2.540366066270508,"(8:59) (Shotgun) 15-P.Mahomes scrambles up the middle for 12 yards, TOUCHDOWN."
2025_15_LAC_KC,1841.0,run,1.0,0.0,0.0,0.0,00-0033873,,00-0033873,00-0033873,-0.19181102060247213,(1:24) (Shotgun) 15-P.Mahomes scrambles up the middle to KC 39 for 3 yards (98-O.Oweh).
2025_15_LV_PHI,580.0,run,1.0,0.0,0.0,0.0,00-0038102,,00-0038102,00-0038102,0.9334707197267562,(5:01) (No Huddle) 15-K.Pickett scrambles right end to PHI 46 for 8 yards (8-A.Jackson).
2025_15_LV_PHI,1339.0,run,1.0,0.0,0.0,1.0,00-0036389,,00-0036389,00-0036389,0.9432298841420561,"(7:21) (Shotgun) 1-J.Hurts scrambles right end ran ob at PHI 38 for 4 yards (33-J.Adams). PENALTY on LV-20-I.Pola-Mao, Defensive Holding, 5 yards, enforced at PHI 38."
2025_15_LV_PHI,1547.0,run,1.0,0.0,0.0,0.0,00-0036389,,00-0036389,00-0036389,1.9432715605944395,(2:38) (Shotgun) 1-J.Hurts scrambles right end ran ob at LV 2 for 8 yards (96-J.Laulu).
2025_15_LV_PHI,3015.0,run,1.0,0.0,0.0,0.0,00-0038400,,00-0038400,00-0038400,1.8503205368760973,(8:06) (Shotgun) 16-T.McKee scrambles up the middle to LV 42 for 9 yards (45-D.White).
2025_15_MIA_PIT,865.0,run,1.0,0.0,0.0,0.0,00-0036212,,00-0036212,00-0036212,-1.180723954923451,(12:13) (Shotgun) 1-T.Tagovailoa scrambles right tackle to MIA 39 for 1 yard (6-P.Queen).
2025_15_MIN_DAL,1254.0,run,1.0,0.0,0.0,0.0,00-0039923,,00-0039923,00-0039923,0.6509765872033313,(10:23) (Shotgun) 9-J.McCarthy scrambles right guard to DAL 1 for 7 yards (28-M.Hooker).
2025_15_MIN_DAL,3251.0,run,1.0,0.0,0.0,0.0,00-0039923,,00-0039923,00-0039923,1.0173026375705376,(11:37) (Shotgun) 9-J.McCarthy scrambles right tackle to DAL 40 for 8 yards (6-D.Wilson).
2025_15_NYJ_JAX,229.0,run,1.0,0.0,0.0,0.0,00-0036971,,00-0036971,00-0036971,0.47061348136048764,"(11:04) (No Huddle, Shotgun) 16-T.Lawrence scrambles up the middle to NYJ 4 for 7 yards (44-J.Sherwood; 56-Q.Williams)."
2025_15_NYJ_JAX,529.0,run,1.0,0.0,0.0,0.0,00-0036971,,00-0036971,00-0036971,3.5982890464365482,"(6:35) (Shotgun) 16-T.Lawrence scrambles left end for 15 yards, TOUCHDOWN. Penalty on NYJ-37-Q.Stiggers, Defensive Holding, declined."
2025_15_NYJ_JAX,1070.0,run,1.0,0.0,0.0,0.0,00-0040398,,00-0040398,00-0040398,0.8587894695810974,(14:14) (Shotgun) 4-B.Cook scrambles right end ran ob at NYJ 46 for 11 yards (44-T.Walker).
2025_15_NYJ_JAX,1725.0,run,1.0,0.0,0.0,0.0,00-0036971,,00-0036971,00-0036971,-0.06313108862377703,(4:19) (Shotgun) 16-T.Lawrence scrambles left end pushed ob at JAX 46 for 6 yards (22-T.Adams). NYJ-22-T.Adams was injured during the play.
2025_15_NYJ_JAX,2155.0,run,1.0,0.0,0.0,0.0,00-0036971,,00-0036971,00-0036971,0.7870520215074066,(:54) (Shotgun) 16-T.Lawrence scrambles up the middle to NYJ 32 for 20 yards (37-Q.Stiggers). NYJ-95-E.Watts was injured during the play.
2025_15_NYJ_JAX,2943.0,run,1.0,0.0,0.0,0.0,00-0040398,,00-0040398,00-0040398,-0.6193916415795684,(6:18) (Shotgun) 4-B.Cook scrambles left end ran ob at NYJ 30 for 2 yards (6-G.Newsome).
2025_15_NYJ_JAX,2980.0,run,1.0,0.0,0.0,0.0,00-0040398,,00-0040398,00-0040398,-0.11140922689810395,(5:34) (Shotgun) 4-B.Cook scrambles right end to NYJ 42 for 12 yards (22-J.Jones).
2025_15_NYJ_JAX,3669.0,run,1.0,0.0,0.0,0.0,00-0040398,,00-0040398,00-0040398,-0.7542277327738702,(11:26) (Shotgun) 4-B.Cook scrambles right end pushed ob at NYJ 46 for 6 yards (26-An.Johnson).
2025_15_NYJ_JAX,4247.0,run,1.0,0.0,0.0,0.0,00-0040398,,00-0040398,00-0040398,0.2519757845439017,(1:57) (Shotgun) 4-B.Cook scrambles right guard to JAX 36 for 6 yards (51-V.Miller). ** Injury Update: NYJ-76-J.Simpson has returned to the game.
2025_15_TEN_SF,230.0,run,1.0,0.0,0.0,0.0,00-0037834,,00-0037834,00-0037834,-0.059936261153779924,(12:32) (No Huddle) 13-B.Purdy scrambles right end to TEN 26 for 4 yards (33-C.Gray; 53-J.Ward).
2025_15_TEN_SF,318.0,run,1.0,0.0,0.0,0.0,00-0037834,,00-0037834,00-0037834,-0.2518985756323673,(10:07) (Shotgun) 13-B.Purdy scrambles right end pushed ob at TEN 13 for 3 yards (33-C.Gray).
2025_15_TEN_SF,1605.0,run,1.0,0.0,0.0,0.0,00-0037834,,00-0037834,00-0037834,0.9240720154484734,(4:08) (Shotgun) 13-B.Purdy scrambles left end to TEN 30 for 5 yards (39-D.Baker).
2025_15_TEN_SF,2542.0,run,1.0,0.0,0.0,0.0,00-0037834,,00-0037834,00-0037834,1.8603060864843428,(10:03) 13-B.Purdy scrambles left end pushed ob at SF 46 for 26 yards (50-C.Barton).
2025_15_TEN_SF,3389.0,run,1.0,0.0,0.0,0.0,00-0037834,,00-0037834,00-0037834,-0.5550413673045114,(13:33) 13-B.Purdy scrambles right end ran ob at TEN 39 for 1 yard (39-D.Baker).
2025_15_WAS_NYG,84.0,run,1.0,0.0,0.0,0.0,00-0032268,,00-0032268,00-0032268,0.946633140090853,"(14:18) (No Huddle, Shotgun) 8-M.Mariota scrambles left end pushed ob at WAS 40 for 8 yards (53-D.Muasau)."
2025_15_WAS_NYG,377.0,run,1.0,0.0,0.0,0.0,00-0032268,,00-0032268,00-0032268,0.19898936799265265,"(10:10) (No Huddle, Shotgun) 8-M.Mariota scrambles right end to NYG 28 for 11 yards (27-T.Nubin)."
2025_15_WAS_NYG,684.0,run,1.0,0.0,0.0,0.0,00-0032268,,00-0032268,00-0032268,-0.10456813545897603,"(5:17) (No Huddle, Shotgun) 8-M.Mariota scrambles left end pushed ob at NYG 40 for 5 yards (53-D.Muasau)."
2025_15_WAS_NYG,1601.0,run,1.0,0.0,0.0,1.0,00-0040691,,00-0040691,00-0040691,1.0878070652252063,"(6:22) (No Huddle, Shotgun) 6-J.Dart scrambles right end to WAS 47 for 5 yards (54-B.Wagner). PENALTY on WAS-6-N.Igbinoghene, Defensive Holding, 5 yards, enforced at WAS 47."
2025_15_WAS_NYG,1659.0,run,1.0,0.0,0.0,0.0,00-0040691,,00-0040691,00-0040691,2.234937138709938,(5:19) (Shotgun) 6-J.Dart scrambles up the middle to WAS 12 for 29 yards (3-W.Harris; 4-F.Luvu).
2025_15_WAS_NYG,1832.0,run,1.0,0.0,0.0,0.0,00-0032268,,00-0032268,00-0032268,-0.2781749109271914,"(3:16) (No Huddle, Shotgun) 8-M.Mariota scrambles up the middle to WAS 15 for 2 yards (51-A.Carter)."
2025_15_WAS_NYG,2379.0,run,1.0,0.0,0.0,1.0,00-0040691,,00-0040691,00-0040691,0.8368163122795522,"(13:52) 6-J.Dart scrambles right tackle to NYG 41 for 7 yards (4-F.Luvu). PENALTY on WAS-34-A.Hamilton, Illegal Contact, 5 yards, enforced at NYG 41."
2025_15_WAS_NYG,2653.0,run,1.0,0.0,0.0,0.0,00-0032268,,00-0032268,00-0032268,0.08488915022462606,"(10:08) (No Huddle, Shotgun) 8-M.Mariota scrambles right tackle to WAS 36 for 7 yards (22-A.Phillips)."
2025_15_WAS_NYG,2787.0,run,1.0,0.0,0.0,0.0,00-0040691,,00-0040691,00-0040691,0.12491171481087804,(8:17) (Shotgun) 6-J.Dart scrambles right end to NYG 25 for 6 yards (58-J.Magee).
2025_15_WAS_NYG,3006.0,run,1.0,0.0,0.0,0.0,00-0040691,,00-0040691,00-0040691,0.09040573472157121,"(4:42) (No Huddle, Shotgun) 6-J.Dart scrambles up the middle to NYG 36 for 5 yards (95-J.Newton)."
2025_15_WAS_NYG,4282.0,run,1.0,0.0,0.0,0.0,00-0040691,,00-0040691,00-0040691,0.8375698702584486,"(2:10) (No Huddle, Shotgun) 6-J.Dart scrambles up the middle to WAS 40 for 8 yards (54-B.Wagner)."
2025_16_BUF_CLE,320.0,run,1.0,0.0,0.0,0.0,00-0034857,,00-0034857,00-0034857,0.42501353519037366,(10:42) 17-J.Allen scrambles right end to BUF 27 for 7 yards (30-D.Bush).
2025_16_BUF_CLE,814.0,run,1.0,0.0,0.0,0.0,00-0034857,,00-0034857,00-0034857,0.1521328638191335,(:43) 17-J.Allen scrambles right end pushed ob at CLE 23 for 5 yards (30-D.Bush).
2025_16_BUF_CLE,1067.0,run,1.0,0.0,0.0,0.0,00-0040668,,00-0040668,00-0040668,1.6940749476198107,(12:10) (Shotgun) 12-S.Sanders scrambles up the middle to CLE 45 for 13 yards (7-Ta.Johnson; 58-M.Milano).
2025_16_BUF_CLE,1143.0,run,1.0,0.0,0.0,0.0,00-0040668,,00-0040668,00-0040668,0.3599098495906219,"(10:10) (No Huddle, Shotgun) 12-S.Sanders scrambles left tackle to BUF 38 for 6 yards (57-A.Epenesa)."
2025_16_BUF_CLE,1187.0,run,1.0,0.0,0.0,0.0,00-0040668,,00-0040668,00-0040668,1.6703068789211102,(8:41) (Shotgun) 98-A.Huntington reported in as eligible. 12-S.Sanders scrambles right tackle to BUF 20 for 16 yards (21-J.Poyer).
2025_16_BUF_CLE,2669.0,run,1.0,0.0,0.0,0.0,00-0040668,,00-0040668,00-0040668,1.3969917818321846,(5:05) (Shotgun) 12-S.Sanders scrambles right tackle to BUF 15 for 14 yards (24-C.Bishop).
2025_16_CIN_MIA,1109.0,run,1.0,0.0,0.0,0.0,00-0036442,,00-0036442,00-0036442,0.1568146082572639,(11:43) (Shotgun) 9-J.Burrow scrambles up the middle to CIN 20 for 5 yards (20-J.Brooks).
2025_16_CIN_MIA,1895.0,run,1.0,0.0,0.0,0.0,00-0040234,,00-0040234,00-0040234,-0.015294511220417917,(1:19) (Shotgun) 14-Q.Ewers scrambles up the middle to MIA 45 for 5 yards (44-D.Knight).
2025_16_GB_CHI,432.0,run,1.0,0.0,0.0,0.0,00-0039918,,00-0039918,00-0039918,0.7615694194100797,(7:53) 18-C.Williams scrambles left end ran ob at CHI 48 for 9 yards (56-E.Cooper). CHI-2-D.Moore was injured during the play.
2025_16_GB_CHI,662.0,run,1.0,0.0,0.0,0.0,00-0036264,,00-0036264,00-0036264,1.6353793030139059,(3:01) (Shotgun) 10-J.Love scrambles right tackle to GB 33 for 7 yards (49-T.Edmunds; 53-T.Edwards).
2025_16_GB_CHI,1467.0,run,1.0,0.0,0.0,0.0,00-0038128,,00-0038128,00-0038128,0.28930296999169514,(5:12) 2-M.Willis scrambles right tackle to CHI 39 for 7 yards (53-T.Edwards).
2025_16_GB_CHI,2255.0,run,1.0,0.0,0.0,0.0,00-0038128,,00-0038128,00-0038128,0.7058628930244595,(9:27) (Shotgun) 2-M.Willis scrambles right end ran ob at CHI 14 for 11 yards (94-A.Booker). GB-11-J.Reed was injured during the play. GB-9-C.Watson was injured during the play.
2025_16_GB_CHI,3081.0,run,1.0,0.0,0.0,1.0,00-0038128,,00-0038128,00-0038128,1.1394513458944857,"(10:45) 2-M.Willis scrambles right end to GB 41 for 4 yards (9-J.Brisker). PENALTY on CHI-9-J.Brisker, Unnecessary Roughness, 15 yards, enforced at GB 41."
2025_16_GB_CHI,3139.0,run,1.0,0.0,0.0,0.0,00-0038128,,00-0038128,00-0038128,0.41696582816075534,(9:30) 70-D.Kinnard reported in as eligible. 2-M.Willis scrambles right guard to CHI 35 for 6 yards (53-T.Edwards).
2025_16_GB_CHI,3436.0,run,1.0,0.0,0.0,0.0,00-0039918,,00-0039918,00-0039918,-0.38026750832796097,(4:26) (Shotgun) 18-C.Williams scrambles left tackle to GB 48 for 9 yards (20-J.Bullard).
2025_16_GB_CHI,3459.0,run,1.0,0.0,0.0,0.0,00-0039918,,00-0039918,00-0039918,2.6912330363993533,(4:00) (Shotgun) 18-C.Williams scrambles left end to GB 36 for 12 yards (7-Q.Walker).
2025_16_JAX_DEN,883.0,run,1.0,0.0,0.0,0.0,00-0036971,,00-0036971,00-0036971,0.9408078102278523,(1:53) 16-T.Lawrence scrambles left end to DEN 18 for 7 yards (0-J.Cooper; 15-N.Bonitto).
2025_16_JAX_DEN,3443.0,run,1.0,0.0,0.0,0.0,00-0039732,,00-0039732,00-0039732,-0.10337141901254654,(13:29) (Shotgun) 10-B.Nix scrambles up the middle to DEN 36 for 4 yards (0-D.Lloyd).
2025_16_JAX_DEN,3925.0,run,1.0,0.0,0.0,0.0,00-0036971,,00-0036971,00-0036971,1.6420346279628575,(6:43) (Shotgun) 16-T.Lawrence scrambles left end pushed ob at JAX 42 for 10 yards (0-J.Cooper).
2025_16_KC_TEN,166.0,run,1.0,0.0,0.0,0.0,00-0035289,,00-0035289,00-0035289,-0.49979111133143306,(13:33) (Shotgun) 17-G.Minshew scrambles up the middle to KC 26 for 8 yards (52-J.Williams).
2025_16_KC_TEN,1983.0,run,1.0,0.0,0.0,0.0,00-0037324,,00-0037324,00-0037324,-0.4128167589660734,(1:32) (Shotgun) 19-C.Oladokun scrambles left tackle to KC 37 for 5 yards (52-J.Williams).
2025_16_KC_TEN,3114.0,run,1.0,0.0,0.0,0.0,00-0040676,,00-0040676,00-0040676,0.5001609441824257,(1:21) (Shotgun) 1-C.Ward scrambles right tackle pushed ob at KC 42 for 11 yards (23-D.Tranquill).
2025_16_KC_TEN,3487.0,run,1.0,0.0,0.0,0.0,00-0037324,,00-0037324,00-0037324,-0.6065571932122111,(11:45) (Shotgun) 19-C.Oladokun scrambles right end pushed ob at KC 18 for 2 yards (52-J.Williams).
2025_16_LAC_DAL,730.0,run,1.0,0.0,0.0,0.0,00-0033077,,00-0033077,00-0033077,0.7134824590757489,(3:06) (Shotgun) 4-D.Prescott scrambles up the middle to LAC 32 for 8 yards (23-T.Jefferson; 43-T.Dye).
2025_16_LAC_DAL,1780.0,run,1.0,0.0,0.0,0.0,00-0036355,,00-0036355,00-0036355,-0.0988813266158104,(2:00) (Shotgun) 10-J.Herbert scrambles left end ran ob at DAL 27 for 4 yards (50-S.James).
2025_16_LAC_DAL,2198.0,run,1.0,0.0,0.0,0.0,00-0036355,,00-0036355,00-0036355,-1.149710112852321,(12:38) (Shotgun) 10-J.Herbert scrambles up the middle to DAL 19 for 1 yard (95-K.Clark).
2025_16_LAC_DAL,2409.0,run,1.0,0.0,0.0,0.0,00-0033077,,00-0033077,00-0033077,-0.9014316978864372,(9:48) (Shotgun) 4-D.Prescott scrambles up the middle to DAL 41 for 6 yards (3-D.James).
2025_16_LAC_DAL,2451.0,run,1.0,0.0,0.0,0.0,00-0036355,,00-0036355,00-0036355,-0.31399553176015615,(9:04) 10-J.Herbert scrambles right guard to LAC 20 for 3 yards (50-S.James).
2025_16_LAC_DAL,2971.0,run,1.0,0.0,0.0,0.0,00-0036355,,00-0036355,00-0036355,3.366972981602885,"(14:40) (Shotgun) 10-J.Herbert scrambles right guard to DAL 34 for 34 yards (34-S.Revel, 14-M.Bell). FUMBLES (14-M.Bell), and recovers at DAL 34."
2025_16_LAC_DAL,3776.0,run,1.0,0.0,0.0,0.0,00-0039398,,00-0039398,00-0039398,-5.423354918370023,"(4:14) (Shotgun) 10-J.Milton scrambles right end to LAC 44 for 10 yards (3-D.James). FUMBLES (3-D.James), RECOVERED by LAC-45-T.Tuipulotu at LAC 47. 45-T.Tuipulotu to DAL 42 for 11 yards (3-G.Pickens)."
2025_16_LA_SEA,196.0,run,1.0,0.0,0.0,0.0,00-0026498,,00-0026498,00-0026498,-0.16072028642520308,(11:53) 9-M.Stafford scrambles left guard to SEA 44 for 4 yards (13-E.Jones).
2025_16_LA_SEA,1224.0,run,1.0,0.0,0.0,0.0,00-0034869,,00-0034869,00-0034869,-0.5123623465187848,(12:45) (Shotgun) 14-S.Darnold scrambles up the middle to SEA 31 for 1 yard (8-J.Verse).
2025_16_LA_SEA,1794.0,run,1.0,0.0,0.0,1.0,00-0034869,,00-0034869,00-0034869,0.8516083682188764,"(:58) (Shotgun) 14-S.Darnold scrambles left end pushed ob at LA 39 for 4 yards (26-K.Kinchens). PENALTY on LA-30-J.Wallace, Defensive Holding, 5 yards, enforced at LA 39."
2025_16_LA_SEA,2316.0,run,1.0,0.0,0.0,0.0,00-0026498,,00-0026498,00-0026498,-0.4045178459491581,(10:20) 9-M.Stafford scrambles right end pushed ob at SEA 16 for 2 yards (21-D.Witherspoon).
2025_16_LV_HOU,1341.0,run,1.0,0.0,0.0,0.0,00-0039163,,00-0039163,00-0039163,-0.5187790046911687,(11:45) 7-C.Stroud scrambles right end ran ob at HOU 35 for 2 yards (45-D.White).
2025_16_MIN_NYG,593.0,run,1.0,0.0,0.0,0.0,00-0039923,,00-0039923,00-0039923,0.5286852717399597,(5:16) 9-J.McCarthy scrambles up the middle to MIN 23 for 8 yards (58-B.Okereke; 53-D.Muasau).
2025_16_MIN_NYG,1696.0,run,1.0,0.0,0.0,0.0,00-0039923,,00-0039923,00-0039923,3.291336140653584,"(2:09) (Shotgun) 9-J.McCarthy scrambles right end for 12 yards, TOUCHDOWN."
2025_16_MIN_NYG,1853.0,run,1.0,0.0,0.0,0.0,00-0040691,,00-0040691,00-0040691,-0.37121616990771145,(1:13) (Shotgun) 6-J.Dart scrambles up the middle to NYG 26 for 4 yards (43-A.Van Ginkel).
2025_16_NE_BAL,733.0,run,1.0,0.0,0.0,0.0,00-0039851,,00-0039851,00-0039851,-0.5924276208970696,(1:08) (Shotgun) 10-D.Maye scrambles up the middle to NE 38 for 2 yards (45-M.Green; 97-B.Urban).
2025_16_NE_BAL,2412.0,run,1.0,0.0,0.0,0.0,00-0039851,,00-0039851,00-0039851,0.6214574595214799,(9:13) (Shotgun) 10-D.Maye scrambles left end pushed ob at BAL 22 for 8 yards (0-R.Smith).
2025_16_NE_BAL,3420.0,run,1.0,0.0,0.0,0.0,00-0039851,,00-0039851,00-0039851,-0.3744431047234684,(10:19) (Shotgun) 10-D.Maye scrambles right guard to BAL 46 for 2 yards (0-R.Smith).
2025_16_NE_BAL,3634.0,run,1.0,0.0,0.0,0.0,00-0035993,,00-0035993,00-0035993,-0.5892068622633815,(6:43) 5-T.Huntley scrambles left tackle to BAL 46 for 3 yards (53-C.Elliss).
2025_16_NYJ_NO,1345.0,run,1.0,0.0,0.0,0.0,00-0040743,,00-0040743,00-0040743,-0.06842946168035269,"(11:12) (No Huddle, Shotgun) 6-T.Shough scrambles right guard to NO 44 for 4 yards (27-M.Moore)."
2025_16_NYJ_NO,1486.0,run,1.0,0.0,0.0,0.0,00-0040398,,00-0040398,00-0040398,-1.1635841124225408,(8:08) (Shotgun) 4-B.Cook scrambles right tackle to NO 47 for 2 yards (96-C.Granderson).
2025_16_NYJ_NO,3055.0,run,1.0,0.0,0.0,0.0,00-0040743,,00-0040743,00-0040743,-0.20681870123371482,"(2:56) (No Huddle, Shotgun) 6-T.Shough scrambles left tackle to NYJ 35 for 4 yards (56-Q.Williams)."
2025_16_PHI_WAS,322.0,run,1.0,0.0,0.0,0.0,00-0036389,,00-0036389,00-0036389,-0.6629288285039365,(10:53) (Shotgun) 1-J.Hurts scrambles left end pushed ob at PHI 35 for 3 yards (58-J.Magee).
2025_16_PHI_WAS,680.0,run,1.0,0.0,0.0,0.0,00-0036389,,00-0036389,00-0036389,0.7713957884116098,"(5:28) (No Huddle, Shotgun) 1-J.Hurts scrambles right end to WAS 33 for 14 yards (31-J.Jones)."
2025_16_PHI_WAS,1099.0,run,1.0,0.0,0.0,0.0,00-0036389,,00-0036389,00-0036389,1.6196801774203777,(14:49) (Shotgun) 1-J.Hurts scrambles right end ran ob at PHI 26 for 16 yards (20-Q.Martin).
2025_16_PHI_WAS,1753.0,run,1.0,0.0,0.0,0.0,00-0036389,,00-0036389,00-0036389,-0.17644405498867854,"(1:30) (No Huddle, Shotgun) 1-J.Hurts scrambles up the middle to PHI 47 for 3 yards (4-F.Luvu)."
2025_16_PHI_WAS,3077.0,run,1.0,0.0,0.0,0.0,00-0036389,,00-0036389,00-0036389,1.0856056682532653,(14:18) (Shotgun) 1-J.Hurts scrambles right end ran ob at WAS 26 for 4 yards (39-J.Reaves).
2025_16_PIT_DET,2432.0,run,1.0,0.0,0.0,0.0,00-0023459,,00-0023459,00-0023459,-0.48216636874713004,(11:23) (No Huddle) 8-A.Rodgers scrambles right end ran ob at DET 9 for 2 yards (46-J.Campbell).
2025_16_PIT_DET,2732.0,run,1.0,0.0,0.0,0.0,00-0023459,,00-0023459,00-0023459,-0.638201158028096,"(7:25) (No Huddle, Shotgun) 8-A.Rodgers scrambles left tackle to DET 42 for 7 yards (12-T.Harper)."
2025_16_SF_IND,1278.0,run,1.0,0.0,0.0,0.0,00-0037834,,00-0037834,00-0037834,-0.17011979734525084,(13:20) (Shotgun) 13-B.Purdy scrambles up the middle to IND 48 for 9 yards (0-C.Bynum).
2025_16_TB_CAR,2147.0,run,1.0,0.0,0.0,0.0,00-0034855,,00-0034855,00-0034855,2.9475689493119717,(13:33) (Shotgun) 6-B.Mayfield scrambles right end ran ob at CAR 40 for 23 yards (21-N.Scott).
2025_16_TB_CAR,2549.0,run,1.0,0.0,0.0,0.0,00-0039150,,00-0039150,00-0039150,0.32318220497108996,(6:41) (Shotgun) 9-B.Young scrambles right end to CAR 38 for 8 yards (5-H.Reddick).
2025_16_TB_CAR,2628.0,run,1.0,0.0,0.0,0.0,00-0039150,,00-0039150,00-0039150,-0.2019647411070764,(4:38) (Shotgun) 9-B.Young scrambles left tackle to TB 38 for 4 yards (90-L.Hall; 96-G.Gaines).
2025_16_TB_CAR,3705.0,run,1.0,0.0,0.0,0.0,00-0034855,,00-0034855,00-0034855,1.4493588064797223,(2:00) (Shotgun) 6-B.Mayfield scrambles left guard ran ob at TB 42 for 26 yards (21-N.Scott).
2025_17_ARI_CIN,496.0,run,1.0,0.0,0.0,0.0,00-0036442,,00-0036442,00-0036442,-0.46074038418009877,(7:48) 61-C.Ford reported in as eligible. 9-J.Burrow scrambles right end to CIN 23 for 2 yards (50-C.Simon).
2025_17_ARI_CIN,3520.0,run,1.0,0.0,0.0,0.0,00-0026158,,00-0026158,00-0026158,1.3635063250549138,(10:46) (Shotgun) 16-J.Flacco scrambles left tackle to CIN 25 for 5 yards (93-C.Campbell).
2025_17_BAL_GB,132.0,run,1.0,0.0,0.0,0.0,00-0035993,,00-0035993,00-0035993,0.71248375531286,(13:08) 5-T.Huntley scrambles right end to GB 43 for 7 yards (7-Q.Walker).
2025_17_BAL_GB,805.0,run,1.0,0.0,0.0,0.0,00-0035993,,00-0035993,00-0035993,1.0936100728577003,(:58) (Shotgun) 5-T.Huntley scrambles left end ran ob at GB 18 for 9 yards (29-X.McKinney).
2025_17_BAL_GB,2265.0,run,1.0,0.0,0.0,0.0,00-0038128,,00-0038128,00-0038128,1.8419289696030319,(11:51) (Shotgun) 2-M.Willis scrambles up the middle to BAL 8 for 12 yards (95-T.Robinson). BAL-44-M.Humphrey was injured during the play.
2025_17_BAL_GB,2344.0,run,1.0,0.0,0.0,0.0,00-0038128,,00-0038128,00-0038128,-1.3808361476142972,(9:54) (Shotgun) 2-M.Willis scrambles left end to BAL 6 for 1 yard (32-T.Simpson).
2025_17_BAL_GB,2860.0,run,1.0,0.0,0.0,0.0,00-0038128,,00-0038128,00-0038128,1.7633312658290379,"(2:08) (No Huddle, Shotgun) 2-M.Willis scrambles right end for 11 yards, TOUCHDOWN."
2025_17_BAL_GB,3105.0,run,1.0,0.0,0.0,0.0,00-0035993,,00-0035993,00-0035993,1.571541357319802,(13:41) (Shotgun) 5-T.Huntley scrambles up the middle to GB 26 for 9 yards (25-K.Nixon).
2025_17_BAL_GB,3291.0,run,1.0,0.0,0.0,0.0,00-0038128,,00-0038128,00-0038128,-0.08689087210223079,(10:04) (Shotgun) 2-M.Willis scrambles right end to GB 33 for 5 yards (95-T.Robinson).
2025_17_BAL_GB,3343.0,run,1.0,0.0,0.0,0.0,00-0038128,,00-0038128,00-0038128,0.4745446795132011,(8:59) 2-M.Willis scrambles left end ran ob at BAL 48 for 10 yards (14-K.Hamilton).
2025_17_CHI_SF,553.0,run,1.0,0.0,0.0,0.0,00-0037834,,00-0037834,00-0037834,-0.4540702002122998,(8:41) (Shotgun) 13-B.Purdy scrambles right tackle to SF 35 for 4 yards (93-J.Tryon).
2025_17_CHI_SF,765.0,run,1.0,0.0,0.0,0.0,00-0037834,,00-0037834,00-0037834,1.7383731029112823,"(4:59) 13-B.Purdy scrambles left end for 10 yards, TOUCHDOWN."
2025_17_CHI_SF,1896.0,run,1.0,0.0,0.0,0.0,00-0039918,,00-0039918,00-0039918,-0.5149696015287191,(3:18) 18-C.Williams scrambles right end ran ob at CHI 22 for 2 yards (53-D.Winters).
2025_17_CHI_SF,2042.0,run,1.0,0.0,0.0,0.0,00-0037834,,00-0037834,00-0037834,-0.08649891609093174,(1:06) (Shotgun) 13-B.Purdy scrambles right end to SF 11 for 2 yards (98-M.Sweat).
2025_17_CHI_SF,3034.0,run,1.0,0.0,0.0,0.0,00-0039918,,00-0039918,00-0039918,-0.22188150451984257,(1:03) (Shotgun) 18-C.Williams scrambles left end to SF 31 for 6 yards (53-D.Winters).
2025_17_CHI_SF,3225.0,run,1.0,0.0,0.0,0.0,00-0037834,,00-0037834,00-0037834,-0.1684401365928352,(13:48) (Shotgun) 13-B.Purdy scrambles left tackle pushed ob at SF 34 for 5 yards (49-T.Edmunds).
2025_17_CHI_SF,3399.0,run,1.0,0.0,0.0,0.0,00-0039918,,00-0039918,00-0039918,-0.33381935860961676,(10:41) 18-C.Williams scrambles left end pushed ob at CHI 39 for 3 yards (25-J.Pinnock).
2025_17_CHI_SF,4085.0,run,1.0,0.0,0.0,0.0,00-0039918,,00-0039918,00-0039918,0.6971807185909711,(1:24) (Shotgun) 18-C.Williams scrambles left end pushed ob at SF 45 for 4 yards (53-D.Winters).
2025_17_DAL_WAS,1889.0,run,1.0,0.0,0.0,0.0,00-0033077,,00-0033077,00-0033077,0.9875847167568281,(3:22) (Shotgun) 4-D.Prescott scrambles right end to DAL 44 for 12 yards (3-W.Harris; 55-J.Martin).
2025_17_DAL_WAS,1957.0,run,1.0,0.0,0.0,0.0,00-0033077,,00-0033077,00-0033077,0.15624043892603368,(2:00) (Shotgun) 4-D.Prescott scrambles up the middle to 50 for 6 yards (54-B.Wagner).
2025_17_DAL_WAS,2355.0,run,1.0,0.0,0.0,0.0,00-0026300,,00-0026300,00-0026300,-0.10644032433629036,(13:42) (Shotgun) 14-J.Johnson scrambles left tackle to WAS 40 for 5 yards (50-S.James).
2025_17_DAL_WAS,3106.0,run,1.0,0.0,0.0,0.0,00-0026300,,00-0026300,00-0026300,-0.007557274540886283,(4:36) (Shotgun) 14-J.Johnson scrambles up the middle to WAS 35 for 5 yards (50-S.James).
2025_17_DEN_KC,773.0,run,1.0,0.0,0.0,0.0,00-0037324,,00-0037324,00-0037324,-0.16741555754560977,(:48) (Shotgun) 19-C.Oladokun scrambles left guard to DEN 16 for 4 yards (23-J.Barron).
2025_17_DEN_KC,1444.0,run,1.0,0.0,0.0,0.0,00-0039732,,00-0039732,00-0039732,1.9027018009219319,(5:35) (Shotgun) 10-B.Nix scrambles right end to DEN 42 for 14 yards (56-G.Karlaftis).
2025_17_DEN_KC,1545.0,run,1.0,0.0,0.0,0.0,00-0039732,,00-0039732,00-0039732,0.2390013801632449,(3:22) (Shotgun) 10-B.Nix scrambles right end ran ob at KC 43 for 9 yards (27-C.Conner).
2025_17_DEN_KC,2359.0,run,1.0,0.0,0.0,0.0,00-0039732,,00-0039732,00-0039732,-0.40372208721237257,(4:11) 10-B.Nix scrambles right end ran ob at KC 14 for 2 yards (32-N.Bolton; 59-C.McDonald).
2025_17_DEN_KC,2444.0,run,1.0,0.0,0.0,0.0,00-0039732,,00-0039732,00-0039732,1.9817061320645735,"(2:02) (Shotgun) 10-B.Nix scrambles left tackle for 9 yards, TOUCHDOWN."
2025_17_DEN_KC,3209.0,run,1.0,0.0,0.0,0.0,00-0039732,,00-0039732,00-0039732,0.5787481163279153,(3:11) (Shotgun) 10-B.Nix scrambles left end to KC 12 for 8 yards (32-N.Bolton).
2025_17_DEN_KC,3531.0,run,1.0,0.0,0.0,0.0,00-0037324,,00-0037324,00-0037324,0.41765217468491755,"(:43) (No Huddle, Shotgun) 19-C.Oladokun scrambles left tackle to DEN 21 for 7 yards (15-N.Bonitto)."
2025_17_DET_MIN,471.0,run,1.0,0.0,0.0,0.0,00-0040494,,00-0040494,00-0040494,1.1495303369592875,(7:03) (Shotgun) 12-M.Brosmer scrambles right end ran ob at DET 37 for 11 yards (55-D.Barnes).
2025_17_DET_MIN,2245.0,run,1.0,0.0,0.0,1.0,00-0040494,,00-0040494,00-0040494,0.6524803685024381,"(7:57) 12-M.Brosmer scrambles left guard to MIN 43 for 5 yards (13-J.Mills; 46-J.Campbell). PENALTY on DET-23-R.Ya-Sin, Defensive Holding, 5 yards, enforced at MIN 43."
2025_17_HOU_LAC,1697.0,run,1.0,0.0,0.0,0.0,00-0036355,,00-0036355,00-0036355,-0.4507346705067903,(2:00) (Shotgun) 10-J.Herbert scrambles left end pushed ob at LAC 26 for 2 yards (39-H.To'oTo'o; 11-T.Smith).
2025_17_HOU_LAC,2160.0,run,1.0,0.0,0.0,0.0,00-0036355,,00-0036355,00-0036355,0.3258754026610404,(15:00) (Shotgun) 64-T.Penning reported in as eligible. 10-J.Herbert scrambles right tackle to LAC 42 for 7 yards (24-D.Stingley).
2025_17_HOU_LAC,2690.0,run,1.0,0.0,0.0,0.0,00-0036355,,00-0036355,00-0036355,-0.5316147163975984,(5:58) 10-J.Herbert scrambles up the middle to LAC 38 for 2 yards (91-N.Jones).
2025_17_HOU_LAC,2857.0,run,1.0,0.0,0.0,0.0,00-0036355,,00-0036355,00-0036355,3.7723706763936207,(2:51) (Shotgun) 10-J.Herbert scrambles up the middle ran ob at HOU 16 for 28 yards (5-J.Pitre). HOU-24-D.Stingley was injured during the play.
2025_17_HOU_LAC,3727.0,run,1.0,0.0,0.0,0.0,00-0036355,,00-0036355,00-0036355,-0.4153502064291388,(5:48) (Shotgun) 10-J.Herbert scrambles left end to HOU 42 for 2 yards (55-D.Hunter).
2025_17_JAX_IND,287.0,run,1.0,0.0,0.0,0.0,00-0036971,,00-0036971,00-0036971,-0.5843808255158365,(11:06) (Shotgun) 16-T.Lawrence scrambles left end to JAX 19 for 1 yard (53-G.Pratt; 1-A.Gardner).
2025_17_JAX_IND,1290.0,run,1.0,0.0,0.0,0.0,00-0036971,,00-0036971,00-0036971,2.4519090359681286,"(5:45) (Shotgun) 16-T.Lawrence scrambles left end for 4 yards, TOUCHDOWN."
2025_17_JAX_IND,1787.0,run,1.0,0.0,0.0,0.0,00-0036971,,00-0036971,00-0036971,0.5283705750480294,"(:52) (Shotgun) 16-T.Lawrence scrambles left end to IND 49 for 11 yards (20-N.Cross). ** Injury Update: JAX-7-B.Thomas has returned to the game. Penalty on IND-97-L.Latu, Defensive Offside, declined."
2025_17_JAX_IND,1820.0,run,1.0,0.0,0.0,0.0,00-0036971,,00-0036971,00-0036971,0.29050952260149643,(:43) (Shotgun) 16-T.Lawrence scrambles left end pushed ob at IND 43 for 6 yards (53-G.Pratt).
2025_17_NE_NYJ,1413.0,run,1.0,0.0,0.0,0.0,00-0039851,,00-0039851,00-0039851,0.6809168021427467,(7:13) (Shotgun) 10-D.Maye scrambles left guard to NYJ 19 for 9 yards (44-J.Sherwood).
2025_17_NE_NYJ,1457.0,run,1.0,0.0,0.0,0.0,00-0039851,,00-0039851,00-0039851,2.692295679531526,(5:41) (Shotgun) 10-D.Maye scrambles left end ran ob at NYJ 9 for 11 yards (44-J.Sherwood).
2025_17_NO_TEN,477.0,run,1.0,0.0,0.0,0.0,00-0040743,,00-0040743,00-0040743,-0.4199874431360513,"(8:17) (No Huddle, Shotgun) 6-T.Shough scrambles up the middle to TEN 25 for 2 yards (33-C.Gray)."
2025_17_NO_TEN,582.0,run,1.0,0.0,0.0,0.0,00-0040676,,00-0040676,00-0040676,0.0409155716188252,(7:00) 1-C.Ward scrambles up the middle to TEN 41 for 5 yards (1-A.Taylor).
2025_17_NO_TEN,930.0,run,1.0,0.0,0.0,0.0,00-0040676,,00-0040676,00-0040676,-0.07049691211432219,(15:00) 1-C.Ward scrambles up the middle to NO 46 for 5 yards (28-D.Stutsman).
2025_17_NO_TEN,1092.0,run,1.0,0.0,0.0,0.0,00-0040743,,00-0040743,00-0040743,0.31596251809969544,(12:05) (Shotgun) 6-T.Shough scrambles up the middle to NO 25 for 7 yards (33-C.Gray).
2025_17_NYG_LV,1373.0,run,1.0,0.0,0.0,0.0,00-0040691,,00-0040691,00-0040691,0.015560529194772243,(7:43) (Shotgun) 6-J.Dart scrambles up the middle to LV 39 for 2 yards (92-J.Pegues).
2025_17_NYG_LV,2412.0,run,1.0,0.0,0.0,0.0,00-0040691,,00-0040691,00-0040691,1.9662352476734668,(9:25) (Shotgun) 6-J.Dart scrambles left tackle ran ob at LV 8 for 17 yards (32-L.Johnson; 45-D.White). ** Injury Update: LV-33-J.Adams has returned to the game.
2025_17_NYG_LV,2841.0,run,1.0,0.0,0.0,0.0,00-0030565,,00-0030565,00-0030565,-0.8207931905053556,"(1:16) (No Huddle, Shotgun) 7-G.Smith scrambles up the middle to NYG 4 for 1 yard (95-R.Robertson-Harris)."
2025_17_NYG_LV,3583.0,run,1.0,0.0,0.0,0.0,00-0040691,,00-0040691,00-0040691,2.866365804336965,"(3:45) 6-J.Dart scrambles left end for 2 yards, TOUCHDOWN."
2025_17_PHI_BUF,1402.0,run,1.0,0.0,0.0,1.0,00-0036389,,00-0036389,00-0036389,2.223947207792662,"(7:01) (Shotgun) 1-J.Hurts scrambles right end pushed ob at BUF 39 for 4 yards (39-C.Lewis). PENALTY on BUF-58-M.Milano, Defensive Holding, 5 yards, enforced at BUF 39."
2025_17_PHI_BUF,2915.0,run,1.0,0.0,0.0,0.0,00-0034857,,00-0034857,00-0034857,-1.8980934571591206,(2:25) (Shotgun) 17-J.Allen scrambles right tackle to PHI 1 for 2 yards (53-Z.Baun).
2025_17_PHI_BUF,3992.0,run,1.0,0.0,0.0,0.0,00-0034857,,00-0034857,00-0034857,0.15596032838220708,(:33) 17-J.Allen scrambles left tackle to PHI 3 for 6 yards (90-J.Davis).
2025_17_PIT_CLE,1112.0,run,1.0,0.0,0.0,0.0,00-0040668,,00-0040668,00-0040668,0.19262853148393333,(11:08) (Shotgun) 12-S.Sanders scrambles left end to PIT 33 for 11 yards (97-Ca.Heyward).
2025_17_PIT_CLE,1364.0,run,1.0,0.0,0.0,0.0,00-0040668,,00-0040668,00-0040668,-0.2521394381765276,(6:25) 70-Z.Zinter reported in as eligible. 12-S.Sanders scrambles right tackle to CLE 42 for 4 yards (50-M.Harrison).
2025_17_PIT_CLE,1484.0,run,1.0,0.0,0.0,0.0,00-0023459,,00-0023459,00-0023459,-0.15989060944411904,(3:26) (Shotgun) 8-A.Rodgers scrambles up the middle to CLE 22 for 6 yards (33-R.Hickman).
2025_17_PIT_CLE,3308.0,run,1.0,0.0,0.0,0.0,00-0040668,,00-0040668,00-0040668,0.4974126345477998,(4:12) 12-S.Sanders scrambles left end to CLE 19 for 6 yards (5-J.Ramsey).
2025_17_SEA_CAR,136.0,run,1.0,0.0,0.0,0.0,00-0039150,,00-0039150,00-0039150,-1.0444810413755476,(13:54) (Shotgun) 9-B.Young scrambles up the middle to CAR 47 for 3 yards (42-D.Thomas; 13-E.Jones).
2025_17_SEA_CAR,2053.0,run,1.0,0.0,0.0,0.0,00-0039150,,00-0039150,00-0039150,-0.18675043649272993,(:17) (Shotgun) 9-B.Young scrambles up the middle to 50 for 11 yards (21-D.Witherspoon).
2025_17_SEA_CAR,3071.0,run,1.0,0.0,0.0,0.0,00-0039150,,00-0039150,00-0039150,2.5118109395261854,(4:13) (Shotgun) 9-B.Young scrambles left end ran ob at CAR 48 for 8 yards (3-N.Emmanwori).
2025_17_SEA_CAR,3105.0,run,1.0,0.0,0.0,0.0,00-0039150,,00-0039150,00-0039150,-0.5201853702310473,(3:34) 9-B.Young scrambles right end ran ob at CAR 49 for 1 yard (0-D.Lawrence).
2025_17_SEA_CAR,3326.0,run,1.0,0.0,0.0,0.0,00-0039150,,00-0039150,00-0039150,1.8731788463774137,"(13:48) (Shotgun) 9-B.Young scrambles left end for 10 yards, TOUCHDOWN."
2025_17_SEA_CAR,3746.0,run,1.0,0.0,0.0,0.0,00-0034869,,00-0034869,00-0034869,-0.774698932946194,(6:21) (Shotgun) 14-S.Darnold scrambles right end ran ob at CAR 7 for 3 yards (95-D.Brown).
2025_17_TB_MIA,2377.0,run,1.0,0.0,0.0,0.0,00-0034855,,00-0034855,00-0034855,-0.07254759222269058,(11:15) 6-B.Mayfield scrambles left tackle to TB 44 for 3 yards (25-T.Dodson).
2025_17_TB_MIA,2399.0,run,1.0,0.0,0.0,0.0,00-0034855,,00-0034855,00-0034855,0.5993394278921187,(10:29) 6-B.Mayfield scrambles right end ran ob at TB 46 for 2 yards (90-K.Grant).
2025_17_TB_MIA,2518.0,run,1.0,0.0,0.0,0.0,00-0034855,,00-0034855,00-0034855,1.8700130063807592,(7:27) (Shotgun) 6-B.Mayfield scrambles up the middle to MIA 19 for 11 yards (26-R.Douglas).
2025_17_TB_MIA,3798.0,run,1.0,0.0,0.0,0.0,00-0040234,,00-0040234,00-0040234,0.7416028570150957,(3:04) (Shotgun) 14-Q.Ewers scrambles up the middle to TB 45 for 7 yards (43-C.Braswell).
2025_18_ARI_LA,564.0,run,1.0,0.0,0.0,0.0,00-0033119,,00-0033119,00-0033119,0.11501013475935906,(5:04) (Shotgun) 7-J.Brissett scrambles right end ran ob at LA 22 for 7 yards (14-C.Durant).
2025_18_ARI_LA,702.0,run,1.0,0.0,0.0,0.0,00-0026498,,00-0026498,00-0026498,-0.2608190809842199,(3:20) 9-M.Stafford scrambles right end to LA 31 for 3 yards (50-C.Simon).
2025_18_ARI_LA,3964.0,run,1.0,0.0,0.0,0.0,00-0033119,,00-0033119,00-0033119,0.8745847537647933,(4:15) (Shotgun) 7-J.Brissett scrambles right end ran ob at 50 for 15 yards (93-J.Heflin).
2025_18_BAL_PIT,1764.0,run,1.0,0.0,0.0,0.0,00-0023459,,00-0023459,00-0023459,1.8905530885094777,(1:55) (Shotgun) 8-A.Rodgers scrambles left end ran ob at PIT 45 for 20 yards (14-K.Hamilton).
2025_18_CAR_TB,212.0,run,1.0,0.0,0.0,0.0,00-0034855,,00-0034855,00-0034855,0.6649654577486217,(11:05) 6-B.Mayfield scrambles up the middle to CAR 28 for 9 yards (40-K.Barnes; 95-D.Brown).
2025_18_CAR_TB,619.0,run,1.0,0.0,0.0,1.0,00-0034855,,00-0034855,00-0034855,1.6712147671496496,"(3:33) 6-B.Mayfield scrambles right tackle ran ob at CAR 26 for 8 yards (2-M.Jackson). PENALTY on CAR-2-M.Jackson, Taunting, 13 yards, enforced at CAR 26."
2025_18_CAR_TB,1375.0,run,1.0,0.0,0.0,0.0,00-0034855,,00-0034855,00-0034855,1.3952497928403318,(7:12) (Shotgun) 6-B.Mayfield scrambles right end to TB 44 for 11 yards (26-C.Smith-Wade).
2025_18_CAR_TB,2804.0,run,1.0,0.0,0.0,0.0,00-0034855,,00-0034855,00-0034855,-1.1806640868481855,(15:00) (Shotgun) 6-B.Mayfield scrambles left guard to CAR 30 for 3 yards (56-C.Rozeboom).
2025_18_CLE_CIN,2582.0,run,1.0,0.0,0.0,0.0,00-0036442,,00-0036442,00-0036442,0.6458792660851032,(5:27) (Shotgun) 9-J.Burrow scrambles right end to CLE 47 for 8 yards (9-G.Delpit; 30-D.Bush).
2025_18_CLE_CIN,2850.0,run,1.0,0.0,0.0,0.0,00-0040668,,00-0040668,00-0040668,0.8274423836264759,(15:00) 12-S.Sanders scrambles right guard to CLE 40 for 9 yards (27-J.Battle).
2025_18_CLE_CIN,3426.0,run,1.0,0.0,0.0,0.0,00-0040668,,00-0040668,00-0040668,0.46237848547752947,(3:01) (Shotgun) 12-S.Sanders scrambles right end to CLE 18 for 13 yards (99-M.Murphy; 97-S.Stewart).
2025_18_DAL_NYG,884.0,run,1.0,0.0,0.0,0.0,00-0040691,,00-0040691,00-0040691,0.591305956186261,(3:34) 6-J.Dart scrambles right end ran ob at DAL 10 for 13 yards (31-J.Butler).
2025_18_DAL_NYG,1341.0,run,1.0,0.0,0.0,0.0,00-0040691,,00-0040691,00-0040691,-1.3153300872904103,(10:34) (Shotgun) 6-J.Dart scrambles left tackle to DAL 4 for 2 yards (55-L.Wilson).
2025_18_DAL_NYG,2304.0,run,1.0,0.0,0.0,0.0,00-0039398,,00-0039398,00-0039398,-0.023715991294011474,(13:46) (Shotgun) 10-J.Milton scrambles left end to DAL 18 for 12 yards (58-B.Okereke; 22-A.Phillips).
2025_18_DAL_NYG,2352.0,run,1.0,0.0,0.0,1.0,00-0040691,,00-0040691,00-0040691,1.227874119533226,"(12:35) 6-J.Dart scrambles up the middle to NYG 43 for 5 yards (50-S.James). PENALTY on DAL-92-Q.Williams, Unnecessary Roughness, 15 yards, enforced at NYG 43."
2025_18_DAL_NYG,3239.0,run,1.0,0.0,0.0,0.0,00-0039398,,00-0039398,00-0039398,0.22418232396012172,(:06) 10-J.Milton scrambles right end pushed ob at NYG 1 for 3 yards (24-D.Belton).
2025_18_DET_CHI,3334.0,run,1.0,0.0,0.0,0.0,00-0039918,,00-0039918,00-0039918,-0.4986654566600919,(7:08) 18-C.Williams scrambles right end ran ob at DET 11 for 1 yard (55-D.Barnes).
2025_18_GB_MIN,156.0,run,1.0,0.0,0.0,1.0,00-0039923,,00-0039923,00-0039923,-1.7751410651253536,"(12:19) 9-J.McCarthy scrambles right tackle pushed ob at GB 23 for 6 yards (25-K.Nixon). PENALTY on MIN-9-J.McCarthy, Taunting, 15 yards, enforced at GB 23."
2025_18_GB_MIN,2462.0,run,1.0,0.0,0.0,0.0,00-0038582,,00-0038582,00-0038582,1.6368183875456452,(7:08) (Shotgun) 6-C.Tune scrambles right end ran ob at GB 23 for 16 yards (55-E.Wilson).
2025_18_GB_MIN,2577.0,run,1.0,0.0,0.0,0.0,00-0038582,,00-0038582,00-0038582,-0.5718776402063668,(4:07) 6-C.Tune scrambles left end ran ob at MIN 49 for 1 yard (55-E.Wilson; 24-J.Ward).
2025_18_IND_HOU,851.0,run,1.0,0.0,0.0,0.0,00-0040206,,00-0040206,00-0040206,1.919436607742682,(2:46) (Shotgun) 15-R.Leonard scrambles right end ran ob at HOU 39 for 11 yards (24-D.Stingley; 39-H.To'oTo'o).
2025_18_IND_HOU,1171.0,run,1.0,0.0,0.0,0.0,00-0039163,,00-0039163,00-0039163,0.08624345669522882,(12:55) 57-B.Fisher reported in as eligible. 7-C.Stroud scrambles right end pushed ob at IND 24 for 3 yards (29-M.Blackmon).
2025_18_IND_HOU,2930.0,run,1.0,0.0,0.0,0.0,00-0036898,,00-0036898,00-0036898,0.6447657234966755,(10:19) 57-B.Fisher reported in as eligible. 10-D.Mills scrambles up the middle to HOU 41 for 12 yards (44-Z.Franklin). IND-52-S.Ebukam was injured during the play.
2025_18_IND_HOU,4023.0,run,1.0,0.0,0.0,0.0,00-0040206,,00-0040206,00-0040206,1.264720835024491,(7:17) 15-R.Leonard scrambles left end ran ob at HOU 34 for 9 yards (72-T.Togiai).
2025_18_KC_LV,717.0,run,1.0,0.0,0.0,0.0,00-0038102,,00-0038102,00-0038102,1.6390165174379945,"(4:21) (No Huddle, Shotgun) 15-K.Pickett scrambles right tackle to LV 47 for 9 yards (20-N.Williams)."
2025_18_KC_LV,2338.0,run,1.0,0.0,0.0,0.0,00-0038579,,00-0038579,00-0038579,0.15677049686200917,(12:36) (Shotgun) 12-A.O'Connell scrambles up the middle to KC 27 for 7 yards (27-C.Conner).
2025_18_KC_LV,2463.0,run,1.0,0.0,0.0,0.0,00-0036679,,00-0036679,00-0036679,-0.834705842891708,(9:50) (Shotgun) 17-S.Buechele scrambles right end to KC 47 for 4 yards (33-J.Adams).
2025_18_LAC_DEN,217.0,run,1.0,0.0,0.0,0.0,00-0039732,,00-0039732,00-0039732,1.3934120684862137,(12:36) (Shotgun) 10-B.Nix scrambles left end ran ob at DEN 26 for 6 yards (23-T.Jefferson).
2025_18_LAC_DEN,331.0,run,1.0,0.0,0.0,0.0,00-0039732,,00-0039732,00-0039732,1.1449426136678085,(10:35) 10-B.Nix scrambles right end ran ob at LAC 39 for 22 yards (23-T.Jefferson).
2025_18_LAC_DEN,822.0,run,1.0,0.0,0.0,0.0,00-0039732,,00-0039732,00-0039732,-0.579838425386697,(1:55) (Shotgun) 10-B.Nix scrambles left end ran ob at DEN 22 for 2 yards (90-T.Tart).
2025_18_LAC_DEN,856.0,run,1.0,0.0,0.0,0.0,00-0039732,,00-0039732,00-0039732,-0.2520276471041143,(1:12) (Shotgun) 10-B.Nix scrambles up the middle to DEN 25 for 3 yards (23-T.Jefferson). DEN-54-A.Forsyth was injured during the play.
2025_18_LAC_DEN,1450.0,run,1.0,0.0,0.0,0.0,00-0039732,,00-0039732,00-0039732,1.4312130820471793,(5:47) (Shotgun) 10-B.Nix scrambles left end ran ob at DEN 31 for 11 yards (91-D.Hand).
2025_18_LAC_DEN,1611.0,run,1.0,0.0,0.0,0.0,00-0037012,,00-0037012,00-0037012,0.6939085667254403,(2:56) (Shotgun) 5-T.Lance scrambles left end pushed ob at LAC 48 for 11 yards (23-J.Barron).
2025_18_LAC_DEN,2335.0,run,1.0,0.0,0.0,0.0,00-0039732,,00-0039732,00-0039732,0.32358753378503025,(13:11) (Shotgun) 10-B.Nix scrambles up the middle to DEN 47 for 7 yards (58-M.Wax).
2025_18_LAC_DEN,2557.0,run,1.0,0.0,0.0,0.0,00-0037012,,00-0037012,00-0037012,-0.44467692030593753,(9:18) (Shotgun) 5-T.Lance scrambles right end ran ob at LAC 36 for 2 yards (29-J.McMillian; 93-D.Jones).
2025_18_LAC_DEN,3416.0,run,1.0,0.0,0.0,0.0,00-0037012,,00-0037012,00-0037012,3.036675983807072,(10:36) (Shotgun) 5-T.Lance scrambles left end ran ob at DEN 45 for 22 yards (26-D.Key).
2025_18_LAC_DEN,3499.0,run,1.0,0.0,0.0,0.0,00-0037012,,00-0037012,00-0037012,-0.5684068910777569,(8:48) (Shotgun) 5-T.Lance scrambles left end pushed ob at DEN 42 for 10 yards (49-A.Singleton).
2025_18_LAC_DEN,3903.0,run,1.0,0.0,0.0,0.0,00-0037012,,00-0037012,00-0037012,2.1102375629125163,(2:00) (Shotgun) 5-T.Lance scrambles left end ran ob at DEN 44 for 15 yards (31-K.Abrams-Draine).
2025_18_MIA_NE,177.0,run,1.0,0.0,0.0,0.0,00-0040234,,00-0040234,00-0040234,0.9149772927630693,(13:14) 14-Q.Ewers scrambles left end ran ob at MIA 44 for 9 yards (48-J.Tavai).
2025_18_MIA_NE,580.0,run,1.0,0.0,0.0,0.0,00-0039851,,00-0039851,00-0039851,1.66324897762388,(3:26) (Shotgun) 10-D.Maye scrambles right end ran ob at NE 37 for 7 yards (20-J.Brooks).
2025_18_MIA_NE,1299.0,run,1.0,0.0,0.0,0.0,00-0039851,,00-0039851,00-0039851,0.3089370313100517,(6:55) (Shotgun) 10-D.Maye scrambles right guard to NE 39 for 6 yards (20-J.Brooks; 25-T.Dodson).
2025_18_MIA_NE,1930.0,run,1.0,0.0,0.0,0.0,00-0039851,,00-0039851,00-0039851,0.46251634875079617,(:19) (Shotgun) 10-D.Maye scrambles up the middle ran ob at MIA 41 for 14 yards (26-R.Douglas).
2025_18_MIA_NE,2321.0,run,1.0,0.0,0.0,0.0,00-0039851,,00-0039851,00-0039851,0.4110423589590937,(10:18) (Shotgun) 10-D.Maye scrambles left tackle to MIA 42 for 6 yards (92-Z.Sieler).
2025_18_MIA_NE,2991.0,run,1.0,0.0,0.0,0.0,00-0039851,,00-0039851,00-0039851,1.8722581820329651,(13:29) (Shotgun) 10-D.Maye scrambles up the middle to MIA 2 for 8 yards (25-T.Dodson; 11-D.Trader).
2025_18_MIA_NE,3481.0,run,1.0,0.0,0.0,0.0,00-0033949,,00-0033949,00-0033949,-1.0036840117536485,"(6:18) 11-J.Dobbs scrambles right end ran ob at NE 40 for 2 yards (56-Q.Bell; 40-W.Gay). New England challenged the short of the line to gain ruling, and the play was Upheld. The ruling on the field stands. (Timeout #1.)"
2025_18_NO_ATL,1745.0,run,1.0,0.0,0.0,0.0,00-0040743,,00-0040743,00-0040743,1.1518426575057674,"(4:38) 66-W.Sherman reported in as eligible. 6-T.Shough scrambles right end for 1 yard, TOUCHDOWN."
2025_18_NO_ATL,2182.0,run,1.0,0.0,0.0,0.0,00-0029604,,00-0029604,00-0029604,-0.1931256263051182,(:29) (Shotgun) 18-K.Cousins scrambles up the middle to ATL 32 for 2 yards (99-C.Young).
2025_18_NO_ATL,3895.0,run,1.0,0.0,0.0,0.0,00-0040743,,00-0040743,00-0040743,1.6118947536451742,(4:40) (Shotgun) 6-T.Shough scrambles right tackle to ATL 23 for 29 yards (39-C.Henderson).
2025_18_NO_ATL,4151.0,run,1.0,0.0,0.0,0.0,00-0040743,,00-0040743,00-0040743,-0.3260681168176234,(2:49) (Shotgun) 6-T.Shough scrambles right tackle ran ob at NO 39 for 4 yards (55-K.Elliss; 24-A.Terrell).
2025_18_NYJ_BUF,1262.0,run,1.0,0.0,0.0,0.0,00-0040398,,00-0040398,00-0040398,0.1022723289206624,(9:46) 4-B.Cook scrambles right end to NYJ 47 for 5 yards (49-K.Jenkins).
2025_18_NYJ_BUF,2134.0,run,1.0,0.0,0.0,0.0,00-0033869,,00-0033869,00-0033869,0.6158002211013809,(12:05) 11-M.Trubisky scrambles right end to NYJ 31 for 9 yards (11-J.Johnson).
2025_18_SEA_SF,1154.0,run,1.0,0.0,0.0,0.0,00-0037834,,00-0037834,00-0037834,0.27359891729429364,(10:27) (Shotgun) 13-B.Purdy scrambles right tackle pushed ob at SEA 39 for 10 yards (39-T.Okada).
2025_18_SEA_SF,1287.0,run,1.0,0.0,0.0,0.0,00-0034869,,00-0034869,00-0034869,1.0051307777757756,(7:31) (Shotgun) 14-S.Darnold scrambles right tackle to SF 31 for 5 yards (48-T.Bethune). SF-53-D.Winters was injured during the play.
2025_18_SEA_SF,2754.0,run,1.0,0.0,0.0,0.0,00-0037834,,00-0037834,00-0037834,0.64671117416583,(13:35) (Shotgun) 13-B.Purdy scrambles left end to SEA 39 for 11 yards (13-E.Jones).
2025_18_SEA_SF,2981.0,run,1.0,0.0,0.0,0.0,00-0034869,,00-0034869,00-0034869,0.5562674007378519,(8:26) (Shotgun) 14-S.Darnold scrambles right end to SEA 25 for 6 yards (25-J.Pinnock).
2025_18_TEN_JAX,208.0,run,1.0,0.0,0.0,0.0,00-0040676,,00-0040676,00-0040676,-0.3074633579235524,(12:52) (Shotgun) 1-C.Ward scrambles up the middle to TEN 47 for 4 yards (30-M.Brown).
2025_18_TEN_JAX,2265.0,run,1.0,0.0,0.0,0.0,00-0036971,,00-0036971,00-0036971,1.9240644515957683,(12:07) (Shotgun) 16-T.Lawrence scrambles up the middle to JAX 45 for 10 yards (41-E.Hallett).
2025_18_TEN_JAX,2641.0,run,1.0,0.0,0.0,0.0,00-0036971,,00-0036971,00-0036971,-0.5339326502289623,(5:29) (No Huddle) 16-T.Lawrence scrambles right end to JAX 37 for 1 yard (53-J.Ward).
2025_18_WAS_PHI,268.0,run,1.0,0.0,0.0,0.0,00-0026300,,00-0026300,00-0026300,-0.3667402034625411,(10:58) (Shotgun) 14-J.Johnson scrambles up the middle to WAS 36 for 3 yards (54-J.Trotter).
2025_18_WAS_PHI,569.0,run,1.0,0.0,0.0,0.0,00-0026300,,00-0026300,00-0026300,1.1104889488779008,(4:41) (Shotgun) 14-J.Johnson scrambles right guard to PHI 11 for 13 yards (30-J.Campbell).
2025_18_WAS_PHI,688.0,run,1.0,0.0,0.0,0.0,00-0038400,,00-0038400,00-0038400,-0.5702181658707559,(2:33) 16-T.McKee scrambles up the middle to PHI 22 for 2 yards (94-D.Payne).
2025_18_WAS_PHI,769.0,run,1.0,0.0,0.0,0.0,00-0038400,,00-0038400,00-0038400,-0.3912662675138563,"(1:01) (No Huddle, Shotgun) 16-T.McKee scrambles right guard to PHI 40 for 1 yard (99-J.Kinlaw)."
2025_18_WAS_PHI,1802.0,run,1.0,0.0,0.0,0.0,00-0026300,,00-0026300,00-0026300,0.07274572941241786,(:23) (Shotgun) 14-J.Johnson scrambles right tackle to PHI 38 for 11 yards (54-J.Trotter; 30-J.Campbell).
2025_18_WAS_PHI,3086.0,run,1.0,0.0,0.0,0.0,00-0026300,,00-0026300,00-0026300,0.7489387256791815,(13:31) (Shotgun) 14-J.Johnson scrambles right tackle to PHI 34 for 9 yards (30-J.Campbell).
2025_18_WAS_PHI,3628.0,run,1.0,0.0,0.0,0.0,00-0026300,,00-0026300,00-0026300,1.9984089325298555,(4:51) (Shotgun) 14-J.Johnson scrambles left end to PHI 4 for 7 yards (7-K.Ringo).
2025_18_WAS_PHI,3718.0,run,1.0,0.0,0.0,0.0,00-0026300,,00-0026300,00-0026300,1.3376145444926806,"(2:37) 73-T.Scott reported in as eligible. 14-J.Johnson scrambles left end for 1 yard, TOUCHDOWN."
